pdb_id,asym_id,chain_id,length,model_id,filename,is_membrane_env,Deposited Model Count
2NOU,A,A,10,0,2NOU.cif.gz,False,20
6B9K,A,A,10,0,6B9K.cif.gz,False,20
1KUW,A,A,10,0,1KUW.cif.gz,False,39
1N6T,A,A,10,0,1N6T.cif.gz,False,20
2MZX,A,A,10,0,2MZX.cif.gz,False,11
2MQ5,A,A,10,0,2MQ5.cif.gz,False,20
2JTA,A,A,10,0,2JTA.cif.gz,False,20
1N9U,A,A,10,0,1N9U.cif.gz,False,21
2MD2,A,A,10,0,2MD2.cif.gz,False,10
1TOR,A,A,10,0,1TOR.cif.gz,False,5
1TOS,A,A,10,0,1TOS.cif.gz,False,3
1HFF,A,A,10,0,1HFF.cif.gz,False,55
2L7T,A,A,11,0,2L7T.cif.gz,False,10
2MQ4,A,A,11,0,2MQ4.cif.gz,False,20
1GM2,A,A,11,0,1GM2.cif.gz,False,30
2LER,A,A,11,0,2LER.cif.gz,False,20
1FUL,A,A,11,0,1FUL.cif.gz,False,19
6RRO,A,A,11,0,6RRO.cif.gz,False,20
1Y5C,A,A,11,0,1Y5C.cif.gz,False,20
6RSM,A,A,11,0,6RSM.cif.gz,False,20
1LVZ,A,A,11,0,1LVZ.cif.gz,False,20
1QWP,A,A,11,0,1QWP.cif.gz,False,20
1AQG,A,A,11,0,1AQG.cif.gz,False,20
1L3Q,A,A,12,0,1L3Q.cif.gz,False,1
2BC7,A,A,12,0,2BC7.cif.gz,False,20
2BC8,A,A,12,0,2BC8.cif.gz,False,20
6FGM,A,A,12,0,6FGM.cif.gz,False,20
1IXU,A,A,12,0,1IXU.cif.gz,False,1
2MIE,A,A,12,0,2MIE.cif.gz,False,10
1IM1,A,A,12,0,1IM1.cif.gz,False,20
2MD4,A,A,12,0,2MD4.cif.gz,False,10
5Z5W,A,A,12,0,5Z5W.cif.gz,False,20
1KZ5,A,A,12,0,1KZ5.cif.gz,False,16
2MID,A,A,12,0,2MID.cif.gz,False,10
2MIG,A,A,12,0,2MIG.cif.gz,False,10
2LWS,A,A,12,0,2LWS.cif.gz,False,20
1MYU,A,A,12,0,1MYU.cif.gz,False,20
2FBU,A,H,12,0,2FBU.cif.gz,False,5
2MIF,A,A,12,0,2MIF.cif.gz,False,10
2IFJ,A,A,12,0,2IFJ.cif.gz,False,16
2JN5,A,A,12,0,2JN5.cif.gz,False,10
1MF6,A,A,12,0,1MF6.cif.gz,False,15
6RRL,A,A,12,0,6RRL.cif.gz,False,20
1RSW,A,A,12,0,1RSW.cif.gz,False,11
2N5R,A,A,12,0,2N5R.cif.gz,False,21
2LNE,A,A,13,0,2LNE.cif.gz,False,40
1GNA,A,A,13,0,1GNA.cif.gz,False,20
2LM8,A,A,13,0,2LM8.cif.gz,False,20
1D6X,A,A,13,0,1D6X.cif.gz,False,19
6A5J,A,A,13,0,6A5J.cif.gz,False,20
1LB0,A,A,13,0,1LB0.cif.gz,False,1
2JUQ,A,A,13,0,2JUQ.cif.gz,False,20
6GIL,A,A,13,0,6GIL.cif.gz,False,20
2NDM,A,A,13,0,2NDM.cif.gz,False,20
6OQP,A,A,13,0,6OQP.cif.gz,False,20
1S4H,A,A,13,0,1S4H.cif.gz,False,20
6QAX,A,A,13,0,6QAX.cif.gz,False,40
6QB0,A,A,13,0,6QB0.cif.gz,False,40
6QB1,A,A,13,0,6QB1.cif.gz,False,40
2FXZ,A,A,13,0,2FXZ.cif.gz,False,15
2NS4,A,A,14,0,2NS4.cif.gz,False,20
6CIX,A,B,14,0,6CIX.cif.gz,False,20
2MQ2,A,A,14,0,2MQ2.cif.gz,False,20
1NIZ,A,A,14,0,1NIZ.cif.gz,False,1
6CEJ,A,A,14,0,6CEJ.cif.gz,False,20
1JBN,A,A,14,0,1JBN.cif.gz,False,20
6NOX,A,A,14,0,6NOX.cif.gz,False,20
2MFV,A,A,14,0,2MFV.cif.gz,False,15
2MIH,A,A,14,0,2MIH.cif.gz,False,10
2LMB,A,A,15,0,2LMB.cif.gz,False,20
1R8T,A,A,15,0,1R8T.cif.gz,False,30
5NVB,A,A,15,0,5NVB.cif.gz,False,20
1ID6,A,A,15,0,1ID6.cif.gz,False,11
6BX9,A,A,15,0,6BX9.cif.gz,False,20
5EFM,A,A,15,0,5EFM.cif.gz,False,1
2LWU,A,A,15,0,2LWU.cif.gz,False,20
2N5C,A,A,15,0,2N5C.cif.gz,False,15
2JRV,A,A,15,0,2JRV.cif.gz,False,20
2XL1,A,A,15,0,2XL1.cif.gz,False,20
1KMR,A,A,15,0,1KMR.cif.gz,False,17
1O53,A,A,15,0,1O53.cif.gz,False,20
2LWQ,A,A,16,0,2LWQ.cif.gz,False,20
6MBM,A,A,16,0,6MBM.cif.gz,False,10
2MLQ,A,A,16,0,2MLQ.cif.gz,False,20
1RG3,A,A,16,0,1RG3.cif.gz,False,10
2IV4,A,A,16,0,2IV4.cif.gz,False,30
1KWD,A,A,16,0,1KWD.cif.gz,False,16
1KZ2,A,A,16,0,1KZ2.cif.gz,False,39
2MWL,A,A,16,0,2MWL.cif.gz,False,20
2N0X,A,A,16,0,2N0X.cif.gz,False,20
2BP4,A,A,16,0,2BP4.cif.gz,False,20
1UYA,A,A,16,0,1UYA.cif.gz,False,10
1KZ0,A,A,16,0,1KZ0.cif.gz,False,26
1MA4,A,A,17,0,1MA4.cif.gz,False,31
1EDP,A,A,17,0,1EDP.cif.gz,False,1
6COQ,A,A,17,0,6COQ.cif.gz,False,20
5XM4,A,A,17,0,5XM4.cif.gz,False,15
2LWV,A,A,17,0,2LWV.cif.gz,False,20
1MA2,A,A,17,0,1MA2.cif.gz,False,31
1V4Z,A,A,17,0,1V4Z.cif.gz,False,1
2LX4,A,A,17,0,2LX4.cif.gz,False,10
5JPL,A,A,17,0,5JPL.cif.gz,False,20
1EGT,A,A,17,0,1EGT.cif.gz,False,3
5V4C,A,A,17,0,5V4C.cif.gz,False,30
6COR,A,A,17,0,6COR.cif.gz,False,20
2B0Y,A,A,17,0,2B0Y.cif.gz,False,20
2P5J,A,A,17,0,2P5J.cif.gz,False,20
2JQW,A,A,17,0,2JQW.cif.gz,False,20
6COP,A,A,17,0,6COP.cif.gz,False,20
2OVN,A,A,17,0,2OVN.cif.gz,False,20
2A1C,A,A,17,0,2A1C.cif.gz,False,20
5GVO,A,A,18,0,5GVO.cif.gz,False,15
1HU5,A,A,18,0,1HU5.cif.gz,False,20
5UI6,A,A,18,0,5UI6.cif.gz,False,10
1HVZ,A,A,18,0,1HVZ.cif.gz,False,20
1EQX,A,A,18,0,1EQX.cif.gz,False,24
2L07,A,A,18,0,2L07.cif.gz,False,20
5OQZ,A,A,18,0,5OQZ.cif.gz,False,1
1B03,A,A,18,0,1B03.cif.gz,False,35
2MD6,A,A,18,0,2MD6.cif.gz,False,15
5Z26,A,A,18,0,5Z26.cif.gz,False,20
5OAP,A,A,18,0,5OAP.cif.gz,False,20
2LX5,A,A,18,0,2LX5.cif.gz,False,20
2M2Y,A,A,18,0,2M2Y.cif.gz,False,20
2RLG,A,A,18,0,2RLG.cif.gz,False,10
5YKK,A,A,18,0,5YKK.cif.gz,False,20
2NDE,A,A,18,0,2NDE.cif.gz,False,10
1PEF,A,A,18,0,1PEF.cif.gz,False,1
2LWT,A,A,18,0,2LWT.cif.gz,False,20
2RRS,A,A,18,0,2RRS.cif.gz,False,20
2MLJ,A,A,18,0,2MLJ.cif.gz,False,15
2FXY,A,A,18,0,2FXY.cif.gz,False,15
5TJ1,A,A,19,0,5TJ1.cif.gz,False,20
6CSK,A,A,19,0,6CSK.cif.gz,False,10
6CSZ,A,A,19,0,6CSZ.cif.gz,False,10
6CT1,A,A,19,0,6CT1.cif.gz,False,10
6MW6,A,A,19,0,6MW6.cif.gz,False,20
3NJW,A,A,19,0,3NJW.cif.gz,False,1
5UI7,A,A,19,0,5UI7.cif.gz,False,10
6CT4,A,A,19,0,6CT4.cif.gz,False,10
2GOF,A,A,19,0,2GOF.cif.gz,False,21
5KI0,A,A,19,0,5KI0.cif.gz,False,10
1TMR,A,A,19,0,1TMR.cif.gz,False,10
2CEH,A,A,19,0,2CEH.cif.gz,False,10
2LX6,A,A,19,0,2LX6.cif.gz,False,15
2CSA,A,A,19,0,2CSA.cif.gz,False,10
1BRV,A,A,19,0,1BRV.cif.gz,False,48
2ESX,A,A,19,0,2ESX.cif.gz,False,1
2M37,A,A,19,0,2M37.cif.gz,False,20
2MSU,A,A,20,0,2MSU.cif.gz,False,19
2M5L,A,A,20,0,2M5L.cif.gz,False,28
2AP7,A,A,20,0,2AP7.cif.gz,False,20
2LWB,A,A,20,0,2LWB.cif.gz,False,18
2MU8,A,A,20,0,2MU8.cif.gz,False,1
2MU6,A,A,20,0,2MU6.cif.gz,False,1
2MTY,A,A,20,0,2MTY.cif.gz,False,1
2N9C,A,A,20,0,2N9C.cif.gz,False,25
2L6S,A,A,20,0,2L6S.cif.gz,False,14
1DU1,A,A,20,0,1DU1.cif.gz,False,1
1L1K,A,A,20,0,1L1K.cif.gz,False,10
2MTW,A,A,20,0,2MTW.cif.gz,False,1
1SOL,A,A,20,0,1SOL.cif.gz,False,1
2LS1,A,A,20,0,2LS1.cif.gz,False,20
1ODP,A,A,20,0,1ODP.cif.gz,False,5
1DPK,A,A,20,0,1DPK.cif.gz,False,16
2N6U,A,A,20,0,2N6U.cif.gz,False,20
2MUF,A,A,20,0,2MUF.cif.gz,False,1
2MU7,A,A,20,0,2MU7.cif.gz,False,1
1HO7,A,A,20,0,1HO7.cif.gz,False,1
2MU9,A,A,20,0,2MU9.cif.gz,False,21
5XIV,A,A,20,0,5XIV.cif.gz,False,20
2MUE,A,A,20,0,2MUE.cif.gz,False,1
1IBO,A,A,20,0,1IBO.cif.gz,False,20
2N16,A,A,20,0,2N16.cif.gz,False,10
1M4E,A,A,20,0,1M4E.cif.gz,False,20
2N6M,A,A,21,0,2N6M.cif.gz,False,20
2MW3,A,A,21,0,2MW3.cif.gz,False,15
1PP5,A,A,21,0,1PP5.cif.gz,False,10
1BYY,A,A,21,0,1BYY.cif.gz,False,10
2L5I,A,A,21,0,2L5I.cif.gz,False,8
5ZCN,A,A,21,0,5ZCN.cif.gz,False,15
5V0Y,A,A,21,0,5V0Y.cif.gz,False,20
5Z1Y,A,A,21,0,5Z1Y.cif.gz,False,20
2MUJ,A,A,21,0,2MUJ.cif.gz,False,13
2MUA,A,A,21,0,2MUA.cif.gz,False,1
5M9U,A,A,21,0,5M9U.cif.gz,False,20
1V6R,A,A,21,0,1V6R.cif.gz,False,20
1S4T,A,A,21,0,1S4T.cif.gz,False,20
1RPB,A,A,21,0,1RPB.cif.gz,False,1
2NCU,A,A,21,0,2NCU.cif.gz,False,20
2MIX,A,A,21,0,2MIX.cif.gz,False,10
1EMZ,A,A,21,0,1EMZ.cif.gz,False,1
5XO3,A,A,21,0,5XO3.cif.gz,False,20
2N31,A,A,22,0,2N31.cif.gz,False,20
2LJ9,A,A,22,0,2LJ9.cif.gz,False,20
5KKM,A,A,22,0,5KKM.cif.gz,False,20
2M0H,A,A,22,0,2M0H.cif.gz,False,10
1SUT,A,A,22,0,1SUT.cif.gz,False,10
1SX0,A,A,22,0,1SX0.cif.gz,False,20
2LLR,A,A,22,0,2LLR.cif.gz,False,10
5Y22,A,A,22,0,5Y22.cif.gz,False,20
2M3F,A,A,22,0,2M3F.cif.gz,False,10
2BBL,A,A,22,0,2BBL.cif.gz,False,10
4TTL,A,A,22,0,4TTL.cif.gz,False,1
2LMA,A,A,22,0,2LMA.cif.gz,False,40
2JOS,A,A,22,0,2JOS.cif.gz,False,10
6GQC,A,A,22,0,6GQC.cif.gz,False,1
1CFG,A,A,22,0,1CFG.cif.gz,False,20
3JQH,A,A,23,0,3JQH.cif.gz,False,1
1WQE,A,A,23,0,1WQE.cif.gz,False,30
2M0W,A,A,23,0,2M0W.cif.gz,False,20
2IV6,A,A,23,0,2IV6.cif.gz,False,30
2JRW,A,A,23,0,2JRW.cif.gz,False,16
1WZ4,A,A,23,0,1WZ4.cif.gz,False,20
1MEQ,A,A,23,0,1MEQ.cif.gz,False,1
1KDL,A,A,23,0,1KDL.cif.gz,False,1
2NR1,A,A,23,0,2NR1.cif.gz,True,10
1JLZ,A,A,23,0,1JLZ.cif.gz,False,15
1B1V,A,A,23,0,1B1V.cif.gz,False,30
1VDA,A,A,23,0,1VDA.cif.gz,False,15
1VD8,A,A,23,0,1VD8.cif.gz,False,15
2LSA,A,A,23,0,2LSA.cif.gz,False,10
1OEG,A,A,23,0,1OEG.cif.gz,False,5
2LMF,A,A,23,0,2LMF.cif.gz,False,20
2LTI,A,A,23,0,2LTI.cif.gz,False,20
1VD7,A,A,23,0,1VD7.cif.gz,False,15
2LS4,A,A,24,0,2LS4.cif.gz,True,20
2OQ9,A,A,24,0,2OQ9.cif.gz,False,10
2LK9,A,A,24,0,2LK9.cif.gz,False,1
2K98,A,A,24,0,2K98.cif.gz,False,20
2NCX,A,A,24,0,2NCX.cif.gz,False,20
1Y32,A,A,24,0,1Y32.cif.gz,False,14
2LDF,A,A,24,0,2LDF.cif.gz,False,10
1ORX,A,A,24,0,1ORX.cif.gz,False,20
2PJV,A,A,24,0,2PJV.cif.gz,False,38
2KGN,A,A,24,0,2KGN.cif.gz,False,20
2MDL,A,A,24,0,2MDL.cif.gz,False,20
6ATS,A,A,24,0,6ATS.cif.gz,False,1
1SP7,A,A,24,0,1SP7.cif.gz,False,10
2M8F,A,A,24,0,2M8F.cif.gz,False,20
2KFE,A,A,24,0,2KFE.cif.gz,False,20
1OEI,A,A,24,0,1OEI.cif.gz,False,20
5UJG,A,A,24,0,5UJG.cif.gz,False,20
6G4I,A,A,24,0,6G4I.cif.gz,False,20
2LKQ,A,A,24,0,2LKQ.cif.gz,False,20
1OIG,A,A,24,0,1OIG.cif.gz,False,22
2FCG,A,F,25,0,2FCG.cif.gz,False,20
1G92,A,A,25,0,1G92.cif.gz,False,10
2LSQ,A,A,25,0,2LSQ.cif.gz,False,20
2M73,A,A,25,0,2M73.cif.gz,False,1
3MRA,A,A,25,0,3MRA.cif.gz,True,15
1FDF,A,A,25,0,1FDF.cif.gz,True,1
2LS2,A,A,25,0,2LS2.cif.gz,True,20
1MP6,A,A,25,0,1MP6.cif.gz,True,1
1HVW,A,A,25,0,1HVW.cif.gz,False,20
2JTW,A,A,25,0,2JTW.cif.gz,True,16
1T2Y,A,A,25,0,1T2Y.cif.gz,False,1
1A11,A,A,25,0,1A11.cif.gz,True,10
2LDE,A,A,25,0,2LDE.cif.gz,False,10
2LS9,A,A,25,0,2LS9.cif.gz,False,10
2RPW,A,X,25,0,2RPW.cif.gz,False,20
1ZRV,A,A,25,0,1ZRV.cif.gz,False,10
5VFW,A,A,25,0,5VFW.cif.gz,False,20
1P82,A,A,25,0,1P82.cif.gz,False,20
2KHF,A,A,25,0,2KHF.cif.gz,False,20
1CKW,A,A,25,0,1CKW.cif.gz,False,13
2HM3,A,A,25,0,2HM3.cif.gz,False,10
2NVJ,A,A,25,0,2NVJ.cif.gz,False,20
5W54,A,A,25,0,5W54.cif.gz,False,20
2KEF,A,A,25,0,2KEF.cif.gz,False,20
1CZ6,A,A,25,0,1CZ6.cif.gz,False,20
6R2X,A,A,25,0,6R2X.cif.gz,False,15
1WQC,A,A,26,0,1WQC.cif.gz,False,30
1G04,A,A,26,0,1G04.cif.gz,False,21
2M1A,A,A,26,0,2M1A.cif.gz,False,20
2MVL,A,A,26,0,2MVL.cif.gz,False,20
2MVJ,A,A,26,0,2MVJ.cif.gz,False,10
6GO0,A,A,26,0,6GO0.cif.gz,False,20
1YTR,A,A,26,0,1YTR.cif.gz,False,20
2M7E,A,A,26,0,2M7E.cif.gz,False,20
2DTB,A,A,26,0,2DTB.cif.gz,False,9
2LL2,A,A,26,0,2LL2.cif.gz,False,10
1H7J,A,A,26,0,1H7J.cif.gz,False,15
1FEO,A,A,26,0,1FEO.cif.gz,False,20
1OSX,A,A,26,0,1OSX.cif.gz,False,20
6DST,A,A,26,0,6DST.cif.gz,False,20
1HZ3,A,A,26,0,1HZ3.cif.gz,False,15
2KPA,A,A,26,0,2KPA.cif.gz,False,12
1EDW,A,A,26,0,1EDW.cif.gz,False,1
1YYB,A,A,26,0,1YYB.cif.gz,False,20
6EFE,A,A,27,0,6EFE.cif.gz,False,18
1BY0,A,A,27,0,1BY0.cif.gz,False,20
2LBG,A,A,27,0,2LBG.cif.gz,True,20
2LIF,A,A,27,0,2LIF.cif.gz,True,27
1SMZ,A,A,27,0,1SMZ.cif.gz,False,25
1E0N,A,A,27,0,1E0N.cif.gz,False,10
1D5Q,A,A,27,0,1D5Q.cif.gz,False,1
2MVA,A,A,27,0,2MVA.cif.gz,False,10
2NX6,A,A,27,0,2NX6.cif.gz,False,10
5GSF,A,A,27,0,5GSF.cif.gz,False,20
2LIX,A,A,27,0,2LIX.cif.gz,False,20
6GNZ,A,A,27,0,6GNZ.cif.gz,False,20
6NW8,A,A,27,0,6NW8.cif.gz,False,10
4NCU,A,A,27,0,4NCU.cif.gz,False,1
2L0L,A,A,27,0,2L0L.cif.gz,False,20
1ANS,A,A,27,0,1ANS.cif.gz,False,28
2MBD,A,A,27,0,2MBD.cif.gz,False,48
1MOT,A,A,28,0,1MOT.cif.gz,True,20
2MG2,A,A,28,0,2MG2.cif.gz,True,20
1DSK,A,A,28,0,1DSK.cif.gz,False,20
2K59,A,B,28,0,2K59.cif.gz,True,20
2MG3,A,A,28,0,2MG3.cif.gz,False,20
5WXE,A,A,28,0,5WXE.cif.gz,False,20
1AMC,A,A,28,0,1AMC.cif.gz,False,5
2EQQ,A,A,28,0,2EQQ.cif.gz,False,20
6POR,A,A,28,0,6POR.cif.gz,False,20
1DU9,A,A,28,0,1DU9.cif.gz,False,25
2MWD,A,A,28,0,2MWD.cif.gz,False,17
1V5A,A,A,28,0,1V5A.cif.gz,False,15
2NX7,A,A,28,0,2NX7.cif.gz,False,10
5LM0,A,A,28,0,5LM0.cif.gz,False,10
2KVX,A,A,28,0,2KVX.cif.gz,False,20
2NAT,A,A,28,0,2NAT.cif.gz,False,20
1YWJ,A,A,28,0,1YWJ.cif.gz,False,15
2AJJ,A,A,28,0,2AJJ.cif.gz,False,31
2M8M,A,A,28,0,2M8M.cif.gz,False,20
5N5B,A,A,28,0,5N5B.cif.gz,False,20
2K8J,A,X,29,0,2K8J.cif.gz,True,30
2LS3,A,A,29,0,2LS3.cif.gz,True,20
2MDU,A,A,29,0,2MDU.cif.gz,False,22
6Q5Z,A,A,29,0,6Q5Z.cif.gz,False,20
2LR7,A,A,29,0,2LR7.cif.gz,False,20
1JJZ,A,A,29,0,1JJZ.cif.gz,False,20
1P9I,A,A,29,0,1P9I.cif.gz,False,1
1KAL,A,A,29,0,1KAL.cif.gz,False,10
1CTI,A,A,29,0,1CTI.cif.gz,False,1
2MSF,A,A,29,0,2MSF.cif.gz,False,15
2RRI,A,A,29,0,2RRI.cif.gz,False,20
2LZO,A,A,29,0,2LZO.cif.gz,False,20
1ACW,A,A,29,0,1ACW.cif.gz,False,25
5WCV,A,A,29,0,5WCV.cif.gz,False,20
3E4H,A,A,29,0,3E4H.cif.gz,False,1
2LUR,A,A,29,0,2LUR.cif.gz,False,20
2RTZ,A,A,29,0,2RTZ.cif.gz,False,20
6GIG,A,A,30,0,6GIG.cif.gz,True,10
1SKH,A,A,30,0,1SKH.cif.gz,True,22
2RQ2,A,A,30,0,2RQ2.cif.gz,True,20
2M7X,A,A,30,0,2M7X.cif.gz,True,25
1Z65,A,A,30,0,1Z65.cif.gz,True,22
2N1P,A,A,30,0,2N1P.cif.gz,True,41
1ZTN,A,A,30,0,1ZTN.cif.gz,False,8
2OVC,A,A,30,0,2OVC.cif.gz,False,1
2MLU,A,A,30,0,2MLU.cif.gz,False,20
2MI9,A,A,30,0,2MI9.cif.gz,False,20
1BH4,A,A,30,0,1BH4.cif.gz,False,12
2RTY,A,A,30,0,2RTY.cif.gz,False,20
1D0R,A,A,30,0,1D0R.cif.gz,False,20
2L0N,A,A,30,0,2L0N.cif.gz,False,20
2MSO,A,A,30,0,2MSO.cif.gz,False,20
4B19,A,A,30,0,4B19.cif.gz,False,5
2KJM,A,A,30,0,2KJM.cif.gz,False,20
2K84,A,A,30,0,2K84.cif.gz,False,20
1ZR7,A,A,30,0,1ZR7.cif.gz,False,20
1EMX,A,A,30,0,1EMX.cif.gz,False,26
4BFH,A,A,30,0,4BFH.cif.gz,False,1
2N58,A,A,30,0,2N58.cif.gz,False,20
1ZUV,A,A,30,0,1ZUV.cif.gz,False,24
3E8Y,A,X,30,0,3E8Y.cif.gz,False,1
2LI3,A,A,30,0,2LI3.cif.gz,False,20
6GIF,A,A,30,0,6GIF.cif.gz,False,10
1HO0,A,A,30,0,1HO0.cif.gz,False,21
1JDM,A,A,31,0,1JDM.cif.gz,True,16
1BL1,A,A,31,0,1BL1.cif.gz,True,1
1G26,A,A,31,0,1G26.cif.gz,False,10
1FVY,A,A,31,0,1FVY.cif.gz,False,20
6FS4,A,A,31,0,6FS4.cif.gz,False,20
1PNH,A,A,31,0,1PNH.cif.gz,False,25
1R7C,A,A,31,0,1R7C.cif.gz,False,1
6CFB,A,A,31,0,6CFB.cif.gz,False,20
6F61,A,A,31,0,6F61.cif.gz,False,20
1EDS,A,A,31,0,1EDS.cif.gz,False,1
1RJI,A,A,31,0,1RJI.cif.gz,False,21
1PVZ,A,A,31,0,1PVZ.cif.gz,False,15
2WQ0,A,A,31,0,2WQ0.cif.gz,False,1
1K0P,A,A,31,0,1K0P.cif.gz,False,15
1T0C,A,A,31,0,1T0C.cif.gz,False,30
1AIE,A,A,31,0,1AIE.cif.gz,False,1
2AB9,A,A,31,0,2AB9.cif.gz,False,20
2B38,A,A,31,0,2B38.cif.gz,False,20
1BMX,A,A,31,0,1BMX.cif.gz,False,8
2CK5,A,A,31,0,2CK5.cif.gz,False,20
2GDL,A,A,31,0,2GDL.cif.gz,False,9
2KEG,A,A,32,0,2KEG.cif.gz,False,20
6F46,A,A,32,0,6F46.cif.gz,True,20
1WQB,A,A,32,0,1WQB.cif.gz,False,18
4RBX,A,A,32,0,4RBX.cif.gz,False,1
1Q2F,A,A,32,0,1Q2F.cif.gz,False,30
1HLL,A,A,32,0,1HLL.cif.gz,False,1
2L0G,A,A,32,0,2L0G.cif.gz,False,20
1HP3,A,A,32,0,1HP3.cif.gz,False,20
6MJV,A,A,32,0,6MJV.cif.gz,False,20
6CEI,A,A,32,0,6CEI.cif.gz,False,20
2LX0,A,A,32,0,2LX0.cif.gz,False,50
2GW9,A,A,32,0,2GW9.cif.gz,False,20
1HTX,A,A,32,0,1HTX.cif.gz,False,20
2N2S,A,A,32,0,2N2S.cif.gz,False,20
2M2Q,A,A,32,0,2M2Q.cif.gz,False,20
2MWF,A,A,32,0,2MWF.cif.gz,False,20
2RPS,A,A,32,0,2RPS.cif.gz,False,20
1BM4,A,A,32,0,1BM4.cif.gz,False,9
1EWS,A,A,32,0,1EWS.cif.gz,False,20
2KNP,A,A,33,0,2KNP.cif.gz,False,20
2KI9,A,A,33,0,2KI9.cif.gz,True,15
2DDL,A,A,33,0,2DDL.cif.gz,False,20
6Q1X,A,A,33,0,6Q1X.cif.gz,False,18
5UZL,A,A,33,0,5UZL.cif.gz,False,20
1R02,A,A,33,0,1R02.cif.gz,False,1
2L63,A,A,33,0,2L63.cif.gz,False,10
2JUI,A,A,33,0,2JUI.cif.gz,False,20
5UJR,A,A,33,0,5UJR.cif.gz,False,20
5NDA,A,A,33,0,5NDA.cif.gz,False,20
1BH7,A,A,33,0,1BH7.cif.gz,False,1
2KV5,A,A,33,0,2KV5.cif.gz,False,20
2M3J,A,A,33,0,2M3J.cif.gz,False,20
2BN6,A,A,33,0,2BN6.cif.gz,False,29
1C6W,A,A,33,0,1C6W.cif.gz,False,25
6OFA,A,A,33,0,6OFA.cif.gz,False,50
2NAJ,A,A,33,0,2NAJ.cif.gz,False,20
6AXD,A,A,33,0,6AXD.cif.gz,False,20
6PPC,A,A,33,0,6PPC.cif.gz,False,15
1W1N,A,A,33,0,1W1N.cif.gz,False,20
2DCO,A,A,34,0,2DCO.cif.gz,False,10
1I26,A,A,34,0,1I26.cif.gz,False,26
1HA9,A,A,34,0,1HA9.cif.gz,False,30
6BB6,A,A,34,0,6BB6.cif.gz,False,20
2EEM,A,A,34,0,2EEM.cif.gz,False,20
1IWC,A,A,34,0,1IWC.cif.gz,False,15
1EDV,A,A,34,0,1EDV.cif.gz,False,1
6KLM,A,A,34,0,6KLM.cif.gz,False,17
2RMY,A,A,34,0,2RMY.cif.gz,False,10
1LA4,A,A,34,0,1LA4.cif.gz,False,20
1TYK,A,A,34,0,1TYK.cif.gz,False,20
2KYA,A,A,34,0,2KYA.cif.gz,False,14
2L1J,A,A,34,0,2L1J.cif.gz,False,20
1ZJQ,A,A,34,0,1ZJQ.cif.gz,False,20
2RLW,A,A,34,0,2RLW.cif.gz,False,20
2KTC,A,A,34,0,2KTC.cif.gz,False,20
1QLO,A,A,34,0,1QLO.cif.gz,False,19
2JOU,A,A,34,0,2JOU.cif.gz,False,15
2K58,A,B,35,0,2K58.cif.gz,True,20
1IIJ,A,A,35,0,1IIJ.cif.gz,True,5
6ITH,A,A,35,0,6ITH.cif.gz,True,15
5LBJ,A,A,35,0,5LBJ.cif.gz,True,20
5NAO,A,A,35,0,5NAO.cif.gz,True,10
1CE4,A,A,35,0,1CE4.cif.gz,False,20
2KUS,A,A,35,0,2KUS.cif.gz,False,20
1C49,A,A,35,0,1C49.cif.gz,False,18
2JPK,A,A,35,0,2JPK.cif.gz,False,20
1TSK,A,A,35,0,1TSK.cif.gz,False,30
6AHZ,A,A,35,0,6AHZ.cif.gz,False,20
2MQU,A,A,35,0,2MQU.cif.gz,False,20
2KKG,A,A,35,0,2KKG.cif.gz,False,20
2LHU,A,A,35,0,2LHU.cif.gz,False,20
1KJ0,A,A,35,0,1KJ0.cif.gz,False,10
1SPF,A,A,35,0,1SPF.cif.gz,False,20
1FWO,A,A,35,0,1FWO.cif.gz,False,10
1YRF,A,A,35,0,1YRF.cif.gz,False,1
1LMR,A,A,35,0,1LMR.cif.gz,False,21
2KGU,A,A,35,0,2KGU.cif.gz,False,20
4LFQ,A,A,35,0,4LFQ.cif.gz,False,1
1Y03,A,A,35,0,1Y03.cif.gz,False,20
1KGM,A,A,35,0,1KGM.cif.gz,False,10
1WR3,A,A,36,0,1WR3.cif.gz,False,20
1AZ6,A,A,36,0,1AZ6.cif.gz,False,23
1BBA,A,A,36,0,1BBA.cif.gz,False,1
6U6G,A,A,36,0,6U6G.cif.gz,False,19
2KYJ,A,A,36,0,2KYJ.cif.gz,False,20
2WH9,A,A,36,0,2WH9.cif.gz,False,20
2NCT,A,A,36,0,2NCT.cif.gz,False,20
5FZX,A,A,36,0,5FZX.cif.gz,False,20
2NLS,A,A,36,0,2NLS.cif.gz,False,1
1BY6,A,A,36,0,1BY6.cif.gz,False,19
2LG6,A,A,36,0,2LG6.cif.gz,False,10
4B2U,A,A,36,0,4B2U.cif.gz,False,20
2B5B,A,A,36,0,2B5B.cif.gz,False,10
1MM0,A,A,36,0,1MM0.cif.gz,False,20
1RKL,A,A,36,0,1RKL.cif.gz,True,20
2JYP,A,A,36,0,2JYP.cif.gz,False,1
1Q3J,A,A,36,0,1Q3J.cif.gz,False,10
1AXH,A,A,37,0,1AXH.cif.gz,False,20
1HD6,A,A,37,0,1HD6.cif.gz,False,20
2JP6,A,A,37,0,2JP6.cif.gz,False,25
2N7I,A,A,37,0,2N7I.cif.gz,True,10
2MW7,A,A,37,0,2MW7.cif.gz,False,20
2LAT,A,A,37,0,2LAT.cif.gz,True,20
2NZZ,A,A,37,0,2NZZ.cif.gz,False,30
3HRO,A,A,37,0,3HRO.cif.gz,False,1
1E4Q,A,A,37,0,1E4Q.cif.gz,False,20
2L2R,A,A,37,0,2L2R.cif.gz,False,20
1CW6,A,A,37,0,1CW6.cif.gz,False,18
5N5A,A,A,37,0,5N5A.cif.gz,False,20
1YIU,A,A,37,0,1YIU.cif.gz,False,8
1DL0,A,A,37,0,1DL0.cif.gz,False,20
5L82,A,A,37,0,5L82.cif.gz,False,20
1E0L,A,A,37,0,1E0L.cif.gz,False,10
1R1F,A,A,37,0,1R1F.cif.gz,False,20
1K91,A,A,37,0,1K91.cif.gz,False,20
1BGK,A,A,37,0,1BGK.cif.gz,False,15
1KQH,A,A,38,0,1KQH.cif.gz,False,20
1BNB,A,A,38,0,1BNB.cif.gz,False,20
2NB2,A,A,38,0,2NB2.cif.gz,False,25
1Q01,A,A,38,0,1Q01.cif.gz,False,24
1N5G,A,A,38,0,1N5G.cif.gz,False,29
1BHI,A,A,38,0,1BHI.cif.gz,False,20
1EI0,A,A,38,0,1EI0.cif.gz,False,1
1E9K,A,A,38,0,1E9K.cif.gz,False,1
2RMG,A,A,38,0,2RMG.cif.gz,False,20
1PSM,A,A,38,0,1PSM.cif.gz,False,20
6ATW,A,A,38,0,6ATW.cif.gz,False,1
2RMH,A,A,38,0,2RMH.cif.gz,False,20
1ERP,A,A,38,0,1ERP.cif.gz,False,20
1UT3,A,A,38,0,1UT3.cif.gz,False,10
2M36,A,A,38,0,2M36.cif.gz,False,20
6E6N,A,A,38,0,6E6N.cif.gz,False,1
2RR0,A,A,38,0,2RR0.cif.gz,False,20
2H1Z,A,A,39,0,2H1Z.cif.gz,False,25
1DEC,A,A,39,0,1DEC.cif.gz,False,25
1H20,A,A,39,0,1H20.cif.gz,False,25
2HLG,A,A,39,0,2HLG.cif.gz,False,20
2JPJ,A,A,39,0,2JPJ.cif.gz,False,20
1BWX,A,A,39,0,1BWX.cif.gz,False,10
2YSC,A,A,39,0,2YSC.cif.gz,False,20
1ERY,A,A,39,0,1ERY.cif.gz,False,20
2L77,A,A,39,0,2L77.cif.gz,False,10
1SPW,A,A,39,0,1SPW.cif.gz,False,20
2K2Y,A,A,39,0,2K2Y.cif.gz,False,20
6ATM,A,C,39,0,6ATM.cif.gz,False,1
6FS5,A,A,39,0,6FS5.cif.gz,False,20
1I6C,A,A,39,0,1I6C.cif.gz,False,10
2OP7,A,A,39,0,2OP7.cif.gz,False,10
2KGH,A,A,39,0,2KGH.cif.gz,False,20
1GK7,A,A,39,0,1GK7.cif.gz,False,1
5A4H,A,A,39,0,5A4H.cif.gz,False,20
2K2Z,A,A,39,0,2K2Z.cif.gz,False,20
6ATN,A,A,39,0,6ATN.cif.gz,False,1
6B3U,A,A,40,0,6B3U.cif.gz,True,15
1BA4,A,A,40,0,1BA4.cif.gz,True,10
1LMM,A,A,40,0,1LMM.cif.gz,False,20
2MRW,A,A,40,0,2MRW.cif.gz,False,20
1HN3,A,A,40,0,1HN3.cif.gz,False,20
4HGU,A,A,40,0,4HGU.cif.gz,False,1
4LH9,A,A,40,0,4LH9.cif.gz,False,1
6QES,A,A,40,0,6QES.cif.gz,False,10
1GP8,A,A,40,0,1GP8.cif.gz,False,35
1C55,A,A,40,0,1C55.cif.gz,False,35
6K4V,A,A,40,0,6K4V.cif.gz,False,10
6E6O,A,A,40,0,6E6O.cif.gz,False,1
6AY8,A,A,40,0,6AY8.cif.gz,False,1
1USE,A,A,40,0,1USE.cif.gz,False,1
6QJB,A,A,40,0,6QJB.cif.gz,False,20
1FSB,A,A,40,0,1FSB.cif.gz,False,19
2E5U,A,A,40,0,2E5U.cif.gz,False,20
2YSH,A,A,40,0,2YSH.cif.gz,False,20
1ADX,A,A,40,0,1ADX.cif.gz,False,14
1AML,A,A,40,0,1AML.cif.gz,False,20
2YSG,A,A,40,0,2YSG.cif.gz,False,20
1FMY,A,A,40,0,1FMY.cif.gz,False,1
1BBG,A,A,40,0,1BBG.cif.gz,False,1
1Y7K,A,A,40,0,1Y7K.cif.gz,False,21
2KOE,A,A,40,0,2KOE.cif.gz,False,18
1EDX,A,A,40,0,1EDX.cif.gz,False,1
3ZY1,A,A,40,0,3ZY1.cif.gz,False,1
3E21,A,A,40,0,3E21.cif.gz,False,1
3E7U,A,X,40,0,3E7U.cif.gz,False,1
1ERD,A,A,40,0,1ERD.cif.gz,False,20
5V4U,A,A,40,0,5V4U.cif.gz,False,20
2RMF,A,A,40,0,2RMF.cif.gz,False,20
1HJ0,A,A,41,0,1HJ0.cif.gz,False,1
1WMT,A,A,41,0,1WMT.cif.gz,False,20
1K1V,A,A,41,0,1K1V.cif.gz,False,20
2LQX,A,A,41,0,2LQX.cif.gz,False,20
2MYH,A,A,41,0,2MYH.cif.gz,False,20
1LDR,A,A,41,0,1LDR.cif.gz,False,10
1L3Y,A,A,41,0,1L3Y.cif.gz,False,15
1HY9,A,A,41,0,1HY9.cif.gz,False,10
2A2B,A,A,41,0,2A2B.cif.gz,False,20
1BF9,A,A,41,0,1BF9.cif.gz,False,23
6UCH,A,A,41,0,6UCH.cif.gz,False,10
1MPZ,A,A,41,0,1MPZ.cif.gz,False,22
2MJK,A,A,41,0,2MJK.cif.gz,False,10
6QET,A,A,42,0,6QET.cif.gz,False,10
1H5O,A,A,42,0,1H5O.cif.gz,False,26
2HEP,A,A,42,0,2HEP.cif.gz,False,20
2B4N,A,A,42,0,2B4N.cif.gz,False,20
2LMZ,A,A,42,0,2LMZ.cif.gz,False,20
1K7B,A,A,42,0,1K7B.cif.gz,False,20
1WQK,A,A,42,0,1WQK.cif.gz,False,25
1QDP,A,A,42,0,1QDP.cif.gz,False,20
2JR3,A,A,42,0,2JR3.cif.gz,False,20
2DCV,A,A,42,0,2DCV.cif.gz,False,20
1PX9,A,A,42,0,1PX9.cif.gz,False,1
2K1A,A,A,42,0,2K1A.cif.gz,True,21
2MOF,A,A,42,0,2MOF.cif.gz,True,20
2N9Z,A,A,42,0,2N9Z.cif.gz,False,20
1ZUF,A,A,42,0,1ZUF.cif.gz,False,20
2L91,A,A,43,0,2L91.cif.gz,True,21
2LLM,A,A,43,0,2LLM.cif.gz,True,20
2M8I,A,A,43,0,2M8I.cif.gz,False,20
1RES,A,A,43,0,1RES.cif.gz,False,1
2KDT,A,A,43,0,2KDT.cif.gz,False,20
1OG7,A,A,43,0,1OG7.cif.gz,False,10
2N2C,A,A,43,0,2N2C.cif.gz,False,6
2KWY,A,A,43,0,2KWY.cif.gz,False,10
2DMV,A,A,43,0,2DMV.cif.gz,False,20
1WKX,A,A,43,0,1WKX.cif.gz,False,1
5AHT,A,A,43,0,5AHT.cif.gz,False,15
1BDS,A,A,43,0,1BDS.cif.gz,False,1
1MKC,A,A,43,0,1MKC.cif.gz,False,1
2PDD,A,A,43,0,2PDD.cif.gz,False,35
2L37,A,A,43,0,2L37.cif.gz,False,20
1ZAQ,A,A,44,0,1ZAQ.cif.gz,False,12
2LKS,A,A,44,0,2LKS.cif.gz,False,10
2NA8,A,A,44,0,2NA8.cif.gz,True,21
1IFP,A,A,44,0,1IFP.cif.gz,True,1
2KMO,A,A,44,0,2KMO.cif.gz,False,20
1CWX,A,A,44,0,1CWX.cif.gz,False,4
2MVM,A,A,44,0,2MVM.cif.gz,False,20
2P81,A,A,44,0,2P81.cif.gz,False,25
2L92,A,A,44,0,2L92.cif.gz,False,20
5AL6,A,A,44,0,5AL6.cif.gz,False,1
2MR9,A,A,44,0,2MR9.cif.gz,False,10
5KGZ,A,A,44,0,5KGZ.cif.gz,False,20
1I2U,A,A,44,0,1I2U.cif.gz,False,18
2K9D,A,A,44,0,2K9D.cif.gz,False,20
2KB9,A,A,44,0,2KB9.cif.gz,False,20
1H1J,A,S,44,0,1H1J.cif.gz,False,20
2JNH,A,A,44,0,2JNH.cif.gz,False,15
2MN3,A,A,44,0,2MN3.cif.gz,False,20
1W4E,A,A,45,0,1W4E.cif.gz,False,20
3P7K,A,A,45,0,3P7K.cif.gz,False,1
1G9P,A,A,45,0,1G9P.cif.gz,False,20
1ED7,A,A,45,0,1ED7.cif.gz,False,30
1VPC,A,A,45,0,1VPC.cif.gz,False,1
1PDC,A,A,45,0,1PDC.cif.gz,False,1
1DV0,A,A,45,0,1DV0.cif.gz,False,18
5LAH,A,A,45,0,5LAH.cif.gz,False,10
1P9C,A,A,45,0,1P9C.cif.gz,False,10
2LIY,A,A,45,0,2LIY.cif.gz,False,20
2JM2,A,A,45,0,2JM2.cif.gz,False,20
1JO6,A,A,45,0,1JO6.cif.gz,False,24
6K4W,A,A,45,0,6K4W.cif.gz,False,20
2E3E,A,A,45,0,2E3E.cif.gz,False,9
1GW3,A,A,46,0,1GW3.cif.gz,False,1
1QL1,A,A,46,0,1QL1.cif.gz,True,1
1WAZ,A,A,46,0,1WAZ.cif.gz,True,15
2LP1,A,A,46,0,2LP1.cif.gz,True,30
1EJG,A,A,46,0,1EJG.cif.gz,False,1
2MUN,A,A,46,0,2MUN.cif.gz,False,25
2JWG,A,A,46,0,2JWG.cif.gz,False,35
2MZ7,A,A,46,0,2MZ7.cif.gz,False,20
2MBY,A,A,46,0,2MBY.cif.gz,False,1
2IMU,A,A,46,0,2IMU.cif.gz,False,13
2L8S,A,A,46,0,2L8S.cif.gz,True,10
1LDL,A,A,46,0,1LDL.cif.gz,False,10
2E5T,A,A,46,0,2E5T.cif.gz,False,20
1PV0,A,A,46,0,1PV0.cif.gz,False,25
2M6P,A,A,46,0,2M6P.cif.gz,False,10
2KLZ,A,A,46,0,2KLZ.cif.gz,False,10
1HYK,A,A,46,0,1HYK.cif.gz,False,40
2L4J,A,A,46,0,2L4J.cif.gz,False,21
2NDI,A,A,46,0,2NDI.cif.gz,False,20
6AX2,A,A,46,0,6AX2.cif.gz,False,12
1W3D,A,A,46,0,1W3D.cif.gz,False,20
1XUT,A,A,46,0,1XUT.cif.gz,False,20
2N7Q,A,A,46,0,2N7Q.cif.gz,True,20
1HGV,A,A,46,0,1HGV.cif.gz,True,1
1K36,A,A,46,0,1K36.cif.gz,False,40
6MF8,A,A,46,0,6MF8.cif.gz,True,10
1V92,A,A,46,0,1V92.cif.gz,False,10
1BOE,A,A,46,0,1BOE.cif.gz,False,20
2CWB,A,A,46,0,2CWB.cif.gz,False,10
1F7E,A,A,46,0,1F7E.cif.gz,False,20
1YZM,A,A,46,0,1YZM.cif.gz,False,1
1JKZ,A,A,46,0,1JKZ.cif.gz,False,20
4L5E,A,A,46,0,4L5E.cif.gz,False,1
1JJS,A,A,46,0,1JJS.cif.gz,False,12
1E8P,A,A,46,0,1E8P.cif.gz,False,1
1XI7,A,A,47,0,1XI7.cif.gz,False,1
1X32,A,A,47,0,1X32.cif.gz,False,20
2JX8,A,A,47,0,2JX8.cif.gz,False,20
2ODC,A,I,47,0,2ODC.cif.gz,False,1
2L8N,A,A,47,0,2L8N.cif.gz,False,11
2MF3,A,A,47,0,2MF3.cif.gz,False,20
2B9K,A,A,47,0,2B9K.cif.gz,False,21
1HNR,A,A,47,0,1HNR.cif.gz,False,1
1GPS,A,A,47,0,1GPS.cif.gz,False,8
1PGY,A,A,47,0,1PGY.cif.gz,False,20
2EKK,A,A,47,0,2EKK.cif.gz,False,20
1QHK,A,A,47,0,1QHK.cif.gz,False,20
2K6I,A,A,47,0,2K6I.cif.gz,False,10
2MXE,A,A,47,0,2MXE.cif.gz,False,20
2MN7,A,A,48,0,2MN7.cif.gz,True,20
6SHK,A,A,48,0,6SHK.cif.gz,True,1
1Y1B,A,A,48,0,1Y1B.cif.gz,False,20
1SH1,A,A,48,0,1SH1.cif.gz,False,1
4CVD,A,A,48,0,4CVD.cif.gz,False,1
1SSL,A,A,48,0,1SSL.cif.gz,False,20
4REX,A,A,48,0,4REX.cif.gz,False,1
6QKP,A,A,48,0,6QKP.cif.gz,False,20
2M6O,A,A,48,0,2M6O.cif.gz,False,10
1U57,A,A,48,0,1U57.cif.gz,False,19
5NAM,A,A,48,0,5NAM.cif.gz,True,10
2JWH,A,A,48,0,2JWH.cif.gz,False,35
2JVD,A,A,48,0,2JVD.cif.gz,False,20
2KES,A,A,48,0,2KES.cif.gz,False,15
1IVA,A,A,48,0,1IVA.cif.gz,False,16
1E0G,A,A,48,0,1E0G.cif.gz,False,20
5IPO,A,A,48,0,5IPO.cif.gz,False,20
1DX7,A,A,48,0,1DX7.cif.gz,True,6
2MDC,A,A,48,0,2MDC.cif.gz,False,15
1CW5,A,A,48,0,1CW5.cif.gz,False,20
2MV6,A,A,49,0,2MV6.cif.gz,True,20
2MXB,A,A,49,0,2MXB.cif.gz,True,20
2YSB,A,A,49,0,2YSB.cif.gz,False,20
1KJK,A,A,49,0,1KJK.cif.gz,False,25
1AHL,A,A,49,0,1AHL.cif.gz,False,20
5YZ6,A,A,49,0,5YZ6.cif.gz,False,20
1IFY,A,A,49,0,1IFY.cif.gz,False,10
2BBX,A,A,49,0,2BBX.cif.gz,False,20
6O3Q,A,A,49,0,6O3Q.cif.gz,False,20
1ND9,A,A,49,0,1ND9.cif.gz,False,10
5YIU,A,A,49,0,5YIU.cif.gz,False,1
2HIR,A,A,49,0,2HIR.cif.gz,False,32
1H7D,A,A,49,0,1H7D.cif.gz,False,30
2N5J,A,A,49,0,2N5J.cif.gz,False,20
2J8P,A,A,49,0,2J8P.cif.gz,False,30
4OZK,A,A,49,0,4OZK.cif.gz,False,1
2L93,A,A,49,0,2L93.cif.gz,False,20
1Z6W,A,A,49,0,1Z6W.cif.gz,False,20
1RO3,A,A,49,0,1RO3.cif.gz,False,20
2EQP,A,A,50,0,2EQP.cif.gz,False,20
3I8Z,A,A,50,0,3I8Z.cif.gz,False,1
1E8R,A,A,50,0,1E8R.cif.gz,False,5
1ZRJ,A,A,50,0,1ZRJ.cif.gz,False,20
2N71,A,A,50,0,2N71.cif.gz,False,15
1GUU,A,A,50,0,1GUU.cif.gz,False,1
2KN0,A,A,50,0,2KN0.cif.gz,False,20
2JN0,A,A,50,0,2JN0.cif.gz,False,20
2DK1,A,A,50,0,2DK1.cif.gz,False,20
5Z2S,A,A,50,0,5Z2S.cif.gz,False,1
2RNL,A,A,50,0,2RNL.cif.gz,False,20
2E45,A,A,50,0,2E45.cif.gz,False,25
2XF6,A,A,50,0,2XF6.cif.gz,False,1
1IOX,A,A,50,0,1IOX.cif.gz,False,40
6FM8,A,A,50,0,6FM8.cif.gz,False,1
2KJI,A,A,50,0,2KJI.cif.gz,False,20
2M3E,A,A,50,0,2M3E.cif.gz,True,20
3CA7,A,A,50,0,3CA7.cif.gz,False,1
1UXC,A,A,50,0,1UXC.cif.gz,False,1
1TPM,A,A,50,0,1TPM.cif.gz,False,1
1SS3,A,A,50,0,1SS3.cif.gz,False,25
2N3X,A,A,50,0,2N3X.cif.gz,False,10
1BK8,A,A,50,0,1BK8.cif.gz,False,25
5KZO,A,A,51,0,5KZO.cif.gz,True,10
2MKX,A,A,51,0,2MKX.cif.gz,False,10
1HA8,A,A,51,0,1HA8.cif.gz,False,20
1HIC,A,A,51,0,1HIC.cif.gz,False,20
3F2U,A,A,51,0,3F2U.cif.gz,False,1
1SSU,A,A,51,0,1SSU.cif.gz,False,20
3A02,A,A,51,0,3A02.cif.gz,False,1
1AFP,A,A,51,0,1AFP.cif.gz,False,40
2MD0,A,A,51,0,2MD0.cif.gz,False,30
1W4J,A,A,51,0,1W4J.cif.gz,False,20
1BX7,A,A,51,0,1BX7.cif.gz,False,1
1BAL,A,A,51,0,1BAL.cif.gz,False,56
2N0Z,A,A,51,0,2N0Z.cif.gz,False,20
2N8O,A,A,51,0,2N8O.cif.gz,False,20
1UDK,A,A,51,0,1UDK.cif.gz,False,20
2KQ5,A,A,51,0,2KQ5.cif.gz,False,21
1CEU,A,A,51,0,1CEU.cif.gz,False,1
2KSL,A,A,51,0,2KSL.cif.gz,False,25
2GKR,A,I,51,0,2GKR.cif.gz,False,1
2L16,A,A,52,0,2L16.cif.gz,True,40
1XRD,A,A,52,0,1XRD.cif.gz,True,10
5ZAZ,A,A,52,0,5ZAZ.cif.gz,True,20
6OQ9,A,A,52,0,6OQ9.cif.gz,False,15
2KC6,A,A,52,0,2KC6.cif.gz,False,20
2BIC,A,A,52,0,2BIC.cif.gz,False,20
1GVD,A,A,52,0,1GVD.cif.gz,False,1
1ZWV,A,A,52,0,1ZWV.cif.gz,False,20
1E8J,A,A,52,0,1E8J.cif.gz,False,20
2N5M,A,A,52,0,2N5M.cif.gz,False,10
1VDI,A,A,52,0,1VDI.cif.gz,False,20
1K8B,A,A,52,0,1K8B.cif.gz,False,10
2C55,A,A,52,0,2C55.cif.gz,False,1
1Q02,A,A,52,0,1Q02.cif.gz,False,27
2M35,A,A,52,0,2M35.cif.gz,False,20
1FJK,A,A,52,0,1FJK.cif.gz,True,1
2LVN,A,C,52,0,2LVN.cif.gz,False,20
2KK7,A,A,52,0,2KK7.cif.gz,False,20
1MOF,A,A,53,0,1MOF.cif.gz,False,1
1R4G,A,A,53,0,1R4G.cif.gz,False,20
2ERW,A,A,53,0,2ERW.cif.gz,False,1
5DMA,A,A,53,0,5DMA.cif.gz,False,1
2KGQ,A,A,53,0,2KGQ.cif.gz,False,20
6IVS,A,A,53,0,6IVS.cif.gz,False,20
2MUL,A,A,53,0,2MUL.cif.gz,False,20
1BA5,A,A,53,0,1BA5.cif.gz,False,18
5LXJ,A,A,53,0,5LXJ.cif.gz,False,20
4G3O,A,A,53,0,4G3O.cif.gz,False,1
6BL9,A,A,53,0,6BL9.cif.gz,False,20
1GAB,A,A,53,0,1GAB.cif.gz,False,20
1TIH,A,A,53,0,1TIH.cif.gz,False,20
2JV4,A,A,53,0,2JV4.cif.gz,False,20
1PYV,A,A,53,0,1PYV.cif.gz,False,24
5NBB,A,A,53,0,5NBB.cif.gz,False,20
1X9B,A,A,53,0,1X9B.cif.gz,False,10
3A03,A,A,53,0,3A03.cif.gz,False,1
1JEI,A,A,53,0,1JEI.cif.gz,False,10
2D49,A,A,53,0,2D49.cif.gz,False,30
1EGF,A,A,53,0,1EGF.cif.gz,False,16
1KFN,A,A,53,0,1KFN.cif.gz,False,1
1APQ,A,A,53,0,1APQ.cif.gz,False,19
2CP8,A,A,54,0,2CP8.cif.gz,False,20
2N2Q,A,A,54,0,2N2Q.cif.gz,False,20
2N29,A,A,54,0,2N29.cif.gz,False,1
2COS,A,A,54,0,2COS.cif.gz,False,20
2N5S,A,A,54,0,2N5S.cif.gz,True,10
2VXD,A,A,54,0,2VXD.cif.gz,False,20
1IDY,A,A,54,0,1IDY.cif.gz,False,1
1X3P,A,A,54,0,1X3P.cif.gz,False,19
1ENH,A,A,54,0,1ENH.cif.gz,False,1
2LCZ,A,A,54,0,2LCZ.cif.gz,False,20
2KV9,A,B,54,0,2KV9.cif.gz,False,20
5YDY,A,A,54,0,5YDY.cif.gz,False,20
1JJR,A,A,54,0,1JJR.cif.gz,False,20
2DAH,A,A,54,0,2DAH.cif.gz,False,20
2IKE,A,A,54,0,2IKE.cif.gz,False,20
1WMV,A,A,54,0,1WMV.cif.gz,False,20
1CE3,A,A,54,0,1CE3.cif.gz,False,20
3LE4,A,A,55,0,3LE4.cif.gz,False,1
2K57,A,A,55,0,2K57.cif.gz,False,20
2UUX,A,A,55,0,2UUX.cif.gz,False,1
1YSM,A,A,55,0,1YSM.cif.gz,False,20
2V0E,A,A,55,0,2V0E.cif.gz,False,20
1LX8,A,A,55,0,1LX8.cif.gz,False,20
1WRG,A,A,55,0,1WRG.cif.gz,True,10
2KNG,A,A,55,0,2KNG.cif.gz,False,20
1HDL,A,A,55,0,1HDL.cif.gz,False,21
1SHP,A,A,55,0,1SHP.cif.gz,False,20
2KCN,A,A,55,0,2KCN.cif.gz,False,20
2LLK,A,A,55,0,2LLK.cif.gz,False,20
1IW4,A,A,55,0,1IW4.cif.gz,False,20
2K1B,A,A,55,0,2K1B.cif.gz,False,20
2JUC,A,A,55,0,2JUC.cif.gz,False,15
1KMA,A,A,55,0,1KMA.cif.gz,False,20
1DP3,A,A,55,0,1DP3.cif.gz,False,20
1KMX,A,A,55,0,1KMX.cif.gz,False,20
2IKD,A,A,56,0,2IKD.cif.gz,False,20
2YS0,A,A,56,0,2YS0.cif.gz,False,20
3K2T,A,A,56,0,3K2T.cif.gz,False,1
4E5R,A,A,56,0,4E5R.cif.gz,False,1
1PRU,A,A,56,0,1PRU.cif.gz,False,1
2NC2,A,A,56,0,2NC2.cif.gz,False,20
2JUJ,A,A,56,0,2JUJ.cif.gz,False,15
1CQU,A,A,56,0,1CQU.cif.gz,False,18
1KFT,A,A,56,0,1KFT.cif.gz,False,22
1CCV,A,A,56,0,1CCV.cif.gz,False,20
1H9E,A,A,56,0,1H9E.cif.gz,False,10
2CMP,A,A,56,0,2CMP.cif.gz,False,1
1BW6,A,A,56,0,1BW6.cif.gz,False,1
6CKU,A,A,56,0,6CKU.cif.gz,False,16
2MH8,A,A,56,0,2MH8.cif.gz,False,10
1D2D,A,A,56,0,1D2D.cif.gz,False,5
1LQC,A,A,56,0,1LQC.cif.gz,False,32
1ZX6,A,A,56,0,1ZX6.cif.gz,False,1
4QUC,A,A,56,0,4QUC.cif.gz,False,1
2N17,A,A,56,0,2N17.cif.gz,False,10
2KWH,A,A,56,0,2KWH.cif.gz,False,50
2MDI,A,A,56,0,2MDI.cif.gz,False,15
1N87,A,A,56,0,1N87.cif.gz,False,20
6NU4,A,A,56,0,6NU4.cif.gz,False,20
2FS1,A,A,56,0,2FS1.cif.gz,False,20
2KMU,A,A,56,0,2KMU.cif.gz,False,20
1G5V,A,A,56,0,1G5V.cif.gz,False,10
2M4Y,A,A,56,0,2M4Y.cif.gz,False,10
1VEX,A,A,56,0,1VEX.cif.gz,False,20
1HPT,A,A,56,0,1HPT.cif.gz,False,1
3I35,A,A,57,0,3I35.cif.gz,False,1
2N5L,A,A,57,0,2N5L.cif.gz,False,20
2KRM,A,A,57,0,2KRM.cif.gz,False,10
2FRW,A,A,57,0,2FRW.cif.gz,False,10
2MDF,A,A,57,0,2MDF.cif.gz,False,25
1H9F,A,A,57,0,1H9F.cif.gz,False,10
2K2T,A,A,57,0,2K2T.cif.gz,False,10
2MHY,A,A,57,0,2MHY.cif.gz,False,20
2L4E,A,A,57,0,2L4E.cif.gz,False,20
2MFA,A,A,57,0,2MFA.cif.gz,False,20
2MI5,A,A,57,0,2MI5.cif.gz,False,20
6BV7,A,A,57,0,6BV7.cif.gz,False,20
4ZC3,A,A,57,0,4ZC3.cif.gz,False,1
2LMK,A,A,57,0,2LMK.cif.gz,False,20
1H34,A,A,57,0,1H34.cif.gz,False,1
2YSD,A,A,57,0,2YSD.cif.gz,False,20
2JP7,A,A,57,0,2JP7.cif.gz,False,20
2JQT,A,A,57,0,2JQT.cif.gz,False,10
6BZJ,A,A,57,0,6BZJ.cif.gz,False,15
2REL,A,A,57,0,2REL.cif.gz,False,11
2KIQ,A,A,57,0,2KIQ.cif.gz,False,20
3NGP,A,A,57,0,3NGP.cif.gz,False,1
5M4V,A,A,57,0,5M4V.cif.gz,False,1
2MFR,A,A,57,0,2MFR.cif.gz,True,20
1X3Q,A,A,57,0,1X3Q.cif.gz,False,20
1B9G,A,A,57,0,1B9G.cif.gz,False,1
1FYJ,A,A,57,0,1FYJ.cif.gz,False,20
1RO4,A,A,58,0,1RO4.cif.gz,False,35
2KZI,A,A,58,0,2KZI.cif.gz,False,22
2CKA,A,A,58,0,2CKA.cif.gz,False,20
1JO8,A,A,58,0,1JO8.cif.gz,False,1
5PTI,A,A,58,0,5PTI.cif.gz,False,1
1NZ9,A,A,58,0,1NZ9.cif.gz,False,31
1OOT,A,A,58,0,1OOT.cif.gz,False,1
2OVG,A,A,58,0,2OVG.cif.gz,False,1
2DO5,A,A,58,0,2DO5.cif.gz,False,20
2MKY,A,A,58,0,2MKY.cif.gz,False,20
1T50,A,A,58,0,1T50.cif.gz,False,20
1KTH,A,A,58,0,1KTH.cif.gz,False,1
1HYW,A,A,58,0,1HYW.cif.gz,False,15
1M30,A,A,58,0,1M30.cif.gz,False,20
2RUP,A,A,58,0,2RUP.cif.gz,False,20
1TLE,A,A,58,0,1TLE.cif.gz,False,14
1YP5,A,A,58,0,1YP5.cif.gz,False,1
1Y2Y,A,A,58,0,1Y2Y.cif.gz,False,10
1ZLM,A,A,58,0,1ZLM.cif.gz,False,1
1QXF,A,A,58,0,1QXF.cif.gz,False,20
1NKD,A,A,59,0,1NKD.cif.gz,False,1
6Q61,A,A,59,0,6Q61.cif.gz,False,1
5YDX,A,A,59,0,5YDX.cif.gz,False,20
2GQV,A,A,59,0,2GQV.cif.gz,False,1
1E9T,A,A,59,0,1E9T.cif.gz,False,85
1MKN,A,A,59,0,1MKN.cif.gz,False,1
1FEX,A,A,59,0,1FEX.cif.gz,False,25
1Y6U,A,A,59,0,1Y6U.cif.gz,False,20
1UVF,A,A,59,0,1UVF.cif.gz,False,31
2K37,A,A,59,0,2K37.cif.gz,False,9
5B1N,A,A,59,0,5B1N.cif.gz,False,1
1MHN,A,A,59,0,1MHN.cif.gz,False,1
6NNB,A,A,59,0,6NNB.cif.gz,False,20
1HCC,A,A,59,0,1HCC.cif.gz,False,1
2WNM,A,A,59,0,2WNM.cif.gz,False,1
1DRS,A,A,59,0,1DRS.cif.gz,False,39
2A36,A,A,59,0,2A36.cif.gz,False,10
1WGL,A,A,59,0,1WGL.cif.gz,False,20
2KKJ,A,A,59,0,2KKJ.cif.gz,False,10
2B7E,A,A,59,0,2B7E.cif.gz,False,12
1GFC,A,A,59,0,1GFC.cif.gz,False,1
2B86,A,A,59,0,2B86.cif.gz,False,30
2FJZ,A,A,59,0,2FJZ.cif.gz,False,1
2E6Z,A,A,59,0,2E6Z.cif.gz,False,20
2M01,A,A,59,0,2M01.cif.gz,False,20
1TP4,A,A,59,0,1TP4.cif.gz,False,25
2JVV,A,A,59,0,2JVV.cif.gz,False,20
6GW7,A,A,59,0,6GW7.cif.gz,False,20
6IQE,A,A,59,0,6IQE.cif.gz,False,1
1KS0,A,A,59,0,1KS0.cif.gz,False,50
2HG7,A,A,60,0,2HG7.cif.gz,False,20
5YV7,A,A,60,0,5YV7.cif.gz,False,1
1J7M,A,A,60,0,1J7M.cif.gz,False,50
1DEM,A,A,60,0,1DEM.cif.gz,False,1
2YSE,A,A,60,0,2YSE.cif.gz,False,20
1S1N,A,A,60,0,1S1N.cif.gz,False,17
1PCE,A,A,60,0,1PCE.cif.gz,False,20
1EFE,A,A,60,0,1EFE.cif.gz,False,20
1CXW,A,A,60,0,1CXW.cif.gz,False,50
1HX2,A,A,60,0,1HX2.cif.gz,False,20
6AHX,A,A,60,0,6AHX.cif.gz,False,1
1PS2,A,A,60,0,1PS2.cif.gz,False,19
1BDC,A,A,60,0,1BDC.cif.gz,False,10
2KJF,A,A,60,0,2KJF.cif.gz,False,20
2LX7,A,A,60,0,2LX7.cif.gz,False,20
2JTM,A,A,60,0,2JTM.cif.gz,False,20
2NSW,A,A,60,0,2NSW.cif.gz,False,20
2JTX,A,A,60,0,2JTX.cif.gz,False,20
2D9A,A,A,60,0,2D9A.cif.gz,False,20
1GYZ,A,A,60,0,1GYZ.cif.gz,False,20
2CKC,A,A,60,0,2CKC.cif.gz,False,25
1CB9,A,A,60,0,1CB9.cif.gz,False,20
2KJY,A,A,60,0,2KJY.cif.gz,False,20
2KYB,A,A,60,0,2KYB.cif.gz,False,10
1UMQ,A,A,60,0,1UMQ.cif.gz,False,5
1X41,A,A,60,0,1X41.cif.gz,False,20
1OW5,A,A,60,0,1OW5.cif.gz,False,1
2G31,A,A,60,0,2G31.cif.gz,False,20
2N10,A,A,60,0,2N10.cif.gz,False,20
1TFS,A,A,60,0,1TFS.cif.gz,False,20
2KRN,A,A,60,0,2KRN.cif.gz,False,10
1TAP,A,A,60,0,1TAP.cif.gz,False,20
2K88,A,A,60,0,2K88.cif.gz,False,10
5IM8,A,A,60,0,5IM8.cif.gz,False,20
2KAP,A,A,60,0,2KAP.cif.gz,False,10
5ECA,A,A,60,0,5ECA.cif.gz,False,1
2JRM,A,A,60,0,2JRM.cif.gz,False,20
2LJ2,A,A,60,0,2LJ2.cif.gz,True,10
1KG1,A,A,60,0,1KG1.cif.gz,False,25
6OWR,A,A,60,0,6OWR.cif.gz,False,10
1TUC,A,A,61,0,1TUC.cif.gz,False,1
1IRH,A,A,61,0,1IRH.cif.gz,False,20
5OMD,A,A,61,0,5OMD.cif.gz,False,1
2LSM,A,A,61,0,2LSM.cif.gz,False,20
2EKF,A,A,61,0,2EKF.cif.gz,False,20
2JNY,A,A,61,0,2JNY.cif.gz,False,20
2M7G,A,A,61,0,2M7G.cif.gz,False,18
2KCR,A,A,61,0,2KCR.cif.gz,False,10
1G2H,A,A,61,0,1G2H.cif.gz,False,32
1B7D,A,A,61,0,1B7D.cif.gz,False,1
2M9N,A,A,61,0,2M9N.cif.gz,False,10
1F43,A,A,61,0,1F43.cif.gz,False,20
1NM7,A,A,61,0,1NM7.cif.gz,False,10
1PC0,A,A,61,0,1PC0.cif.gz,False,10
1RZS,A,A,61,0,1RZS.cif.gz,False,21
1SZL,A,A,61,0,1SZL.cif.gz,False,20
1VRY,A,A,61,0,1VRY.cif.gz,True,20
2DII,A,A,61,0,2DII.cif.gz,False,20
2D46,A,A,61,0,2D46.cif.gz,False,1
2JGW,A,A,61,0,2JGW.cif.gz,False,20
4HCK,A,A,61,0,4HCK.cif.gz,False,25
2PST,A,X,61,0,2PST.cif.gz,False,1
1IGD,A,A,61,0,1IGD.cif.gz,False,1
2RQT,A,A,61,0,2RQT.cif.gz,False,20
2E62,A,A,61,0,2E62.cif.gz,False,20
2EQR,A,A,61,0,2EQR.cif.gz,False,20
2JPC,A,A,61,0,2JPC.cif.gz,False,20
1VB0,A,A,61,0,1VB0.cif.gz,False,1
1Y0M,A,A,61,0,1Y0M.cif.gz,False,1
6CPI,A,A,61,0,6CPI.cif.gz,False,25
4D4W,A,A,61,0,4D4W.cif.gz,False,25
2KK2,A,A,61,0,2KK2.cif.gz,False,20
1KU3,A,A,61,0,1KU3.cif.gz,False,1
1L2P,A,A,61,0,1L2P.cif.gz,False,1
1I2T,A,A,61,0,1I2T.cif.gz,False,1
2FRY,A,A,61,0,2FRY.cif.gz,False,10
2KVL,A,A,61,0,2KVL.cif.gz,False,10
1FAS,A,A,61,0,1FAS.cif.gz,False,1
2LRD,A,A,61,0,2LRD.cif.gz,False,20
5VR3,A,A,62,0,5VR3.cif.gz,False,1
2LNM,A,A,62,0,2LNM.cif.gz,False,20
1B4O,A,A,62,0,1B4O.cif.gz,False,1
1G2B,A,A,62,0,1G2B.cif.gz,False,1
2RNQ,A,A,62,0,2RNQ.cif.gz,False,20
1ATA,A,A,62,0,1ATA.cif.gz,False,1
2FUI,A,A,62,0,2FUI.cif.gz,False,20
1OYI,A,A,62,0,1OYI.cif.gz,False,20
1AIW,A,A,62,0,1AIW.cif.gz,False,23
2MXD,A,A,62,0,2MXD.cif.gz,False,20
2L09,A,A,62,0,2L09.cif.gz,False,20
2LTU,A,A,62,0,2LTU.cif.gz,False,20
1GYF,A,A,62,0,1GYF.cif.gz,False,16
1X58,A,A,62,0,1X58.cif.gz,False,20
2MKF,A,A,62,0,2MKF.cif.gz,False,20
1W4I,A,A,62,0,1W4I.cif.gz,False,20
5UNK,A,A,62,0,5UNK.cif.gz,False,10
1HFI,A,A,62,0,1HFI.cif.gz,False,1
1KOY,A,A,62,0,1KOY.cif.gz,False,1
1MSZ,A,A,62,0,1MSZ.cif.gz,False,20
1RQ6,A,A,62,0,1RQ6.cif.gz,False,15
1DF4,A,A,62,0,1DF4.cif.gz,False,1
2D35,A,A,62,0,2D35.cif.gz,False,10
2K5K,A,A,62,0,2K5K.cif.gz,False,10
2JXD,A,A,62,0,2JXD.cif.gz,False,15
2DAL,A,A,62,0,2DAL.cif.gz,False,20
2M2F,A,A,62,0,2M2F.cif.gz,False,20
2MTS,A,A,63,0,2MTS.cif.gz,True,10
1WGN,A,A,63,0,1WGN.cif.gz,False,20
2KE7,A,A,63,0,2KE7.cif.gz,False,10
2YQK,A,A,63,0,2YQK.cif.gz,False,20
1NRA,A,A,63,0,1NRA.cif.gz,False,1
2DAK,A,A,63,0,2DAK.cif.gz,False,20
5APS,A,A,63,0,5APS.cif.gz,False,1
1HAE,A,A,63,0,1HAE.cif.gz,False,20
1H92,A,A,63,0,1H92.cif.gz,False,30
5VNT,A,A,63,0,5VNT.cif.gz,False,10
6UZJ,A,A,63,0,6UZJ.cif.gz,False,20
2GCC,A,A,63,0,2GCC.cif.gz,False,1
1HDP,A,A,63,0,1HDP.cif.gz,False,1
2CJJ,A,A,63,0,2CJJ.cif.gz,False,1
1AA3,A,A,63,0,1AA3.cif.gz,False,1
2LOJ,A,A,63,0,2LOJ.cif.gz,False,20
2GGR,A,A,63,0,2GGR.cif.gz,False,20
2L54,A,A,63,0,2L54.cif.gz,False,20
1R69,A,A,63,0,1R69.cif.gz,False,1
6NMW,A,A,63,0,6NMW.cif.gz,False,1
2LEP,A,A,63,0,2LEP.cif.gz,False,20
2P5K,A,A,63,0,2P5K.cif.gz,False,1
1F94,A,A,63,0,1F94.cif.gz,False,1
2E5Q,A,A,63,0,2E5Q.cif.gz,False,20
6EWS,A,A,63,0,6EWS.cif.gz,False,20
1WJI,A,A,63,0,1WJI.cif.gz,False,20
2JMS,A,A,63,0,2JMS.cif.gz,False,20
3GV3,A,A,63,0,3GV3.cif.gz,False,1
2KRU,A,A,63,0,2KRU.cif.gz,False,20
3HRN,A,A,63,0,3HRN.cif.gz,False,1
4JJD,A,A,63,0,4JJD.cif.gz,False,1
2MKV,A,A,64,0,2MKV.cif.gz,True,10
2LOT,A,A,64,0,2LOT.cif.gz,True,40
2JZP,A,A,64,0,2JZP.cif.gz,False,20
2K2P,A,A,64,0,2K2P.cif.gz,False,20
1X2M,A,A,64,0,1X2M.cif.gz,False,20
2E19,A,A,64,0,2E19.cif.gz,False,20
2DT6,A,A,64,0,2DT6.cif.gz,False,20
1SB6,A,A,64,0,1SB6.cif.gz,False,20
2CPW,A,A,64,0,2CPW.cif.gz,False,20
2MH2,A,A,64,0,2MH2.cif.gz,False,20
5JRT,A,A,64,0,5JRT.cif.gz,False,1
2MJ8,A,A,64,0,2MJ8.cif.gz,False,20
1UOY,A,A,64,0,1UOY.cif.gz,False,1
1VF9,A,A,64,0,1VF9.cif.gz,False,25
2CP9,A,A,64,0,2CP9.cif.gz,False,20
2MM0,A,A,64,0,2MM0.cif.gz,False,20
1UCS,A,A,64,0,1UCS.cif.gz,False,1
1WHC,A,A,64,0,1WHC.cif.gz,False,20
2DNV,A,A,64,0,2DNV.cif.gz,False,20
2Y90,A,A,64,0,2Y90.cif.gz,False,1
2C0S,A,A,64,0,2C0S.cif.gz,False,25
1RY3,A,A,64,0,1RY3.cif.gz,False,20
2MZF,A,A,64,0,2MZF.cif.gz,False,20
2JTE,A,A,64,0,2JTE.cif.gz,False,20
2EE1,A,A,64,0,2EE1.cif.gz,False,20
2RVC,A,A,64,0,2RVC.cif.gz,False,10
1DU6,A,A,64,0,1DU6.cif.gz,False,30
4HS2,A,A,64,0,4HS2.cif.gz,False,1
1V65,A,A,64,0,1V65.cif.gz,False,20
5MFY,A,A,64,0,5MFY.cif.gz,False,10
3WWV,A,A,64,0,3WWV.cif.gz,False,1
1IRZ,A,A,64,0,1IRZ.cif.gz,False,15
6QIY,A,A,65,0,6QIY.cif.gz,False,1
2KJX,A,A,65,0,2KJX.cif.gz,False,20
2KFD,A,A,65,0,2KFD.cif.gz,False,15
2CI2,A,I,65,0,2CI2.cif.gz,False,1
2CRO,A,A,65,0,2CRO.cif.gz,False,1
2JRB,A,A,65,0,2JRB.cif.gz,False,40
3ZR8,A,X,65,0,3ZR8.cif.gz,False,1
2JQP,A,A,65,0,2JQP.cif.gz,False,20
6SIB,A,A,65,0,6SIB.cif.gz,False,1
1YWW,A,A,65,0,1YWW.cif.gz,False,20
1L3H,A,A,65,0,1L3H.cif.gz,False,30
5W8Y,A,A,65,0,5W8Y.cif.gz,False,20
1FF4,A,A,65,0,1FF4.cif.gz,False,1
2KVE,A,A,65,0,2KVE.cif.gz,False,15
2JTV,A,A,65,0,2JTV.cif.gz,False,20
6FXF,A,A,65,0,6FXF.cif.gz,False,1
1V66,A,A,65,0,1V66.cif.gz,False,20
4Y2K,A,A,65,0,4Y2K.cif.gz,False,1
1VYC,A,A,65,0,1VYC.cif.gz,False,1
6GOL,A,A,65,0,6GOL.cif.gz,False,1
2FMR,A,A,65,0,2FMR.cif.gz,False,18
2EZH,A,A,65,0,2EZH.cif.gz,False,1
1VNB,A,A,65,0,1VNB.cif.gz,False,1
2K85,A,A,65,0,2K85.cif.gz,False,15
2MGV,A,A,65,0,2MGV.cif.gz,False,10
2MQK,A,A,65,0,2MQK.cif.gz,False,20
2K3J,A,A,65,0,2K3J.cif.gz,False,20
2M05,A,A,65,0,2M05.cif.gz,False,20
2K4P,A,A,65,0,2K4P.cif.gz,False,20
1GJS,A,A,65,0,1GJS.cif.gz,False,30
2LYP,A,A,66,0,2LYP.cif.gz,False,20
5XQV,A,A,66,0,5XQV.cif.gz,False,1
2JN4,A,A,66,0,2JN4.cif.gz,False,20
2L32,A,A,66,0,2L32.cif.gz,False,20
1TG0,A,A,66,0,1TG0.cif.gz,False,1
1RRZ,A,A,66,0,1RRZ.cif.gz,False,15
4HRS,A,A,66,0,4HRS.cif.gz,False,1
2XZ2,A,A,66,0,2XZ2.cif.gz,False,1
2MMU,A,A,66,0,2MMU.cif.gz,True,1
2N37,A,A,66,0,2N37.cif.gz,False,20
4C26,A,A,66,0,4C26.cif.gz,False,10
1Z9Q,A,A,66,0,1Z9Q.cif.gz,False,20
2HDZ,A,A,66,0,2HDZ.cif.gz,False,1
2OCH,A,A,66,0,2OCH.cif.gz,False,1
2ERS,A,A,66,0,2ERS.cif.gz,False,1
2HJJ,A,A,66,0,2HJJ.cif.gz,False,20
4K59,A,A,66,0,4K59.cif.gz,False,1
2LEO,A,A,66,0,2LEO.cif.gz,False,20
2KSW,A,A,66,0,2KSW.cif.gz,False,20
4HAE,A,A,66,0,4HAE.cif.gz,False,1
1C5A,A,A,66,0,1C5A.cif.gz,False,41
2M7K,A,A,66,0,2M7K.cif.gz,False,10
2LCL,A,A,66,0,2LCL.cif.gz,False,20
2L4A,A,A,66,0,2L4A.cif.gz,False,26
1BW5,A,A,66,0,1BW5.cif.gz,False,50
1R73,A,A,66,0,1R73.cif.gz,False,20
2DIN,A,A,66,0,2DIN.cif.gz,False,20
1ZVG,A,A,66,0,1ZVG.cif.gz,False,1
1JGK,A,A,66,0,1JGK.cif.gz,False,19
1Z4H,A,A,66,0,1Z4H.cif.gz,False,17
2HCC,A,A,66,0,2HCC.cif.gz,False,30
3DSP,A,A,66,0,3DSP.cif.gz,False,1
2HBP,A,A,66,0,2HBP.cif.gz,False,20
2BZT,A,A,66,0,2BZT.cif.gz,False,20
3IDW,A,A,66,0,3IDW.cif.gz,False,1
1YG0,A,A,66,0,1YG0.cif.gz,False,1
1F0Z,A,A,66,0,1F0Z.cif.gz,False,24
1X4P,A,A,66,0,1X4P.cif.gz,False,20
2DZL,A,A,66,0,2DZL.cif.gz,False,20
2LMJ,A,A,66,0,2LMJ.cif.gz,False,20
2JZ2,A,A,66,0,2JZ2.cif.gz,False,20
1OWT,A,A,66,0,1OWT.cif.gz,False,21
1ITY,A,A,67,0,1ITY.cif.gz,False,25
2K40,A,A,67,0,2K40.cif.gz,False,20
1U3O,A,A,67,0,1U3O.cif.gz,False,20
2KYZ,A,A,67,0,2KYZ.cif.gz,False,20
1YU5,A,X,67,0,1YU5.cif.gz,False,1
1DTV,A,A,67,0,1DTV.cif.gz,False,1
2JRR,A,A,67,0,2JRR.cif.gz,False,20
2YDL,A,A,67,0,2YDL.cif.gz,False,1
4UZX,A,A,67,0,4UZX.cif.gz,False,20
5I41,A,B,67,0,5I41.cif.gz,False,1
2Y9U,A,A,67,0,2Y9U.cif.gz,False,1
1PE4,A,A,67,0,1PE4.cif.gz,False,19
2RNJ,A,A,67,0,2RNJ.cif.gz,False,10
2X43,A,S,67,0,2X43.cif.gz,False,10
2MBK,A,A,67,0,2MBK.cif.gz,False,10
2KAF,A,A,67,0,2KAF.cif.gz,False,20
2LGQ,A,A,67,0,2LGQ.cif.gz,False,20
1AWW,A,A,67,0,1AWW.cif.gz,False,42
2KE9,A,A,67,0,2KE9.cif.gz,False,15
2K6M,A,S,67,0,2K6M.cif.gz,False,22
2M2L,A,A,67,0,2M2L.cif.gz,False,20
2AHQ,A,A,67,0,2AHQ.cif.gz,False,20
5VWE,A,A,67,0,5VWE.cif.gz,False,20
2EYX,A,A,67,0,2EYX.cif.gz,False,1
3RDY,A,A,67,0,3RDY.cif.gz,False,1
1NHA,A,A,67,0,1NHA.cif.gz,False,20
2DHY,A,A,67,0,2DHY.cif.gz,False,20
2DAM,A,A,67,0,2DAM.cif.gz,False,20
2M3A,A,A,67,0,2M3A.cif.gz,False,10
4RCB,A,A,67,0,4RCB.cif.gz,False,1
4HCS,A,A,67,0,4HCS.cif.gz,False,1
2BN8,A,A,67,0,2BN8.cif.gz,False,1
2JP3,A,A,67,0,2JP3.cif.gz,True,1
2M4H,A,A,67,0,2M4H.cif.gz,False,20
1TIZ,A,A,67,0,1TIZ.cif.gz,False,20
6JQS,A,A,67,0,6JQS.cif.gz,False,1
5NPA,A,A,67,0,5NPA.cif.gz,False,10
2DL4,A,A,68,0,2DL4.cif.gz,False,20
2DL3,A,A,68,0,2DL3.cif.gz,False,20
1XC5,A,A,68,0,1XC5.cif.gz,False,28
2DMO,A,A,68,0,2DMO.cif.gz,False,20
2E5P,A,A,68,0,2E5P.cif.gz,False,20
2KTM,A,A,68,0,2KTM.cif.gz,False,12
1RWS,A,A,68,0,1RWS.cif.gz,False,1
1XAK,A,A,68,0,1XAK.cif.gz,False,1
6FDE,A,A,68,0,6FDE.cif.gz,False,1
2FHT,A,A,68,0,2FHT.cif.gz,False,1
2DIG,A,A,68,0,2DIG.cif.gz,False,20
2G7O,A,A,68,0,2G7O.cif.gz,False,1
2K6A,A,A,68,0,2K6A.cif.gz,False,20
1C7V,A,A,68,0,1C7V.cif.gz,False,20
1V1C,A,A,68,0,1V1C.cif.gz,False,20
1QZP,A,A,68,0,1QZP.cif.gz,False,13
2EC3,A,A,68,0,2EC3.cif.gz,False,20
1CPZ,A,A,68,0,1CPZ.cif.gz,False,20
2MSY,A,A,68,0,2MSY.cif.gz,False,20
2DJQ,A,A,68,0,2DJQ.cif.gz,False,20
1CTF,A,A,68,0,1CTF.cif.gz,False,1
1NE3,A,A,68,0,1NE3.cif.gz,False,20
1PPQ,A,A,68,0,1PPQ.cif.gz,False,20
2MGQ,A,A,68,0,2MGQ.cif.gz,False,20
1HTA,A,A,68,0,1HTA.cif.gz,False,1
6OBI,A,A,68,0,6OBI.cif.gz,False,10
1HOM,A,A,68,0,1HOM.cif.gz,False,19
1HP8,A,A,68,0,1HP8.cif.gz,False,1
2KN8,A,A,68,0,2KN8.cif.gz,False,10
1SRZ,A,A,68,0,1SRZ.cif.gz,False,24
1HMJ,A,A,68,0,1HMJ_SWISSMODEL.cif.gz,False,1
2MFJ,A,A,68,0,2MFJ.cif.gz,False,20
1STU,A,A,68,0,1STU.cif.gz,False,20
2EPB,A,A,68,0,2EPB.cif.gz,False,20
1WXB,A,A,68,0,1WXB.cif.gz,False,20
1WXT,A,A,68,0,1WXT.cif.gz,False,20
1X2P,A,A,68,0,1X2P.cif.gz,False,20
1X2K,A,A,68,0,1X2K.cif.gz,False,20
1H0Z,A,A,68,0,1H0Z.cif.gz,False,21
1TL5,A,A,68,0,1TL5.cif.gz,False,30
2JR6,A,A,68,0,2JR6.cif.gz,False,20
1FTT,A,A,68,0,1FTT.cif.gz,False,20
1WI7,A,A,68,0,1WI7.cif.gz,False,20
2RM8,A,A,68,0,2RM8.cif.gz,False,20
1YEZ,A,A,68,0,1YEZ.cif.gz,False,10
1BCT,A,A,69,0,1BCT.cif.gz,True,14
1BHA,A,A,69,0,1BHA.cif.gz,True,12
1L6H,A,A,69,0,1L6H.cif.gz,False,1
1BBY,A,A,69,0,1BBY.cif.gz,False,1
6N2U,A,A,69,0,6N2U.cif.gz,False,1
2L4M,A,A,69,0,2L4M.cif.gz,False,20
2XK0,A,A,69,0,2XK0.cif.gz,False,10
5TN0,A,A,69,0,5TN0.cif.gz,False,10
1JE4,A,A,69,0,1JE4.cif.gz,False,1
2L9R,A,A,69,0,2L9R.cif.gz,False,20
1GO5,A,A,69,0,1GO5.cif.gz,False,26
1FWP,A,A,69,0,1FWP.cif.gz,False,1
2JX5,A,A,69,0,2JX5.cif.gz,False,10
2MCH,A,A,69,0,2MCH.cif.gz,False,20
4ULL,A,A,69,0,4ULL.cif.gz,False,5
5NCA,A,A,69,0,5NCA.cif.gz,False,20
5LGM,A,A,69,0,5LGM.cif.gz,False,10
1DOQ,A,A,69,0,1DOQ.cif.gz,False,1
2BTT,A,A,69,0,2BTT.cif.gz,False,20
2MFK,A,A,69,0,2MFK.cif.gz,False,20
2KT2,A,A,69,0,2KT2.cif.gz,False,20
1MIT,A,A,69,0,1MIT.cif.gz,False,1
1RYK,A,A,69,0,1RYK.cif.gz,False,20
1QPM,A,A,69,0,1QPM.cif.gz,False,26
2DO3,A,A,69,0,2DO3.cif.gz,False,20
1UZC,A,A,69,0,1UZC.cif.gz,False,23
2EQI,A,A,69,0,2EQI.cif.gz,False,20
1UHF,A,A,69,0,1UHF.cif.gz,False,20
1MJC,A,A,69,0,1MJC.cif.gz,False,1
1U97,A,A,69,0,1U97.cif.gz,False,20
2DY8,A,A,69,0,2DY8.cif.gz,False,20
2M97,A,A,69,0,2M97.cif.gz,False,20
2N72,A,A,69,0,2N72.cif.gz,False,30
2K4B,A,A,69,0,2K4B.cif.gz,False,20
2KZ9,A,A,69,0,2KZ9.cif.gz,False,10
5YHN,A,A,69,0,5YHN.cif.gz,False,20
2L4N,A,A,70,0,2L4N.cif.gz,False,20
1UTG,A,A,70,0,1UTG.cif.gz,False,1
1E68,A,A,70,0,1E68.cif.gz,False,20
2LL3,A,A,70,0,2LL3.cif.gz,False,10
2ECZ,A,A,70,0,2ECZ.cif.gz,False,20
1BQT,A,A,70,0,1BQT.cif.gz,False,6
1B22,A,A,70,0,1B22.cif.gz,False,30
1G6Z,A,A,70,0,1G6Z.cif.gz,False,25
1HA6,A,A,70,0,1HA6.cif.gz,False,20
2FCE,A,A,70,0,2FCE.cif.gz,False,20
2LLH,A,A,70,0,2LLH.cif.gz,False,20
2JS4,A,A,70,0,2JS4.cif.gz,False,20
5JX1,A,A,70,0,5JX1.cif.gz,False,1
1WCN,A,A,70,0,1WCN.cif.gz,False,19
1RYJ,A,A,70,0,1RYJ.cif.gz,False,20
2RU9,A,A,70,0,2RU9.cif.gz,False,20
2CUC,A,A,70,0,2CUC.cif.gz,False,20
1EGL,A,A,70,0,1EGL.cif.gz,False,25
1PGX,A,A,70,0,1PGX.cif.gz,False,1
1ERG,A,A,70,0,1ERG.cif.gz,False,1
2DMU,A,A,70,0,2DMU.cif.gz,False,20
2LR8,A,A,70,0,2LR8.cif.gz,False,20
2KLU,A,A,70,0,2KLU.cif.gz,True,20
2GQC,A,A,70,0,2GQC.cif.gz,True,20
2ITA,A,A,70,0,2ITA.cif.gz,True,10
1YVC,A,A,70,0,1YVC.cif.gz,False,10
2K2A,A,A,70,0,2K2A.cif.gz,False,10
2KQ8,A,A,70,0,2KQ8.cif.gz,False,20
2COB,A,A,70,0,2COB.cif.gz,False,20
1AIL,A,A,70,0,1AIL.cif.gz,False,1
1Q1V,A,A,70,0,1Q1V.cif.gz,False,10
5MMC,A,A,70,0,5MMC.cif.gz,False,20
5JN6,A,A,70,0,5JN6.cif.gz,False,21
1I11,A,A,70,0,1I11.cif.gz,False,30
5IEC,A,A,70,0,5IEC.cif.gz,False,10
2COO,A,A,70,0,2COO.cif.gz,False,20
2KR3,A,A,70,0,2KR3.cif.gz,False,20
2N34,A,A,70,0,2N34.cif.gz,False,20
2L2M,A,A,70,0,2L2M.cif.gz,False,10
1FTZ,A,A,70,0,1FTZ.cif.gz,False,20
1FGP,A,A,70,0,1FGP.cif.gz,False,15
2LQK,A,A,70,0,2LQK.cif.gz,False,20
2DDI,A,A,70,0,2DDI.cif.gz,False,20
2DIM,A,A,70,0,2DIM.cif.gz,False,20
2CT3,A,A,70,0,2CT3.cif.gz,False,20
2DJN,A,A,70,0,2DJN.cif.gz,False,20
2CT4,A,A,70,0,2CT4.cif.gz,False,20
2CRA,A,A,70,0,2CRA.cif.gz,False,20
2CRG,A,A,70,0,2CRG.cif.gz,False,20
2RU1,A,A,70,0,2RU1.cif.gz,False,20
2M7O,A,A,70,0,2M7O.cif.gz,False,20
2YS9,A,A,70,0,2YS9.cif.gz,False,20
2DA1,A,A,70,0,2DA1.cif.gz,False,20
2M8G,A,X,70,0,2M8G.cif.gz,False,20
2K53,A,A,70,0,2K53.cif.gz,False,20
4XDX,A,A,70,0,4XDX.cif.gz,False,1
4XYP,A,A,70,0,4XYP.cif.gz,False,1
2LLV,A,A,71,0,2LLV.cif.gz,False,21
2KL7,A,A,71,0,2KL7.cif.gz,False,20
1F0M,A,A,71,0,1F0M.cif.gz,False,1
1GH9,A,A,71,0,1GH9.cif.gz,False,20
2KVT,A,A,71,0,2KVT.cif.gz,False,20
4FI5,A,A,71,0,4FI5.cif.gz,False,1
2LTP,A,A,71,0,2LTP.cif.gz,False,20
2LLW,A,A,71,0,2LLW.cif.gz,False,21
1AH9,A,A,71,0,1AH9.cif.gz,False,19
2E70,A,A,71,0,2E70.cif.gz,False,20
2LT4,A,A,71,0,2LT4.cif.gz,False,20
2KQX,A,A,71,0,2KQX.cif.gz,False,10
5O75,A,A,71,0,5O75.cif.gz,False,1
2GQI,A,A,71,0,2GQI.cif.gz,False,20
2DA7,A,A,71,0,2DA7.cif.gz,False,20
2DI0,A,A,71,0,2DI0.cif.gz,False,20
1NY4,A,A,71,0,1NY4.cif.gz,False,10
6E4N,A,A,71,0,6E4N.cif.gz,False,1
2LDI,A,A,71,0,2LDI.cif.gz,False,30
3VDJ,A,A,71,0,3VDJ.cif.gz,False,1
2KSK,A,A,71,0,2KSK.cif.gz,False,20
1VIG,A,A,71,0,1VIG.cif.gz,False,40
2LTF,A,A,71,0,2LTF.cif.gz,False,20
2LRS,A,A,71,0,2LRS.cif.gz,False,20
2CQJ,A,A,71,0,2CQJ.cif.gz,False,20
1ADZ,A,A,71,0,1ADZ.cif.gz,False,30
1G2S,A,A,71,0,1G2S.cif.gz,False,1
4NSM,A,A,71,0,4NSM.cif.gz,False,1
2L2N,A,A,71,0,2L2N.cif.gz,False,10
2EWT,A,A,71,0,2EWT.cif.gz,False,1
2AJ0,A,A,71,0,2AJ0.cif.gz,False,20
2DNU,A,A,71,0,2DNU.cif.gz,False,20
2M2E,A,A,71,0,2M2E.cif.gz,False,20
2KIS,A,A,71,0,2KIS.cif.gz,False,7
2M2J,A,A,71,0,2M2J.cif.gz,False,20
5GUA,A,A,71,0,5GUA.cif.gz,False,1
2B1U,A,A,71,0,2B1U.cif.gz,False,20
2LGW,A,A,71,0,2LGW.cif.gz,False,15
2B7V,A,A,71,0,2B7V.cif.gz,False,20
2JT1,A,A,71,0,2JT1.cif.gz,False,20
2CRE,A,A,71,0,2CRE.cif.gz,False,20
1BBI,A,A,71,0,1BBI.cif.gz,False,1
2RMR,A,A,71,0,2RMR.cif.gz,False,20
1WI3,A,A,71,0,1WI3.cif.gz,False,20
1DOL,A,A,71,0,1DOL.cif.gz,False,1
1BB8,A,A,71,0,1BB8.cif.gz,False,25
2EO2,A,A,71,0,2EO2.cif.gz,False,20
3ZBE,A,A,71,0,3ZBE.cif.gz,False,50
2HH3,A,A,71,0,2HH3.cif.gz,False,20
4ZMK,A,A,71,0,4ZMK.cif.gz,False,1
1POU,A,A,71,0,1POU.cif.gz,False,20
2JVE,A,A,71,0,2JVE.cif.gz,False,20
1WU0,A,A,72,0,1WU0.cif.gz,True,30
2JO1,A,A,72,0,2JO1.cif.gz,True,20
2CQQ,A,A,72,0,2CQQ.cif.gz,False,20
1JW2,A,A,72,0,1JW2.cif.gz,False,10
1WM3,A,A,72,0,1WM3.cif.gz,False,1
2DL8,A,A,72,0,2DL8.cif.gz,False,20
2VC8,A,A,72,0,2VC8.cif.gz,False,1
2MQH,A,A,72,0,2MQH.cif.gz,False,20
2MRL,A,A,72,0,2MRL.cif.gz,False,20
1NTN,A,A,72,0,1NTN.cif.gz,False,1
3UCI,A,A,72,0,3UCI.cif.gz,False,1
2JW4,A,A,72,0,2JW4.cif.gz,False,20
1AFI,A,A,72,0,1AFI.cif.gz,False,20
1AW0,A,A,72,0,1AW0.cif.gz,False,20
1FVQ,A,A,72,0,1FVQ.cif.gz,False,1
2JVG,A,A,72,0,2JVG.cif.gz,False,20
2CQX,A,A,72,0,2CQX.cif.gz,False,20
2L0A,A,A,72,0,2L0A.cif.gz,False,20
2J5O,A,A,72,0,2J5O.cif.gz,False,20
2KXE,A,A,72,0,2KXE.cif.gz,False,20
1LEA,A,A,72,0,1LEA.cif.gz,False,1
1EIJ,A,A,72,0,1EIJ.cif.gz,False,10
1SPK,A,A,72,0,1SPK.cif.gz,False,20
2JYE,A,A,72,0,2JYE.cif.gz,False,10
2LQT,A,A,72,0,2LQT.cif.gz,False,20
6E4J,A,A,72,0,6E4J.cif.gz,False,20
3ADG,A,A,72,0,3ADG.cif.gz,False,1
1WI9,A,A,72,0,1WI9.cif.gz,False,20
4XOF,A,A,72,0,4XOF.cif.gz,False,1
2MB7,A,A,72,0,2MB7.cif.gz,False,20
1PM6,A,A,72,0,1PM6.cif.gz,False,20
2KGT,A,A,72,0,2KGT.cif.gz,False,20
2K7C,A,A,72,0,2K7C.cif.gz,False,15
2K6X,A,A,72,0,2K6X.cif.gz,False,20
1PVE,A,A,72,0,1PVE.cif.gz,False,20
1UGV,A,A,72,0,1UGV.cif.gz,False,20
1B0X,A,A,72,0,1B0X.cif.gz,False,1
2CU7,A,A,72,0,2CU7.cif.gz,False,20
1Z7T,A,A,72,0,1Z7T.cif.gz,False,20
1UHS,A,A,72,0,1UHS.cif.gz,False,20
5XS1,A,A,73,0,5XS1.cif.gz,False,10
2K5E,A,A,73,0,2K5E.cif.gz,False,20
1M94,A,A,73,0,1M94.cif.gz,False,20
2LEK,A,A,73,0,2LEK.cif.gz,False,20
2L2D,A,A,73,0,2L2D.cif.gz,False,20
2EHF,A,A,73,0,2EHF.cif.gz,False,20
5ZNE,A,A,73,0,5ZNE.cif.gz,False,1
1MWY,A,A,73,0,1MWY.cif.gz,False,30
1FES,A,A,73,0,1FES.cif.gz,False,1
1EIG,A,A,73,0,1EIG.cif.gz,False,1
1VG5,A,A,73,0,1VG5.cif.gz,False,20
2ONT,A,A,73,0,2ONT.cif.gz,False,1
1QKF,A,A,73,0,1QKF.cif.gz,False,1
1UJ8,A,A,73,0,1UJ8.cif.gz,False,1
2KMM,A,A,73,0,2KMM.cif.gz,False,20
5M4T,A,A,73,0,5M4T.cif.gz,True,35
5KTF,A,A,73,0,5KTF.cif.gz,True,20
2GCF,A,A,73,0,2GCF.cif.gz,False,21
6CQ7,A,A,73,0,6CQ7.cif.gz,False,1
1X2N,A,A,73,0,1X2N.cif.gz,False,20
2K47,A,A,73,0,2K47.cif.gz,False,20
1WGX,A,A,73,0,1WGX.cif.gz,False,20
1GXI,A,E,73,0,1GXI.cif.gz,False,14
1KN6,A,A,73,0,1KN6.cif.gz,False,20
1WIV,A,A,73,0,1WIV.cif.gz,False,20
2DK7,A,A,73,0,2DK7.cif.gz,False,20
1LR7,A,A,73,0,1LR7.cif.gz,False,1
2EBP,A,A,73,0,2EBP.cif.gz,False,20
1BO9,A,A,73,0,1BO9.cif.gz,False,21
3ZHI,A,A,73,0,3ZHI.cif.gz,False,1
4BKG,A,A,73,0,4BKG.cif.gz,False,1
2JV8,A,A,73,0,2JV8.cif.gz,False,20
2KLD,A,A,73,0,2KLD.cif.gz,False,10
1CMF,A,A,73,0,1CMF.cif.gz,False,20
5OAO,A,A,73,0,5OAO.cif.gz,False,20
1AP0,A,A,73,0,1AP0.cif.gz,False,26
1P8G,A,A,73,0,1P8G.cif.gz,False,30
2B7T,A,A,73,0,2B7T.cif.gz,False,20
2KFV,A,A,73,0,2KFV.cif.gz,False,20
2CQR,A,A,73,0,2CQR.cif.gz,False,20
1U5M,A,A,73,0,1U5M.cif.gz,False,20
1RJT,A,A,73,0,1RJT.cif.gz,False,10
1HMA,A,A,73,0,1HMA.cif.gz,False,20
1X59,A,A,73,0,1X59.cif.gz,False,20
2RTS,A,A,73,0,2RTS.cif.gz,False,30
2MC5,A,A,73,0,2MC5.cif.gz,False,1
2GLE,A,A,74,0,2GLE.cif.gz,False,20
1KJS,A,A,74,0,1KJS.cif.gz,False,20
3ZZP,A,A,74,0,3ZZP.cif.gz,False,1
2LY9,A,A,74,0,2LY9.cif.gz,False,20
2EQU,A,A,74,0,2EQU.cif.gz,False,20
2EXD,A,A,74,0,2EXD.cif.gz,False,20
1WFW,A,A,74,0,1WFW.cif.gz,False,20
2M0Y,A,A,74,0,2M0Y.cif.gz,False,20
2F40,A,A,74,0,2F40.cif.gz,False,10
1J3T,A,A,74,0,1J3T.cif.gz,False,20
2DAG,A,A,74,0,2DAG.cif.gz,False,20
1EL0,A,A,74,0,1EL0.cif.gz,False,30
1TH5,A,A,74,0,1TH5.cif.gz,False,20
2LMG,A,A,74,0,2LMG.cif.gz,False,20
2MPK,A,A,74,0,2MPK.cif.gz,False,20
6BA3,A,A,74,0,6BA3.cif.gz,False,20
1HOE,A,A,74,0,1HOE.cif.gz,False,1
2RRE,A,A,74,0,2RRE.cif.gz,False,20
2YRA,A,A,74,0,2YRA.cif.gz,False,20
2L7R,A,A,74,0,2L7R.cif.gz,False,20
2CGQ,A,A,74,0,2CGQ.cif.gz,False,1
2D9U,A,A,74,0,2D9U.cif.gz,False,20
1APJ,A,A,74,0,1APJ.cif.gz,False,21
1K9C,A,A,74,0,1K9C.cif.gz,False,20
1X8Y,A,A,74,0,1X8Y.cif.gz,False,1
2KRS,A,A,74,0,2KRS.cif.gz,False,20
2JRO,A,A,74,0,2JRO.cif.gz,False,20
2KHR,A,A,74,0,2KHR.cif.gz,False,20
1WVN,A,A,74,0,1WVN.cif.gz,False,1
2K52,A,A,74,0,2K52.cif.gz,False,20
2L03,A,A,74,0,2L03.cif.gz,False,20
2KCM,A,A,74,0,2KCM.cif.gz,False,20
2OSQ,A,A,74,0,2OSQ.cif.gz,False,20
1VEJ,A,A,74,0,1VEJ.cif.gz,False,20
2K5N,A,A,74,0,2K5N.cif.gz,False,20
2KTA,A,A,74,0,2KTA.cif.gz,False,20
1NEQ,A,A,74,0,1NEQ.cif.gz,False,1
1YWY,A,A,74,0,1YWY.cif.gz,False,20
2AKK,A,A,74,0,2AKK.cif.gz,False,20
1BCG,A,A,74,0,1BCG.cif.gz,False,1
2N11,A,A,74,0,2N11.cif.gz,False,20
1O6W,A,A,75,0,1O6W.cif.gz,False,7
6H0I,A,A,75,0,6H0I.cif.gz,False,20
1KSQ,A,A,75,0,1KSQ.cif.gz,False,20
1YJR,A,A,75,0,1YJR.cif.gz,False,30
1ZVA,A,A,75,0,1ZVA.cif.gz,False,1
2DA5,A,A,75,0,2DA5.cif.gz,False,20
1SG7,A,A,75,0,1SG7.cif.gz,False,17
2DAE,A,A,75,0,2DAE.cif.gz,False,20
3E56,A,A,75,0,3E56.cif.gz,False,1
1IQT,A,A,75,0,1IQT.cif.gz,False,20
1TVS,A,A,75,0,1TVS.cif.gz,False,8
6HKC,A,A,75,0,6HKC.cif.gz,False,20
2M0C,A,A,75,0,2M0C.cif.gz,False,20
2MBE,A,A,75,0,2MBE.cif.gz,False,8
2H3J,A,A,75,0,2H3J.cif.gz,False,20
2GMO,A,A,75,0,2GMO.cif.gz,False,10
2LN8,A,A,75,0,2LN8.cif.gz,False,10
1GHC,A,A,75,0,1GHC.cif.gz,False,14
2MSS,A,A,75,0,2MSS.cif.gz,False,1
1KN7,A,A,75,0,1KN7.cif.gz,False,25
5NOD,A,A,75,0,5NOD.cif.gz,False,1
2YUM,A,A,75,0,2YUM.cif.gz,False,20
2EGC,A,A,75,0,2EGC.cif.gz,False,20
2KSD,A,A,75,0,2KSD.cif.gz,True,20
1HYP,A,A,75,0,1HYP.cif.gz,False,1
2JXW,A,A,75,0,2JXW.cif.gz,False,20
2JTO,A,A,75,0,2JTO.cif.gz,False,20
2HJ8,A,A,75,0,2HJ8.cif.gz,False,20
2MA1,A,A,75,0,2MA1.cif.gz,False,1
2V6Z,A,M,75,0,2V6Z.cif.gz,False,20
2LT1,A,A,75,0,2LT1.cif.gz,False,20
2G0C,A,A,75,0,2G0C.cif.gz,False,1
2M4G,A,A,75,0,2M4G.cif.gz,False,20
2LYH,A,A,75,0,2LYH.cif.gz,False,20
3T46,A,A,75,0,3T46.cif.gz,False,1
2O2O,A,A,75,0,2O2O.cif.gz,False,27
2MYX,A,A,75,0,2MYX.cif.gz,False,20
6HQ1,A,A,75,0,6HQ1.cif.gz,False,20
2EGE,A,A,75,0,2EGE.cif.gz,False,20
1HD0,A,A,75,0,1HD0.cif.gz,False,1
1D9N,A,A,75,0,1D9N.cif.gz,False,25
2KVU,A,A,75,0,2KVU.cif.gz,False,20
2GCX,A,A,75,0,2GCX.cif.gz,False,20
2LCC,A,A,76,0,2LCC.cif.gz,False,20
2ECC,A,A,76,0,2ECC.cif.gz,False,20
1TNS,A,A,76,0,1TNS.cif.gz,False,1
1VAZ,A,A,76,0,1VAZ.cif.gz,False,10
2N6R,A,A,76,0,2N6R.cif.gz,False,20
2KT8,A,A,76,0,2KT8.cif.gz,False,20
2N7Y,A,A,76,0,2N7Y.cif.gz,False,20
2GYT,A,A,76,0,2GYT.cif.gz,False,10
1UVG,A,A,76,0,1UVG.cif.gz,False,31
2N8F,A,A,76,0,2N8F.cif.gz,False,20
1TIF,A,A,76,0,1TIF.cif.gz,False,1
2EPD,A,A,76,0,2EPD.cif.gz,False,20
1RRB,A,A,76,0,1RRB.cif.gz,False,1
1QGP,A,A,76,0,1QGP.cif.gz,False,15
2ED1,A,A,76,0,2ED1.cif.gz,False,20
1ZHC,A,A,76,0,1ZHC.cif.gz,False,20
1UJY,A,A,76,0,1UJY.cif.gz,False,20
1ADR,A,A,76,0,1ADR.cif.gz,False,20
2N8K,A,A,76,0,2N8K.cif.gz,False,20
1ACI,A,A,76,0,1ACI.cif.gz,False,20
2R13,A,A,76,0,2R13.cif.gz,False,1
6I05,A,A,76,0,6I05.cif.gz,False,1
2AL3,A,A,76,0,2AL3.cif.gz,False,20
1C01,A,A,76,0,1C01.cif.gz,False,20
5MWW,A,A,76,0,5MWW.cif.gz,False,20
2KZ0,A,A,76,0,2KZ0.cif.gz,False,20
2L7K,A,A,76,0,2L7K.cif.gz,False,20
1VZS,A,A,76,0,1VZS.cif.gz,False,34
1BOC,A,A,76,0,1BOC.cif.gz,False,29
2LXR,A,A,76,0,2LXR.cif.gz,False,20
5IX9,A,A,76,0,5IX9.cif.gz,False,20
1OPZ,A,A,76,0,1OPZ.cif.gz,False,1
2PMR,A,A,76,0,2PMR.cif.gz,False,1
1H75,A,A,76,0,1H75.cif.gz,False,1
2K9L,A,A,76,0,2K9L.cif.gz,False,20
1DNY,A,A,76,0,1DNY.cif.gz,False,21
2DN0,A,A,76,0,2DN0.cif.gz,False,20
1SRO,A,A,76,0,1SRO.cif.gz,False,20
2N99,A,A,76,0,2N99.cif.gz,False,20
2JUB,A,A,76,0,2JUB.cif.gz,False,20
5L7B,A,A,76,0,5L7B.cif.gz,False,20
1DU2,A,A,76,0,1DU2.cif.gz,False,20
1L2N,A,A,76,0,1L2N.cif.gz,False,20
3B7H,A,A,76,0,3B7H.cif.gz,False,1
1WCL,A,A,76,0,1WCL.cif.gz,False,19
2JV2,A,A,76,0,2JV2.cif.gz,False,22
2OO2,A,A,76,0,2OO2.cif.gz,False,1
2DK4,A,A,76,0,2DK4.cif.gz,False,20
2DW3,A,A,77,0,2DW3.cif.gz,True,7
1Y3K,A,A,77,0,1Y3K.cif.gz,False,20
1HME,A,A,77,0,1HME.cif.gz,False,1
1EIK,A,A,77,0,1EIK.cif.gz,False,10
2WYQ,A,A,77,0,2WYQ.cif.gz,False,1
2MP1,A,A,77,0,2MP1.cif.gz,False,20
2KVI,A,A,77,0,2KVI.cif.gz,False,20
2JMC,A,A,77,0,2JMC.cif.gz,False,20
1VCC,A,A,77,0,1VCC.cif.gz,False,1
1G91,A,A,77,0,1G91.cif.gz,False,30
5KVR,A,A,77,0,5KVR.cif.gz,False,1
2MLG,A,A,77,0,2MLG.cif.gz,False,20
1ITP,A,A,77,0,1ITP.cif.gz,False,20
2KDB,A,A,77,0,2KDB.cif.gz,False,20
1RI9,A,A,77,0,1RI9.cif.gz,False,20
2MCQ,A,A,77,0,2MCQ.cif.gz,False,10
1AWJ,A,A,77,0,1AWJ.cif.gz,False,1
2ENM,A,A,77,0,2ENM.cif.gz,False,20
1ILO,A,A,77,0,1ILO.cif.gz,False,21
2GUT,A,A,77,0,2GUT.cif.gz,False,15
2G9O,A,A,77,0,2G9O.cif.gz,False,30
1Z0P,A,A,77,0,1Z0P.cif.gz,False,1
1YXR,A,A,77,0,1YXR.cif.gz,False,20
1B2T,A,A,77,0,1B2T.cif.gz,False,20
5UTV,A,A,77,0,5UTV.cif.gz,False,20
5X4F,A,A,77,0,5X4F.cif.gz,False,10
2JNG,A,A,77,0,2JNG.cif.gz,False,20
2CQN,A,A,77,0,2CQN.cif.gz,False,20
1EO0,A,A,77,0,1EO0.cif.gz,False,10
1HDJ,A,A,77,0,1HDJ.cif.gz,False,20
2LVI,A,A,77,0,2LVI.cif.gz,False,20
1PQS,A,A,77,0,1PQS.cif.gz,False,20
2M8U,A,A,77,0,2M8U.cif.gz,False,20
2MQJ,A,A,77,0,2MQJ.cif.gz,False,20
1UTA,A,A,77,0,1UTA.cif.gz,False,45
1BQZ,A,A,77,0,1BQZ.cif.gz,False,20
1BQ0,A,A,77,0,1BQ0.cif.gz,False,20
2JZ6,A,A,77,0,2JZ6.cif.gz,False,20
2JVO,A,A,77,0,2JVO.cif.gz,False,20
2K4R,A,A,77,0,2K4R.cif.gz,False,29
2DJP,A,A,77,0,2DJP.cif.gz,False,20
2D8J,A,A,77,0,2D8J.cif.gz,False,20
2B8I,A,A,77,0,2B8I.cif.gz,False,1
1EOQ,A,A,77,0,1EOQ.cif.gz,False,1
2MMP,A,A,77,0,2MMP.cif.gz,False,20
6BZL,A,A,77,0,6BZL.cif.gz,False,10
2JOJ,A,A,77,0,2JOJ.cif.gz,False,16
2RPA,A,A,77,0,2RPA.cif.gz,False,20
2HDL,A,A,77,0,2HDL.cif.gz,False,20
1F54,A,A,77,0,1F54.cif.gz,False,30
2KI2,A,A,77,0,2KI2.cif.gz,False,20
3JTZ,A,A,77,0,3JTZ.cif.gz,False,1
2KQ6,A,A,78,0,2KQ6.cif.gz,False,20
2KER,A,A,78,0,2KER.cif.gz,False,20
2FCD,A,A,78,0,2FCD.cif.gz,False,1
2NBU,A,A,78,0,2NBU.cif.gz,False,20
2LH9,A,A,78,0,2LH9.cif.gz,False,20
1NO8,A,A,78,0,1NO8.cif.gz,False,32
2MA4,A,A,78,0,2MA4.cif.gz,False,20
2ZEQ,A,A,78,0,2ZEQ.cif.gz,False,1
1RFA,A,A,78,0,1RFA.cif.gz,False,30
2EYW,A,A,78,0,2EYW.cif.gz,False,1
1XPV,A,A,78,0,1XPV.cif.gz,False,20
1T1H,A,A,78,0,1T1H.cif.gz,False,20
1PAV,A,A,78,0,1PAV.cif.gz,False,10
1K1Z,A,A,78,0,1K1Z.cif.gz,False,1
2JXX,A,A,78,0,2JXX.cif.gz,False,20
1IBA,A,A,78,0,1IBA.cif.gz,False,11
1X4O,A,A,78,0,1X4O.cif.gz,False,20
5H9C,A,A,78,0,5H9C.cif.gz,False,1
2J8B,A,A,78,0,2J8B.cif.gz,False,1
2DNT,A,A,78,0,2DNT.cif.gz,False,20
2GTG,A,A,78,0,2GTG.cif.gz,False,1
2LRW,A,A,78,0,2LRW.cif.gz,False,20
5MPV,A,D,78,0,5MPV.cif.gz,False,1
2KEB,A,A,78,0,2KEB.cif.gz,False,20
2CTP,A,A,78,0,2CTP.cif.gz,False,20
1JQ0,A,A,78,0,1JQ0.cif.gz,False,1
2KVV,A,A,78,0,2KVV.cif.gz,False,20
2D9T,A,A,78,0,2D9T.cif.gz,False,20
1UHM,A,A,78,0,1UHM.cif.gz,False,20
1WH2,A,A,78,0,1WH2.cif.gz,False,20
1XN7,A,A,78,0,1XN7.cif.gz,False,20
2PTL,A,A,78,0,2PTL.cif.gz,False,21
2DL5,A,A,78,0,2DL5.cif.gz,False,20
6CUC,A,A,78,0,6CUC.cif.gz,False,20
2L3P,A,A,78,0,2L3P.cif.gz,False,20
2LHR,A,A,78,0,2LHR.cif.gz,False,20
1V38,A,A,78,0,1V38.cif.gz,False,20
1OQK,A,A,78,0,1OQK.cif.gz,False,22
2K5P,A,A,78,0,2K5P.cif.gz,False,20
6OZX,A,A,78,0,6OZX.cif.gz,False,1
1AOY,A,A,78,0,1AOY.cif.gz,False,23
2LW5,A,A,78,0,2LW5.cif.gz,False,20
2HGC,A,A,78,0,2HGC.cif.gz,False,20
2ED0,A,A,78,0,2ED0.cif.gz,False,20
2MRP,A,A,79,0,2MRP.cif.gz,False,10
2JR1,A,A,79,0,2JR1.cif.gz,False,20
2KHX,A,A,79,0,2KHX.cif.gz,False,10
6EXX,A,A,79,0,6EXX.cif.gz,False,1
2K02,A,A,79,0,2K02.cif.gz,False,20
1P9K,A,A,79,0,1P9K.cif.gz,False,20
1O8T,A,A,79,0,1O8T.cif.gz,False,68
1X69,A,A,79,0,1X69.cif.gz,False,20
1KVI,A,A,79,0,1KVI.cif.gz,False,10
2N50,A,A,79,0,2N50.cif.gz,False,20
3K3V,A,A,79,0,3K3V.cif.gz,False,1
6SX1,A,A,79,0,6SX1.cif.gz,False,1
3W63,A,A,79,0,3W63.cif.gz,False,1
2YUN,A,A,79,0,2YUN.cif.gz,False,20
2DJV,A,A,79,0,2DJV.cif.gz,False,20
2JMB,A,A,79,0,2JMB.cif.gz,False,20
4KMC,A,A,79,0,4KMC.cif.gz,False,1
1X6B,A,A,79,0,1X6B.cif.gz,False,20
2YUS,A,A,79,0,2YUS.cif.gz,False,20
1X3U,A,A,79,0,1X3U.cif.gz,False,20
2KP6,A,A,79,0,2KP6.cif.gz,False,20
2JPN,A,A,79,0,2JPN.cif.gz,False,20
2JOR,A,A,79,0,2JOR.cif.gz,False,20
6NL3,A,A,79,0,6NL3.cif.gz,False,20
2MYW,A,A,79,0,2MYW.cif.gz,False,20
1KP6,A,A,79,0,1KP6.cif.gz,False,1
1WVO,A,A,79,0,1WVO.cif.gz,False,20
2CUD,A,A,79,0,2CUD.cif.gz,False,20
4MO0,A,A,79,0,4MO0.cif.gz,False,1
1X60,A,A,79,0,1X60.cif.gz,False,30
3DKM,A,A,79,0,3DKM.cif.gz,False,1
2YTV,A,A,79,0,2YTV.cif.gz,False,20
5G4D,A,A,79,0,5G4D.cif.gz,False,1
2FI0,A,A,79,0,2FI0.cif.gz,False,1
2BZ2,A,A,79,0,2BZ2.cif.gz,False,20
2HH2,A,A,79,0,2HH2.cif.gz,False,20
1FAF,A,A,79,0,1FAF.cif.gz,False,47
1A91,A,A,79,0,1A91.cif.gz,True,10
1GHJ,A,A,79,0,1GHJ.cif.gz,False,1
2N5U,A,A,79,0,2N5U.cif.gz,False,20
1H95,A,A,79,0,1H95.cif.gz,False,10
1UHC,A,A,79,0,1UHC.cif.gz,False,20
2MYV,A,A,79,0,2MYV.cif.gz,False,20
2DA3,A,A,80,0,2DA3.cif.gz,False,20
2CR7,A,A,80,0,2CR7.cif.gz,False,20
2DMQ,A,A,80,0,2DMQ.cif.gz,False,20
5W0H,A,A,80,0,5W0H.cif.gz,False,1
2K9P,A,A,80,0,2K9P.cif.gz,True,20
1USM,A,A,80,0,1USM.cif.gz,False,1
2KBQ,A,A,80,0,2KBQ.cif.gz,False,20
1BY9,A,A,80,0,1BY9.cif.gz,False,1
1WH5,A,A,80,0,1WH5.cif.gz,False,20
1QRY,A,A,80,0,1QRY.cif.gz,False,20
5TTB,A,A,80,0,5TTB.cif.gz,False,20
1IMT,A,A,80,0,1IMT.cif.gz,False,39
1LAB,A,A,80,0,1LAB.cif.gz,False,11
2I0N,A,A,80,0,2I0N.cif.gz,False,20
2M4V,A,A,80,0,2M4V.cif.gz,False,35
2KVS,A,A,80,0,2KVS.cif.gz,False,20
1X3O,A,A,80,0,1X3O.cif.gz,False,1
1M39,A,A,80,0,1M39.cif.gz,False,25
2EAM,A,A,80,0,2EAM.cif.gz,False,20
2D8H,A,A,80,0,2D8H.cif.gz,False,20
2EKH,A,A,80,0,2EKH.cif.gz,False,20
2LW6,A,A,80,0,2LW6.cif.gz,False,20
2A7Y,A,A,80,0,2A7Y.cif.gz,False,25
2L95,A,A,80,0,2L95.cif.gz,False,10
2Q79,A,A,80,0,2Q79.cif.gz,False,1
4AGH,A,A,80,0,4AGH.cif.gz,False,1
1VDL,A,A,80,0,1VDL.cif.gz,False,20
3B4D,A,A,80,0,3B4D.cif.gz,False,1
1TTN,A,A,80,0,1TTN.cif.gz,False,15
2DMT,A,A,80,0,2DMT.cif.gz,False,20
1UE9,A,A,80,0,1UE9.cif.gz,False,20
2LNB,A,A,80,0,2LNB.cif.gz,False,20
1ZZK,A,A,80,0,1ZZK.cif.gz,False,1
6H8I,A,A,80,0,6H8I.cif.gz,False,1
1U39,A,A,80,0,1U39.cif.gz,False,20
2JYA,A,A,80,0,2JYA.cif.gz,False,20
4CU2,A,A,80,0,4CU2.cif.gz,False,1
6FJ7,A,A,80,0,6FJ7.cif.gz,False,1
2FB7,A,A,80,0,2FB7.cif.gz,False,10
1ZZV,A,A,80,0,1ZZV.cif.gz,False,20
1B4R,A,A,80,0,1B4R.cif.gz,False,20
1JWW,A,A,80,0,1JWW.cif.gz,False,30
1XU6,A,A,80,0,1XU6.cif.gz,False,60
1XS3,A,A,80,0,1XS3.cif.gz,False,20
2JVR,A,A,80,0,2JVR.cif.gz,False,20
2JVM,A,A,80,0,2JVM.cif.gz,False,20
2K89,A,A,80,0,2K89.cif.gz,False,15
2CUE,A,A,80,0,2CUE.cif.gz,False,20
1DV5,A,A,80,0,1DV5.cif.gz,False,30
2KP7,A,A,80,0,2KP7.cif.gz,False,20
2ZQE,A,A,80,0,2ZQE.cif.gz,False,1
4A20,A,A,80,0,4A20.cif.gz,False,1
2DA4,A,A,80,0,2DA4.cif.gz,False,20
2N28,A,A,81,0,2N28.cif.gz,True,1
2M67,A,A,81,0,2M67.cif.gz,True,10
2ES6,A,A,81,0,2ES6.cif.gz,False,20
1LRE,A,A,81,0,1LRE.cif.gz,False,20
2LRA,A,A,81,0,2LRA.cif.gz,False,10
5N9V,A,A,81,0,5N9V.cif.gz,False,20
4F25,A,A,81,0,4F25.cif.gz,False,1
1COO,A,A,81,0,1COO.cif.gz,False,1
2MX2,A,A,81,0,2MX2.cif.gz,False,20
2LOL,A,A,81,0,2LOL.cif.gz,False,10
1GJX,A,A,81,0,1GJX.cif.gz,False,18
5ZMB,A,A,81,0,5ZMB.cif.gz,False,20
1MUZ,A,A,81,0,1MUZ.cif.gz,False,20
1M7K,A,A,81,0,1M7K.cif.gz,False,20
6IW3,A,A,81,0,6IW3.cif.gz,False,1
1RIP,A,A,81,0,1RIP.cif.gz,False,6
1UCV,A,A,81,0,1UCV.cif.gz,False,20
2JS9,A,A,81,0,2JS9.cif.gz,False,15
1GHH,A,A,81,0,1GHH.cif.gz,False,20
2D7L,A,A,81,0,2D7L.cif.gz,False,20
2MA2,A,A,81,0,2MA2.cif.gz,False,10
2KW0,A,A,81,0,2KW0.cif.gz,False,20
1X6G,A,A,81,0,1X6G.cif.gz,False,20
2HGN,A,A,81,0,2HGN.cif.gz,False,15
1PBA,A,A,81,0,1PBA.cif.gz,False,20
2HTJ,A,A,81,0,2HTJ.cif.gz,False,1
1TSF,A,A,81,0,1TSF.cif.gz,False,1
1WR0,A,A,81,0,1WR0.cif.gz,False,20
2RQX,A,A,81,0,2RQX.cif.gz,False,20
1X43,A,A,81,0,1X43.cif.gz,False,20
5O2M,A,A,81,0,5O2M.cif.gz,False,40
6D6X,A,A,81,0,6D6X.cif.gz,False,20
2LMR,A,A,81,0,2LMR.cif.gz,False,20
2M4K,A,A,81,0,2M4K.cif.gz,False,20
2FH0,A,A,81,0,2FH0.cif.gz,False,20
1D8B,A,A,81,0,1D8B.cif.gz,False,15
2YSQ,A,A,81,0,2YSQ.cif.gz,False,20
2DY7,A,A,81,0,2DY7.cif.gz,False,20
1O6X,A,A,81,0,1O6X.cif.gz,False,20
5LXL,A,A,81,0,5LXL.cif.gz,False,20
2DK8,A,A,81,0,2DK8.cif.gz,False,20
2KG5,A,A,81,0,2KG5.cif.gz,False,20
2M7Z,A,A,81,0,2M7Z.cif.gz,False,20
2DZI,A,A,81,0,2DZI.cif.gz,False,20
2LU2,A,A,81,0,2LU2.cif.gz,False,10
6JZA,A,A,81,0,6JZA.cif.gz,False,1
2LKL,A,A,81,0,2LKL.cif.gz,False,39
6MWM,A,A,81,0,6MWM.cif.gz,False,20
4LHF,A,A,81,0,4LHF.cif.gz,False,1
1IQZ,A,A,81,0,1IQZ.cif.gz,False,1
2NCL,A,A,81,0,2NCL.cif.gz,False,20
1URF,A,A,81,0,1URF.cif.gz,False,24
4RWU,A,A,81,0,4RWU.cif.gz,False,1
2KUB,A,A,81,0,2KUB.cif.gz,False,10
3LLB,A,A,81,0,3LLB.cif.gz,False,1
1Q0V,A,A,81,0,1Q0V.cif.gz,False,20
2H80,A,A,81,0,2H80.cif.gz,False,20
1DCJ,A,A,81,0,1DCJ.cif.gz,False,20
2JML,A,A,81,0,2JML.cif.gz,False,20
1D8J,A,A,81,0,1D8J.cif.gz,False,20
2N5Z,A,A,82,0,2N5Z.cif.gz,False,20
2LU7,A,A,82,0,2LU7.cif.gz,False,20
6QEU,A,A,82,0,6QEU.cif.gz,False,10
2GJI,A,A,82,0,2GJI.cif.gz,False,10
3K9A,A,A,82,0,3K9A.cif.gz,False,1
1R6J,A,A,82,0,1R6J.cif.gz,False,1
1H8C,A,A,82,0,1H8C.cif.gz,False,20
5OVM,A,A,82,0,5OVM.cif.gz,False,20
3FBL,A,A,82,0,3FBL.cif.gz,False,1
3RD2,A,A,82,0,3RD2.cif.gz,False,1
1OV2,A,A,82,0,1OV2.cif.gz,False,39
5O6F,A,A,82,0,5O6F.cif.gz,False,15
2HZD,A,A,82,0,2HZD.cif.gz,False,25
1ULN,A,A,82,0,1ULN.cif.gz,False,1
2L55,A,A,82,0,2L55.cif.gz,False,20
2DOD,A,A,82,0,2DOD.cif.gz,False,20
1FH1,A,A,82,0,1FH1.cif.gz,False,1
2KON,A,A,82,0,2KON.cif.gz,False,20
2MZJ,A,A,82,0,2MZJ.cif.gz,False,20
1P6R,A,A,82,0,1P6R.cif.gz,False,19
2MUY,A,A,82,0,2MUY.cif.gz,False,20
5JOL,A,A,82,0,5JOL.cif.gz,False,30
1ZPW,A,X,82,0,1ZPW.cif.gz,False,1
2MX0,A,A,82,0,2MX0.cif.gz,False,20
2EFV,A,A,82,0,2EFV.cif.gz,False,1
6QLC,A,A,82,0,6QLC.cif.gz,False,1
2N12,A,A,82,0,2N12.cif.gz,False,20
3LDC,A,A,82,0,3LDC.cif.gz,True,1
2MEW,A,A,82,0,2MEW.cif.gz,False,20
1FOV,A,A,82,0,1FOV.cif.gz,False,20
2A02,A,A,82,0,2A02.cif.gz,False,20
3ZII,A,A,82,0,3ZII.cif.gz,False,1
2LJM,A,A,82,0,2LJM.cif.gz,False,20
2FMC,A,A,82,0,2FMC.cif.gz,False,20
1PUZ,A,A,82,0,1PUZ.cif.gz,False,20
6CZT,A,A,82,0,6CZT.cif.gz,False,10
2FJ6,A,A,82,0,2FJ6.cif.gz,False,10
2F09,A,A,82,0,2F09.cif.gz,False,20
2JVW,A,A,82,0,2JVW.cif.gz,False,20
2FYJ,A,A,82,0,2FYJ.cif.gz,False,15
2CNR,A,A,82,0,2CNR.cif.gz,False,20
1WZ6,A,A,82,0,1WZ6.cif.gz,False,20
2KT1,A,A,82,0,2KT1.cif.gz,False,20
2AVA,A,A,82,0,2AVA.cif.gz,False,20
4OD6,A,A,82,0,4OD6.cif.gz,False,1
2M6U,A,A,82,0,2M6U.cif.gz,False,20
2LSO,A,A,83,0,2LSO.cif.gz,False,20
2JNV,A,A,83,0,2JNV.cif.gz,False,20
2ZRR,A,A,83,0,2ZRR.cif.gz,False,1
2DOE,A,A,83,0,2DOE.cif.gz,False,20
6J3L,A,A,83,0,6J3L.cif.gz,False,10
2CKX,A,A,83,0,2CKX.cif.gz,False,1
1BB9,A,A,83,0,1BB9.cif.gz,False,1
1AAB,A,A,83,0,1AAB.cif.gz,False,33
1A1W,A,A,83,0,1A1W.cif.gz,False,1
2JQ4,A,A,83,0,2JQ4.cif.gz,False,20
2L1S,A,A,83,0,2L1S.cif.gz,False,20
2L1P,A,A,83,0,2L1P.cif.gz,False,20
5NPG,A,A,83,0,5NPG.cif.gz,False,10
2AYM,A,A,83,0,2AYM.cif.gz,False,20
2DMN,A,A,83,0,2DMN.cif.gz,False,20
2JOW,A,A,83,0,2JOW.cif.gz,False,20
1YX7,A,A,83,0,1YX7.cif.gz,False,1
1UFZ,A,A,83,0,1UFZ.cif.gz,False,20
4YPC,A,A,83,0,4YPC.cif.gz,False,1
2RVL,A,A,83,0,2RVL.cif.gz,False,20
2EAN,A,A,83,0,2EAN.cif.gz,False,20
1VEG,A,A,83,0,1VEG.cif.gz,False,20
1IUA,A,A,83,0,1IUA.cif.gz,False,1
1PHT,A,A,83,0,1PHT.cif.gz,False,1
2LQL,A,A,83,0,2LQL.cif.gz,False,20
1IYR,A,A,83,0,1IYR.cif.gz,False,10
2KV8,A,A,83,0,2KV8.cif.gz,False,20
1I71,A,A,83,0,1I71.cif.gz,False,1
5Y3C,A,A,83,0,5Y3C.cif.gz,False,1
1SE7,A,A,83,0,1SE7.cif.gz,False,7
2YX5,A,A,83,0,2YX5.cif.gz,False,1
2E71,A,A,83,0,2E71.cif.gz,False,20
2KZ3,A,A,83,0,2KZ3.cif.gz,False,20
3Q9P,A,A,83,0,3Q9P.cif.gz,False,1
2DGR,A,A,83,0,2DGR.cif.gz,False,20
1D1R,A,A,83,0,1D1R.cif.gz,False,20
1Z9E,A,A,83,0,1Z9E.cif.gz,False,15
3LRI,A,A,83,0,3LRI.cif.gz,False,15
2DAI,A,A,83,0,2DAI.cif.gz,False,20
2DL6,A,A,83,0,2DL6.cif.gz,False,20
6SID,A,A,83,0,6SID.cif.gz,False,1
5ZX1,A,A,84,0,5ZX1.cif.gz,False,1
2CQW,A,A,84,0,2CQW.cif.gz,False,20
2FFT,A,A,84,0,2FFT.cif.gz,False,20
6FC5,A,A,84,0,6FC5.cif.gz,False,1
2DIX,A,A,84,0,2DIX.cif.gz,False,20
2KK8,A,A,84,0,2KK8.cif.gz,False,20
2JYL,A,A,84,0,2JYL.cif.gz,False,1
1WIH,A,A,84,0,1WIH.cif.gz,False,20
2KCC,A,A,84,0,2KCC.cif.gz,False,20
2KWL,A,A,84,0,2KWL.cif.gz,False,20
2MT3,A,A,84,0,2MT3.cif.gz,False,20
2DKZ,A,A,84,0,2DKZ.cif.gz,False,20
1L1I,A,A,84,0,1L1I.cif.gz,False,20
2LRV,A,A,84,0,2LRV.cif.gz,False,20
2N5D,A,A,84,0,2N5D.cif.gz,False,20
1F53,A,A,84,0,1F53.cif.gz,False,1
6E98,A,A,84,0,6E98.cif.gz,False,20
1UFM,A,A,84,0,1UFM.cif.gz,False,20
1Q8L,A,A,84,0,1Q8L.cif.gz,False,20
2HEQ,A,A,84,0,2HEQ.cif.gz,False,20
2JYG,A,A,84,0,2JYG.cif.gz,False,30
1VEK,A,A,84,0,1VEK.cif.gz,False,20
1Z2Q,A,A,84,0,1Z2Q.cif.gz,False,21
2KT0,A,A,84,0,2KT0.cif.gz,False,20
1Y7N,A,A,84,0,1Y7N.cif.gz,False,20
4WFW,A,A,84,0,4WFW.cif.gz,False,1
4YKD,A,A,84,0,4YKD.cif.gz,False,1
1IIO,A,A,84,0,1IIO.cif.gz,False,25
2K6P,A,A,84,0,2K6P.cif.gz,False,20
1ZEQ,A,X,84,0,1ZEQ.cif.gz,False,1
5ABK,A,A,84,0,5ABK.cif.gz,False,20
2K14,A,A,84,0,2K14.cif.gz,False,20
1T3O,A,A,84,0,1T3O.cif.gz,False,14
3ZD0,A,A,85,0,3ZD0.cif.gz,True,20
1NGR,A,A,85,0,1NGR.cif.gz,False,20
2EQK,A,A,85,0,2EQK.cif.gz,False,20
2LRQ,A,A,85,0,2LRQ.cif.gz,False,10
1UQV,A,A,85,0,1UQV.cif.gz,False,25
5KA5,A,A,85,0,5KA5.cif.gz,False,1
2DYD,A,A,85,0,2DYD.cif.gz,False,15
2K1X,A,A,85,0,2K1X.cif.gz,False,20
2DOG,A,A,85,0,2DOG.cif.gz,False,20
2DOF,A,A,85,0,2DOF.cif.gz,False,20
2MF4,A,A,85,0,2MF4.cif.gz,False,20
1FO5,A,A,85,0,1FO5.cif.gz,False,20
2JTQ,A,A,85,0,2JTQ.cif.gz,False,21
4HN7,A,A,85,0,4HN7.cif.gz,False,1
4IL7,A,A,85,0,4IL7.cif.gz,False,1
2DLP,A,A,85,0,2DLP.cif.gz,False,20
1IP9,A,A,85,0,1IP9.cif.gz,False,20
2YUQ,A,A,85,0,2YUQ.cif.gz,False,20
1COU,A,A,85,0,1COU.cif.gz,False,18
2YTC,A,A,85,0,2YTC.cif.gz,False,20
2DKL,A,A,85,0,2DKL.cif.gz,False,20
1HXV,A,A,85,0,1HXV.cif.gz,False,12
5Z55,A,A,85,0,5Z55.cif.gz,False,10
2EV8,A,A,85,0,2EV8.cif.gz,False,20
2FGX,A,A,85,0,2FGX.cif.gz,False,20
1D9A,A,A,85,0,1D9A.cif.gz,False,1
2MXT,A,A,85,0,2MXT.cif.gz,False,19
2F05,A,A,85,0,2F05.cif.gz,False,30
2LW1,A,A,85,0,2LW1.cif.gz,False,20
2JOV,A,A,85,0,2JOV.cif.gz,False,20
2NS5,A,A,85,0,2NS5.cif.gz,False,20
1OPD,A,A,85,0,1OPD.cif.gz,False,1
2KZC,A,A,85,0,2KZC.cif.gz,False,20
1NMR,A,A,85,0,1NMR.cif.gz,False,20
2KRH,A,A,85,0,2KRH.cif.gz,False,20
1KDU,A,A,85,0,1KDU.cif.gz,False,1
1YSY,A,A,85,0,1YSY.cif.gz,False,20
1P1A,A,A,85,0,1P1A.cif.gz,False,14
2KVZ,A,A,85,0,2KVZ.cif.gz,False,20
5B88,A,A,85,0,5B88.cif.gz,False,20
1X4E,A,A,85,0,1X4E.cif.gz,False,20
2L2O,A,A,85,0,2L2O.cif.gz,False,20
1A32,A,A,85,0,1A32.cif.gz,False,1
1CEI,A,A,85,0,1CEI.cif.gz,False,1
6GF2,A,A,85,0,6GF2.cif.gz,False,10
5T17,A,A,85,0,5T17.cif.gz,False,30
2KD0,A,A,85,0,2KD0.cif.gz,False,20
2KV2,A,A,85,0,2KV2.cif.gz,False,20
6A6C,A,A,85,0,6A6C.cif.gz,False,1
1RGW,A,A,85,0,1RGW.cif.gz,False,20
4E6S,A,A,85,0,4E6S.cif.gz,False,1
1EGO,A,A,85,0,1EGO.cif.gz,False,20
1S3A,A,A,85,0,1S3A.cif.gz,False,19
6FWN,A,A,85,0,6FWN.cif.gz,False,20
2FQ3,A,A,85,0,2FQ3.cif.gz,False,1
2HFQ,A,A,85,0,2HFQ.cif.gz,False,20
2K0N,A,A,85,0,2K0N.cif.gz,False,20
3VQF,A,A,85,0,3VQF.cif.gz,False,1
2KT6,A,A,85,0,2KT6.cif.gz,False,10
2MDP,A,A,85,0,2MDP.cif.gz,False,10
2K4Y,A,A,86,0,2K4Y.cif.gz,False,20
5WD9,A,A,86,0,5WD9.cif.gz,False,1
3WFV,A,A,86,0,3WFV.cif.gz,False,1
2KFJ,A,A,86,0,2KFJ.cif.gz,False,20
5SYQ,A,A,86,0,5SYQ.cif.gz,False,18
2G4S,A,A,86,0,2G4S.cif.gz,False,1
6FBL,A,A,86,0,6FBL.cif.gz,False,20
1WX9,A,A,86,0,1WX9.cif.gz,False,20
6FFQ,A,A,86,0,6FFQ.cif.gz,False,20
2JXT,A,A,86,0,2JXT.cif.gz,False,20
1SG5,A,A,86,0,1SG5.cif.gz,False,20
1K5O,A,A,86,0,1K5O.cif.gz,False,1
2JXB,A,A,86,0,2JXB.cif.gz,False,20
2J6Z,A,A,86,0,2J6Z.cif.gz,False,1
1WVK,A,A,86,0,1WVK.cif.gz,False,15
2Y1B,A,A,86,0,2Y1B.cif.gz,False,1
2KZR,A,A,86,0,2KZR.cif.gz,False,20
2UWQ,A,A,86,0,2UWQ.cif.gz,False,20
2L05,A,A,86,0,2L05.cif.gz,False,20
1HKY,A,A,86,0,1HKY.cif.gz,False,20
2E3I,A,A,86,0,2E3I.cif.gz,False,1
2H9Z,A,A,86,0,2H9Z.cif.gz,False,20
2KSS,A,A,86,0,2KSS.cif.gz,False,20
1WXM,A,A,86,0,1WXM.cif.gz,False,20
6FI7,A,A,86,0,6FI7.cif.gz,False,10
2C7H,A,A,86,0,2C7H.cif.gz,False,25
2RK5,A,A,86,0,2RK5.cif.gz,False,1
2N5N,A,A,86,0,2N5N.cif.gz,False,20
5M0A,A,A,86,0,5M0A.cif.gz,False,20
2EBI,A,A,86,0,2EBI.cif.gz,False,20
1G4F,A,A,86,0,1G4F.cif.gz,False,20
1J7Q,A,A,86,0,1J7Q.cif.gz,False,31
2KQP,A,A,86,0,2KQP.cif.gz,False,20
2FE9,A,A,86,0,2FE9.cif.gz,False,20
2M4E,A,A,86,0,2M4E.cif.gz,False,20
2KRK,A,A,86,0,2KRK.cif.gz,False,20
1NTI,A,A,86,0,1NTI.cif.gz,False,20
1JFW,A,A,86,0,1JFW.cif.gz,False,11
1NZP,A,A,86,0,1NZP.cif.gz,False,8
4ZQA,A,A,86,0,4ZQA.cif.gz,False,1
1ZKH,A,A,86,0,1ZKH.cif.gz,False,20
1AF8,A,A,86,0,1AF8.cif.gz,False,24
1RHX,A,A,87,0,1RHX.cif.gz,False,20
1K8M,A,A,87,0,1K8M.cif.gz,False,1
6CCJ,A,A,87,0,6CCJ.cif.gz,False,20
4YUD,A,A,87,0,4YUD.cif.gz,False,1
2KYW,A,A,87,0,2KYW.cif.gz,False,16
2L83,A,A,87,0,2L83.cif.gz,False,20
2M45,A,A,87,0,2M45.cif.gz,False,20
3M1E,A,A,87,0,3M1E.cif.gz,False,1
1TTY,A,A,87,0,1TTY.cif.gz,False,22
1WH3,A,A,87,0,1WH3.cif.gz,False,20
1NFJ,A,A,87,0,1NFJ.cif.gz,False,1
2JSP,A,A,87,0,2JSP.cif.gz,False,20
5XN4,A,X,87,0,5XN4.cif.gz,False,20
1QVP,A,A,87,0,1QVP.cif.gz,False,13
2IP6,A,A,87,0,2IP6.cif.gz,False,1
2V0F,A,A,87,0,2V0F.cif.gz,False,20
1DE1,A,A,87,0,1DE1.cif.gz,False,30
1UG8,A,A,87,0,1UG8.cif.gz,False,20
1P4W,A,A,87,0,1P4W.cif.gz,False,20
6IZS,A,A,87,0,6IZS.cif.gz,False,1
1BNO,A,A,87,0,1BNO.cif.gz,False,1
1E5B,A,A,87,0,1E5B.cif.gz,False,1
2DC2,A,A,87,0,2DC2.cif.gz,False,20
2QVO,A,A,87,0,2QVO.cif.gz,False,1
2I6V,A,A,87,0,2I6V.cif.gz,False,1
2LXA,A,A,87,0,2LXA.cif.gz,False,10
2KL1,A,A,87,0,2KL1.cif.gz,False,10
1GVP,A,A,87,0,1GVP.cif.gz,False,1
1PTF,A,A,87,0,1PTF.cif.gz,False,1
1SQR,A,A,87,0,1SQR.cif.gz,False,10
2EKO,A,A,87,0,2EKO.cif.gz,False,20
2ELH,A,A,87,0,2ELH.cif.gz,False,20
2KIU,A,A,87,0,2KIU.cif.gz,False,20
1Z86,A,A,87,0,1Z86.cif.gz,False,20
2JO0,A,A,87,0,2JO0.cif.gz,False,30
2OSR,A,A,87,0,2OSR.cif.gz,False,20
1ULR,A,A,87,0,1ULR.cif.gz,False,1
2K3D,A,A,87,0,2K3D.cif.gz,False,20
1C9F,A,A,87,0,1C9F.cif.gz,False,20
1ICH,A,A,87,0,1ICH.cif.gz,False,1
2X1B,A,A,87,0,2X1B.cif.gz,False,1
1RWU,A,A,87,0,1RWU.cif.gz,False,15
2E6O,A,A,87,0,2E6O.cif.gz,False,20
1G6E,A,A,87,0,1G6E.cif.gz,False,30
2LYX,A,A,87,0,2LYX.cif.gz,False,35
1M62,A,A,87,0,1M62.cif.gz,False,25
2NCH,A,A,87,0,2NCH.cif.gz,False,10
3RJS,A,A,87,0,3RJS.cif.gz,False,1
2PA1,A,A,87,0,2PA1.cif.gz,False,1
1A6X,A,A,87,0,1A6X.cif.gz,False,49
1DSL,A,A,88,0,1DSL.cif.gz,False,1
2LBB,A,A,88,0,2LBB.cif.gz,False,10
2MV3,A,A,88,0,2MV3.cif.gz,False,23
2MA3,A,A,88,0,2MA3.cif.gz,False,20
1TK7,A,A,88,0,1TK7.cif.gz,False,7
1WG1,A,A,88,0,1WG1.cif.gz,False,20
1EF5,A,A,88,0,1EF5.cif.gz,False,1
2JTK,A,A,88,0,2JTK.cif.gz,False,20
5ZDS,A,A,88,0,5ZDS.cif.gz,False,1
4BSP,A,A,88,0,4BSP.cif.gz,False,1
1WWT,A,A,88,0,1WWT.cif.gz,False,20
2MK0,A,A,88,0,2MK0.cif.gz,False,10
2DZJ,A,A,88,0,2DZJ.cif.gz,False,20
2IVY,A,A,88,0,2IVY.cif.gz,False,1
2E8N,A,A,88,0,2E8N.cif.gz,False,20
1USS,A,A,88,0,1USS.cif.gz,False,10
2KUM,A,A,88,0,2KUM.cif.gz,False,30
2AFD,A,A,88,0,2AFD.cif.gz,False,20
2KCT,A,A,88,0,2KCT.cif.gz,False,20
1SJQ,A,A,88,0,1SJQ.cif.gz,False,16
2NPB,A,A,88,0,2NPB.cif.gz,False,20
2N19,A,A,88,0,2N19.cif.gz,False,20
2LWX,A,A,88,0,2LWX.cif.gz,False,20
1UJS,A,A,88,0,1UJS.cif.gz,False,20
2LQO,A,A,88,0,2LQO.cif.gz,False,20
2VXE,A,A,88,0,2VXE.cif.gz,False,24
1X48,A,A,88,0,1X48.cif.gz,False,20
5LCI,A,A,88,0,5LCI.cif.gz,False,20
1T4N,A,A,88,0,1T4N.cif.gz,False,51
4KMG,A,A,88,0,4KMG.cif.gz,False,1
1X2Q,A,A,88,0,1X2Q.cif.gz,False,20
2RQP,A,A,88,0,2RQP.cif.gz,False,12
1EMW,A,A,88,0,1EMW.cif.gz,False,47
1TIG,A,A,88,0,1TIG.cif.gz,False,1
1WF0,A,A,88,0,1WF0.cif.gz,False,20
1IMO,A,A,88,0,1IMO.cif.gz,False,1
1IQO,A,A,88,0,1IQO.cif.gz,False,20
2EQM,A,A,88,0,2EQM.cif.gz,False,20
1K85,A,A,88,0,1K85.cif.gz,False,30
2YTY,A,A,88,0,2YTY.cif.gz,False,20
4HTI,A,A,88,0,4HTI.cif.gz,False,1
2D8E,A,A,88,0,2D8E.cif.gz,False,1
5W0Y,A,A,88,0,5W0Y.cif.gz,False,20
2L4B,A,A,88,0,2L4B.cif.gz,False,20
1VJK,A,A,88,0,1VJK.cif.gz,False,1
1XHJ,A,A,88,0,1XHJ.cif.gz,False,10
1YQB,A,A,88,0,1YQB.cif.gz,False,1
4Y0L,A,A,88,0,4Y0L.cif.gz,False,1
2ELJ,A,A,88,0,2ELJ.cif.gz,False,20
1YSE,A,A,88,0,1YSE.cif.gz,False,20
1X6J,A,A,88,0,1X6J.cif.gz,False,1
2LD3,A,A,88,0,2LD3.cif.gz,False,20
2LC3,A,A,88,0,2LC3.cif.gz,False,20
1WKT,A,A,88,0,1WKT.cif.gz,False,20
2DBK,A,A,88,0,2DBK.cif.gz,False,20
1PCH,A,A,88,0,1PCH.cif.gz,False,1
1UG0,A,A,88,0,1UG0.cif.gz,False,20
2CUB,A,A,88,0,2CUB.cif.gz,False,20
1IUR,A,A,88,0,1IUR.cif.gz,False,20
6PQE,A,A,89,0,6PQE.cif.gz,False,20
2CPN,A,A,89,0,2CPN.cif.gz,False,20
2LY3,A,1,89,0,2LY3.cif.gz,False,10
6CGH,A,A,89,0,6CGH.cif.gz,False,20
2LU1,A,A,89,0,2LU1.cif.gz,False,20
1LKN,A,A,89,0,1LKN.cif.gz,False,10
1GH8,A,A,89,0,1GH8.cif.gz,False,30
1WFQ,A,A,89,0,1WFQ.cif.gz,False,20
5IE8,A,A,89,0,5IE8.cif.gz,False,2
1VD2,A,A,89,0,1VD2.cif.gz,False,20
1TL6,A,A,89,0,1TL6.cif.gz,False,22
2KO6,A,A,89,0,2KO6.cif.gz,False,20
3FDR,A,A,89,0,3FDR.cif.gz,False,1
1Q38,A,A,89,0,1Q38.cif.gz,False,35
2D9D,A,A,89,0,2D9D.cif.gz,False,20
2PNG,A,A,89,0,2PNG.cif.gz,False,30
1U37,A,A,89,0,1U37.cif.gz,False,20
2WBR,A,A,89,0,2WBR.cif.gz,False,24
1UHZ,A,A,89,0,1UHZ.cif.gz,False,20
2JUO,A,A,89,0,2JUO.cif.gz,False,10
2DN5,A,A,89,0,2DN5.cif.gz,False,20
5IZB,A,A,89,0,5IZB.cif.gz,False,20
2DMP,A,A,89,0,2DMP.cif.gz,False,20
2KHJ,A,A,89,0,2KHJ.cif.gz,False,12
2KHE,A,A,89,0,2KHE.cif.gz,False,20
1WY8,A,A,89,0,1WY8.cif.gz,False,20
1TIT,A,A,89,0,1TIT.cif.gz,False,1
1I42,A,A,89,0,1I42.cif.gz,False,10
1AB7,A,A,89,0,1AB7.cif.gz,False,30
3NGK,A,A,89,0,3NGK.cif.gz,False,1
1XX3,A,A,89,0,1XX3.cif.gz,False,20
2MYF,A,A,89,0,2MYF.cif.gz,False,20
2M9U,A,A,89,0,2M9U.cif.gz,False,20
2N3L,A,A,89,0,2N3L.cif.gz,False,20
2N4P,A,A,89,0,2N4P.cif.gz,False,20
1DGN,A,A,89,0,1DGN.cif.gz,False,20
2LK2,A,A,89,0,2LK2.cif.gz,False,20
1X65,A,A,89,0,1X65.cif.gz,False,20
2F15,A,A,89,0,2F15.cif.gz,False,1
2MC4,A,A,89,0,2MC4.cif.gz,False,20
2L7Y,A,A,89,0,2L7Y.cif.gz,False,20
1D8Z,A,A,89,0,1D8Z.cif.gz,False,1
1EWW,A,A,90,0,1EWW.cif.gz,False,20
2N98,A,A,90,0,2N98.cif.gz,False,30
1BLQ,A,A,90,0,1BLQ.cif.gz,False,29
2YUP,A,A,90,0,2YUP.cif.gz,False,20
6E9M,A,A,90,0,6E9M.cif.gz,False,20
2KXJ,A,A,90,0,2KXJ.cif.gz,False,20
1RLF,A,A,90,0,1RLF.cif.gz,False,10
4AEQ,A,A,90,0,4AEQ.cif.gz,False,1
1T0Y,A,A,90,0,1T0Y.cif.gz,False,20
2LZ1,A,A,90,0,2LZ1.cif.gz,False,20
4I16,A,A,90,0,4I16.cif.gz,False,1
2KNJ,A,A,90,0,2KNJ.cif.gz,False,15
2E3H,A,A,90,0,2E3H.cif.gz,False,1
2MPC,A,A,90,0,2MPC.cif.gz,False,10
1HQI,A,A,90,0,1HQI.cif.gz,False,12
4OIX,A,A,90,0,4OIX.cif.gz,False,1
1ZZA,A,A,90,0,1ZZA.cif.gz,True,25
2N9W,A,A,90,0,2N9W.cif.gz,False,20
1ILY,A,A,90,0,1ILY.cif.gz,False,27
2D99,A,A,90,0,2D99.cif.gz,False,20
2YUK,A,A,90,0,2YUK.cif.gz,False,20
5UMV,A,A,90,0,5UMV.cif.gz,False,1
5TZM,A,A,90,0,5TZM.cif.gz,False,1
2CG7,A,A,90,0,2CG7.cif.gz,False,1
5D6V,A,A,90,0,5D6V.cif.gz,False,1
1RIY,A,A,90,0,1RIY.cif.gz,False,1
2M7S,A,A,90,0,2M7S.cif.gz,False,20
2N9V,A,A,90,0,2N9V.cif.gz,False,20
2AQE,A,A,90,0,2AQE.cif.gz,False,20
2G1E,A,A,90,0,2G1E.cif.gz,False,20
2JNS,A,A,90,0,2JNS.cif.gz,False,20
2LW3,A,A,90,0,2LW3.cif.gz,False,20
2EAP,A,A,90,0,2EAP.cif.gz,False,20
1R7J,A,A,90,0,1R7J.cif.gz,False,1
6PPT,A,A,90,0,6PPT.cif.gz,False,20
4RSV,A,A,90,0,4RSV.cif.gz,False,1
3G2B,A,A,90,0,3G2B.cif.gz,False,1
1V5T,A,A,90,0,1V5T.cif.gz,False,20
2YS8,A,A,90,0,2YS8.cif.gz,False,20
4PGO,A,A,90,0,4PGO.cif.gz,False,1
2LVC,A,A,90,0,2LVC.cif.gz,False,20
3MX7,A,A,90,0,3MX7.cif.gz,False,1
1WGF,A,A,90,0,1WGF.cif.gz,False,20
1M1Q,A,A,90,0,1M1Q.cif.gz,False,1
2MJ6,A,A,90,0,2MJ6.cif.gz,False,20
3CE7,A,A,90,0,3CE7.cif.gz,False,1
4ML2,A,A,90,0,4ML2.cif.gz,False,1
1U2F,A,A,90,0,1U2F.cif.gz,False,1
1TEN,A,A,90,0,1TEN.cif.gz,False,1
2MM8,A,A,90,0,2MM8.cif.gz,False,5
2OT2,A,A,90,0,2OT2.cif.gz,False,20
2MK6,A,A,90,0,2MK6.cif.gz,False,20
2Q9V,A,A,90,0,2Q9V.cif.gz,False,1
2E5Z,A,A,90,0,2E5Z.cif.gz,False,20
2LS7,A,A,90,0,2LS7.cif.gz,False,20
2V75,A,A,90,0,2V75.cif.gz,False,1
1E17,A,A,90,0,1E17.cif.gz,False,20
2LGY,A,A,90,0,2LGY.cif.gz,False,20
5T82,A,A,90,0,5T82.cif.gz,False,30
4H33,A,A,91,0,4H33.cif.gz,True,1
2FHM,A,A,91,0,2FHM.cif.gz,False,20
1WX6,A,A,91,0,1WX6.cif.gz,False,20
2NAQ,A,A,91,0,2NAQ.cif.gz,False,20
1M5Z,A,A,91,0,1M5Z.cif.gz,False,20
1B9W,A,A,91,0,1B9W.cif.gz,False,1
1WHK,A,A,91,0,1WHK.cif.gz,False,20
2KJP,A,A,91,0,2KJP.cif.gz,False,21
2E7K,A,A,91,0,2E7K.cif.gz,False,20
4UIG,A,A,91,0,4UIG.cif.gz,False,1
2LXI,A,A,91,0,2LXI.cif.gz,False,19
1V85,A,A,91,0,1V85.cif.gz,False,20
1XEE,A,A,91,0,1XEE.cif.gz,False,20
1XHH,A,A,91,0,1XHH.cif.gz,False,20
3SOL,A,A,91,0,3SOL.cif.gz,False,1
4LTT,A,A,91,0,4LTT.cif.gz,False,1
2DNR,A,A,91,0,2DNR.cif.gz,False,20
2IB1,A,A,91,0,2IB1.cif.gz,False,20
1F6V,A,A,91,0,1F6V.cif.gz,False,20
3KZD,A,A,91,0,3KZD.cif.gz,False,1
1X57,A,A,91,0,1X57.cif.gz,False,20
1RZL,A,A,91,0,1RZL.cif.gz,False,1
1X40,A,A,91,0,1X40.cif.gz,False,20
2KP5,A,A,91,0,2KP5.cif.gz,False,20
1XS8,A,A,91,0,1XS8.cif.gz,False,20
2EEL,A,A,91,0,2EEL.cif.gz,False,20
4N6X,A,A,91,0,4N6X.cif.gz,False,1
1ZK6,A,A,91,0,1ZK6.cif.gz,False,15
2L33,A,A,91,0,2L33.cif.gz,False,20
2IFE,A,A,91,0,2IFE.cif.gz,False,24
2L04,A,A,91,0,2L04.cif.gz,False,20
2CPQ,A,A,91,0,2CPQ.cif.gz,False,20
1PQX,A,A,91,0,1PQX.cif.gz,False,10
1TPG,A,A,91,0,1TPG.cif.gz,False,1
2KZ5,A,A,91,0,2KZ5.cif.gz,False,20
1PU1,A,A,91,0,1PU1.cif.gz,False,30
2JYS,A,A,91,0,2JYS.cif.gz,False,20
1WWV,A,A,91,0,1WWV.cif.gz,False,20
2MY6,A,A,91,0,2MY6.cif.gz,False,20
1B64,A,A,91,0,1B64.cif.gz,False,20
2M5W,A,A,91,0,2M5W.cif.gz,False,31
3HMS,A,A,91,0,3HMS.cif.gz,False,1
1FNA,A,A,91,0,1FNA.cif.gz,False,1
1UCP,A,A,91,0,1UCP.cif.gz,False,20
2DAJ,A,A,91,0,2DAJ.cif.gz,False,20
1K99,A,A,91,0,1K99.cif.gz,False,20
2O71,A,A,91,0,2O71.cif.gz,False,1
2DKY,A,A,91,0,2DKY.cif.gz,False,20
2KC1,A,A,91,0,2KC1.cif.gz,False,20
3PDG,A,A,91,0,3PDG.cif.gz,False,1
2JZ5,A,A,91,0,2JZ5.cif.gz,False,20
2DGW,A,A,91,0,2DGW.cif.gz,False,20
2DK5,A,A,91,0,2DK5.cif.gz,False,20
1SXD,A,A,91,0,1SXD.cif.gz,False,14
2MR7,A,A,91,0,2MR7.cif.gz,False,20
6HNF,A,A,91,0,6HNF.cif.gz,False,20
5GQS,A,A,92,0,5GQS.cif.gz,False,20
2G0U,A,A,92,0,2G0U.cif.gz,False,20
1RL1,A,A,92,0,1RL1.cif.gz,False,20
2CRJ,A,A,92,0,2CRJ.cif.gz,False,20
2CS1,A,A,92,0,2CS1.cif.gz,False,20
6ALY,A,A,92,0,6ALY.cif.gz,False,20
1WIB,A,A,92,0,1WIB.cif.gz,False,20
2MXW,A,A,92,0,2MXW.cif.gz,False,20
5Y70,A,A,92,0,5Y70.cif.gz,False,15
2RU8,A,A,92,0,2RU8.cif.gz,False,20
2YGS,A,A,92,0,2YGS.cif.gz,False,1
2L5F,A,A,92,0,2L5F.cif.gz,False,10
2MPU,A,A,92,0,2MPU.cif.gz,False,20
2YXM,A,A,92,0,2YXM.cif.gz,False,1
1L7B,A,A,92,0,1L7B.cif.gz,False,10
5O2V,A,A,92,0,5O2V.cif.gz,False,20
1WHM,A,A,92,0,1WHM.cif.gz,False,20
1UG1,A,A,92,0,1UG1.cif.gz,False,20
2GV1,A,A,92,0,2GV1.cif.gz,False,20
6GPM,A,A,92,0,6GPM.cif.gz,False,1
2RRN,A,A,92,0,2RRN.cif.gz,True,20
2KZV,A,A,92,0,2KZV.cif.gz,False,20
2DGT,A,A,92,0,2DGT.cif.gz,False,20
2OZF,A,A,92,0,2OZF.cif.gz,False,1
1UST,A,A,92,0,1UST.cif.gz,False,10
1IFW,A,A,92,0,1IFW.cif.gz,False,30
2DGV,A,A,92,0,2DGV.cif.gz,False,20
1IUY,A,A,92,0,1IUY.cif.gz,False,10
5ODD,A,A,92,0,5ODD.cif.gz,False,20
2E8P,A,A,92,0,2E8P.cif.gz,False,20
1WXV,A,A,92,0,1WXV.cif.gz,False,20
2GLW,A,A,92,0,2GLW.cif.gz,False,22
4GMQ,A,A,92,0,4GMQ.cif.gz,False,1
3NCM,A,A,92,0,3NCM.cif.gz,False,20
3HSF,A,A,92,0,3HSF.cif.gz,False,30
1VEH,A,A,92,0,1VEH.cif.gz,False,20
1QK9,A,A,92,0,1QK9.cif.gz,False,28
2MH4,A,A,92,0,2MH4.cif.gz,False,20
1L5C,A,A,92,0,1L5C.cif.gz,False,20
2MNI,A,A,92,0,2MNI.cif.gz,False,20
1W09,A,A,92,0,1W09.cif.gz,False,20
2MKS,A,A,92,0,2MKS.cif.gz,False,20
1X4Q,A,A,92,0,1X4Q.cif.gz,False,20
2E29,A,A,92,0,2E29.cif.gz,False,20
1JNS,A,A,92,0,1JNS.cif.gz,False,18
1X4T,A,A,92,0,1X4T.cif.gz,False,20
2RSO,A,A,92,0,2RSO.cif.gz,False,20
1WH9,A,A,92,0,1WH9.cif.gz,False,20
1X4N,A,A,92,0,1X4N.cif.gz,False,20
2KGY,A,A,92,0,2KGY.cif.gz,False,20
5LW8,A,A,92,0,5LW8.cif.gz,False,20
2BUD,A,A,92,0,2BUD.cif.gz,False,25
1J0G,A,A,92,0,1J0G.cif.gz,False,20
2KEO,A,A,92,0,2KEO.cif.gz,False,20
1DZ7,A,A,92,0,1DZ7.cif.gz,False,27
2N2Y,A,A,92,0,2N2Y.cif.gz,False,20
1KKD,A,A,92,0,1KKD.cif.gz,False,23
2DLS,A,A,93,0,2DLS.cif.gz,False,20
1UHR,A,A,93,0,1UHR.cif.gz,False,20
1WIT,A,A,93,0,1WIT.cif.gz,False,1
2CQH,A,A,93,0,2CQH.cif.gz,False,20
1QGB,A,A,93,0,1QGB.cif.gz,False,24
1J8I,A,A,93,0,1J8I.cif.gz,False,20
2EZK,A,A,93,0,2EZK.cif.gz,False,1
2DAD,A,A,93,0,2DAD.cif.gz,False,20
1RAX,A,A,93,0,1RAX.cif.gz,False,10
1WFD,A,A,93,0,1WFD.cif.gz,False,20
2C5Z,A,A,93,0,2C5Z.cif.gz,False,10
2L0K,A,A,93,0,2L0K.cif.gz,False,20
1WGD,A,A,93,0,1WGD.cif.gz,False,20
1WXU,A,A,93,0,1WXU.cif.gz,False,20
2BO3,A,A,93,0,2BO3.cif.gz,False,1
1PN5,A,A,93,0,1PN5.cif.gz,False,20
5Y4B,A,A,93,0,5Y4B.cif.gz,False,20
6RGN,A,A,93,0,6RGN.cif.gz,False,1
1OWW,A,A,93,0,1OWW.cif.gz,False,24
2DKR,A,A,93,0,2DKR.cif.gz,False,20
2LOM,A,A,93,0,2LOM.cif.gz,True,20
2EKI,A,A,93,0,2EKI.cif.gz,False,20
2MFL,A,A,93,0,2MFL.cif.gz,False,10
2D7N,A,A,93,0,2D7N.cif.gz,False,20
2RB8,A,A,93,0,2RB8.cif.gz,False,1
2GZV,A,A,93,0,2GZV.cif.gz,False,1
2LJH,A,A,93,0,2LJH.cif.gz,False,20
3TSV,A,A,93,0,3TSV.cif.gz,False,1
1T2M,A,A,93,0,1T2M.cif.gz,False,20
2M08,A,A,93,0,2M08.cif.gz,False,20
2OXO,A,A,93,0,2OXO.cif.gz,False,1
2M1U,A,A,93,0,2M1U.cif.gz,False,21
6ICH,A,A,93,0,6ICH.cif.gz,False,1
2MM9,A,A,93,0,2MM9.cif.gz,False,20
1T23,A,A,93,0,1T23.cif.gz,False,8
2CTO,A,A,93,0,2CTO.cif.gz,False,20
1UFF,A,A,93,0,1UFF.cif.gz,False,20
2JRH,A,A,93,0,2JRH.cif.gz,False,20
6IY4,A,I,93,0,6IY4.cif.gz,False,1
1CG7,A,A,93,0,1CG7.cif.gz,False,30
5KLC,A,A,93,0,5KLC.cif.gz,False,1
1FBR,A,A,93,0,1FBR.cif.gz,False,1
3ID4,A,A,93,0,3ID4.cif.gz,False,1
2JR5,A,A,94,0,2JR5.cif.gz,False,20
6EEY,A,A,94,0,6EEY.cif.gz,False,1
2KAN,A,A,94,0,2KAN.cif.gz,False,20
1B75,A,A,94,0,1B75.cif.gz,False,10
6MG9,A,A,94,0,6MG9.cif.gz,False,20
1GM1,A,A,94,0,1GM1.cif.gz,False,35
2RNZ,A,A,94,0,2RNZ.cif.gz,False,20
1PD6,A,A,94,0,1PD6.cif.gz,False,28
2LQJ,A,A,94,0,2LQJ.cif.gz,False,15
5MY7,A,A,94,0,5MY7.cif.gz,False,1
1UFN,A,A,94,0,1UFN.cif.gz,False,20
1EHX,A,A,94,0,1EHX.cif.gz,False,20
2N5X,A,A,94,0,2N5X.cif.gz,False,10
2KZS,A,A,94,0,2KZS.cif.gz,False,25
2RSG,A,A,94,0,2RSG.cif.gz,False,20
2VH7,A,A,94,0,2VH7.cif.gz,False,1
2KD2,A,A,94,0,2KD2.cif.gz,False,20
1WJZ,A,A,94,0,1WJZ.cif.gz,False,20
5JTK,A,A,94,0,5JTK.cif.gz,False,10
1WHO,A,A,94,0,1WHO.cif.gz,False,1
1QZM,A,A,94,0,1QZM.cif.gz,False,1
1SVQ,A,A,94,0,1SVQ.cif.gz,False,20
2MVF,A,A,94,0,2MVF.cif.gz,False,20
4O7Q,A,A,94,0,4O7Q.cif.gz,False,1
1X4M,A,A,94,0,1X4M.cif.gz,False,20
2HWT,A,A,94,0,2HWT.cif.gz,False,31
4NDT,A,A,94,0,4NDT.cif.gz,False,1
1G2R,A,A,94,0,1G2R.cif.gz,False,1
3NX6,A,A,94,0,3NX6.cif.gz,False,1
5SXY,A,A,94,0,5SXY.cif.gz,False,20
2E5K,A,A,94,0,2E5K.cif.gz,False,20
3LMO,A,A,94,0,3LMO.cif.gz,False,1
2E5H,A,A,94,0,2E5H.cif.gz,False,20
3KP8,A,A,94,0,3KP8.cif.gz,False,1
2E5G,A,A,94,0,2E5G.cif.gz,False,20
5KUG,A,A,94,0,5KUG.cif.gz,False,1
1D5V,A,A,94,0,1D5V.cif.gz,False,25
3ID1,A,A,94,0,3ID1.cif.gz,False,1
2LVX,A,A,94,0,2LVX.cif.gz,False,20
2FN5,A,A,94,0,2FN5.cif.gz,False,20
1I87,A,A,94,0,1I87.cif.gz,False,20
2YU0,A,A,94,0,2YU0.cif.gz,False,20
2CTE,A,A,94,0,2CTE.cif.gz,False,20
6MYF,A,A,94,0,6MYF.cif.gz,False,1
2LGX,A,A,94,0,2LGX.cif.gz,False,20
1ZG2,A,A,94,0,1ZG2.cif.gz,False,10
2CPM,A,A,94,0,2CPM.cif.gz,False,20
2E1F,A,A,94,0,2E1F.cif.gz,False,1
1O8R,A,A,94,0,1O8R.cif.gz,False,30
1NY9,A,A,94,0,1NY9.cif.gz,False,10
3BZS,A,A,94,0,3BZS.cif.gz,False,1
5LAW,A,A,94,0,5LAW.cif.gz,False,1
2KRX,A,A,94,0,2KRX.cif.gz,False,20
2KPJ,A,A,94,0,2KPJ.cif.gz,False,20
5XQ5,A,A,94,0,5XQ5.cif.gz,False,5
2MDR,A,A,94,0,2MDR.cif.gz,False,20
4HWN,A,A,94,0,4HWN.cif.gz,False,1
1FSH,A,A,94,0,1FSH.cif.gz,False,20
2N67,A,B,94,0,2N67.cif.gz,False,25
1J8K,A,A,94,0,1J8K.cif.gz,False,20
2L7J,A,A,95,0,2L7J.cif.gz,False,20
1WIA,A,A,95,0,1WIA.cif.gz,False,20
3JVE,A,A,95,0,3JVE.cif.gz,False,1
1CI5,A,A,95,0,1CI5.cif.gz,False,20
2QT4,A,A,95,0,2QT4.cif.gz,False,1
2CQA,A,A,95,0,2CQA.cif.gz,False,20
1I35,A,A,95,0,1I35.cif.gz,False,10
2N2N,A,A,95,0,2N2N.cif.gz,False,20
5HVC,A,A,95,0,5HVC.cif.gz,False,20
2CQC,A,A,95,0,2CQC.cif.gz,False,20
4N1L,A,A,95,0,4N1L.cif.gz,False,1
2K1M,A,A,95,0,2K1M.cif.gz,False,20
6DGA,A,A,95,0,6DGA.cif.gz,False,1
5ZNX,A,A,95,0,5ZNX.cif.gz,False,1
1W4M,A,A,95,0,1W4M.cif.gz,False,10
1VFI,A,A,95,0,1VFI.cif.gz,False,20
2NSN,A,A,95,0,2NSN.cif.gz,False,1
2KJR,A,A,95,0,2KJR.cif.gz,False,20
2DNZ,A,A,95,0,2DNZ.cif.gz,False,20
1LPL,A,A,95,0,1LPL.cif.gz,False,1
2KC9,A,A,95,0,2KC9.cif.gz,False,20
6ACV,A,A,95,0,6ACV.cif.gz,False,20
2CUF,A,A,95,0,2CUF.cif.gz,False,20
2FNB,A,A,95,0,2FNB.cif.gz,False,20
3JU0,A,A,95,0,3JU0.cif.gz,False,1
2JRT,A,A,95,0,2JRT.cif.gz,False,20
5O57,A,A,95,0,5O57.cif.gz,False,70
1HK6,A,A,95,0,1HK6.cif.gz,False,25
2CTJ,A,A,95,0,2CTJ.cif.gz,False,20
2LKZ,A,A,95,0,2LKZ.cif.gz,False,20
5L8Z,A,A,95,0,5L8Z.cif.gz,False,1
6N2L,A,A,95,0,6N2L.cif.gz,False,1
1NQ4,A,A,95,0,1NQ4.cif.gz,False,28
1X37,A,A,95,0,1X37.cif.gz,False,16
5E1Y,A,A,95,0,5E1Y.cif.gz,False,1
2KXG,A,A,95,0,2KXG.cif.gz,False,10
4MNO,A,A,95,0,4MNO.cif.gz,False,1
2KK4,A,A,95,0,2KK4.cif.gz,False,20
2JU1,A,A,95,0,2JU1.cif.gz,False,30
2LPD,A,A,95,0,2LPD.cif.gz,False,20
2N4O,A,A,95,0,2N4O.cif.gz,False,20
1N7E,A,A,95,0,1N7E.cif.gz,False,1
2JSX,A,A,95,0,2JSX.cif.gz,False,20
2KHI,A,A,95,0,2KHI.cif.gz,False,12
2MHJ,A,A,95,0,2MHJ.cif.gz,False,10
2MOG,A,A,95,0,2MOG.cif.gz,False,20
2CKN,A,A,95,0,2CKN.cif.gz,False,20
2K8G,A,A,95,0,2K8G.cif.gz,False,25
2MZR,A,A,95,0,2MZR.cif.gz,False,20
2Y2T,A,A,95,0,2Y2T.cif.gz,False,1
2H41,A,A,95,0,2H41.cif.gz,False,1
1H5P,A,A,95,0,1H5P.cif.gz,False,10
4QB0,A,A,95,0,4QB0.cif.gz,False,1
1WHL,A,A,95,0,1WHL.cif.gz,False,20
2CS4,A,A,95,0,2CS4.cif.gz,False,20
1V86,A,A,95,0,1V86.cif.gz,False,20
1UG2,A,A,95,0,1UG2.cif.gz,False,20
1V6E,A,A,95,0,1V6E.cif.gz,False,20
2M3D,A,A,95,0,2M3D.cif.gz,False,20
2CTM,A,A,95,0,2CTM.cif.gz,False,20
1UFW,A,A,95,0,1UFW.cif.gz,False,20
2L76,A,A,95,0,2L76.cif.gz,False,20
2RQL,A,A,95,0,2RQL.cif.gz,False,20
1SLJ,A,A,96,0,1SLJ.cif.gz,False,10
2D9I,A,A,96,0,2D9I.cif.gz,False,20
1YWL,A,A,96,0,1YWL.cif.gz,False,10
2MHH,A,A,96,0,2MHH.cif.gz,False,20
2Z4D,A,A,96,0,2Z4D.cif.gz,False,8
2LM9,A,A,96,0,2LM9.cif.gz,False,20
2EBB,A,A,96,0,2EBB.cif.gz,False,1
1LWR,A,A,96,0,1LWR.cif.gz,False,30
1T2I,A,A,96,0,1T2I.cif.gz,False,1
6IB6,A,A,96,0,6IB6.cif.gz,False,20
5HQH,A,A,96,0,5HQH.cif.gz,False,1
2JPI,A,A,96,0,2JPI.cif.gz,False,20
2JOI,A,A,96,0,2JOI.cif.gz,False,20
2KIC,A,A,96,0,2KIC.cif.gz,False,20
2EEJ,A,A,96,0,2EEJ.cif.gz,False,20
1RQ8,A,A,96,0,1RQ8.cif.gz,False,10
1ESX,A,A,96,0,1ESX.cif.gz,False,1
1X5T,A,A,96,0,1X5T.cif.gz,False,20
1PA4,A,A,96,0,1PA4.cif.gz,False,16
2KX2,A,A,96,0,2KX2.cif.gz,False,20
3LFP,A,A,96,0,3LFP.cif.gz,False,1
2JOY,A,A,96,0,2JOY.cif.gz,False,20
2KJW,A,A,96,0,2KJW.cif.gz,False,20
2MNW,A,A,96,0,2MNW.cif.gz,False,20
1UJV,A,A,96,0,1UJV.cif.gz,False,20
4O9L,A,A,96,0,4O9L.cif.gz,False,1
2WL7,A,A,96,0,2WL7.cif.gz,False,1
1V05,A,A,96,0,1V05.cif.gz,False,1
1FJC,A,A,96,0,1FJC.cif.gz,False,33
2ENS,A,A,96,0,2ENS.cif.gz,False,20
2DIU,A,A,96,0,2DIU.cif.gz,False,20
5X3Y,A,A,96,0,5X3Y.cif.gz,False,20
4Q2Q,A,A,96,0,4Q2Q.cif.gz,False,1
2JSN,A,A,96,0,2JSN.cif.gz,False,20
6I69,A,A,96,0,6I69.cif.gz,False,1
2NPL,A,X,96,0,2NPL.cif.gz,False,1
2DKX,A,A,96,0,2DKX.cif.gz,False,20
2KM6,A,A,96,0,2KM6.cif.gz,False,20
3RJP,A,A,96,0,3RJP.cif.gz,False,1
5LXK,A,A,96,0,5LXK.cif.gz,False,20
1WX8,A,A,96,0,1WX8.cif.gz,False,20
2LWD,A,A,96,0,2LWD.cif.gz,False,20
2WJ5,A,A,96,0,2WJ5.cif.gz,False,1
2E44,A,A,96,0,2E44.cif.gz,False,20
2MFI,A,A,96,0,2MFI.cif.gz,False,10
2EDV,A,A,96,0,2EDV.cif.gz,False,20
2O9U,A,X,96,0,2O9U.cif.gz,False,1
1I1S,A,A,96,0,1I1S.cif.gz,False,20
2KPU,A,A,96,0,2KPU.cif.gz,False,20
1U2H,A,A,96,0,1U2H.cif.gz,False,1
1WIE,A,A,96,0,1WIE.cif.gz,False,20
1CEJ,A,A,96,0,1CEJ.cif.gz,False,32
2GTJ,A,A,96,0,2GTJ.cif.gz,False,20
1N88,A,A,96,0,1N88.cif.gz,False,29
1N27,A,A,96,0,1N27.cif.gz,False,20
1WGG,A,A,96,0,1WGG.cif.gz,False,20
2JXJ,A,A,96,0,2JXJ.cif.gz,False,20
2DGX,A,A,96,0,2DGX.cif.gz,False,20
2KPN,A,A,97,0,2KPN.cif.gz,True,20
4QND,A,A,97,0,4QND.cif.gz,True,1
2LHJ,A,A,97,0,2LHJ.cif.gz,False,10
3NDQ,A,A,97,0,3NDQ.cif.gz,False,1
1VKR,A,A,97,0,1VKR.cif.gz,False,1
2L08,A,A,97,0,2L08.cif.gz,False,20
2XZZ,A,A,97,0,2XZZ.cif.gz,False,1
2AJE,A,A,97,0,2AJE.cif.gz,False,15
1BYM,A,A,97,0,1BYM.cif.gz,False,20
2REY,A,A,97,0,2REY.cif.gz,False,1
2LCR,A,A,97,0,2LCR.cif.gz,False,15
2RT3,A,A,97,0,2RT3.cif.gz,False,20
6NFR,A,A,97,0,6NFR.cif.gz,False,1
1WJN,A,A,97,0,1WJN.cif.gz,False,20
2L42,A,A,97,0,2L42.cif.gz,False,20
1SXL,A,A,97,0,1SXL.cif.gz,False,17
2DL0,A,A,97,0,2DL0.cif.gz,False,20
1SXE,A,A,97,0,1SXE.cif.gz,False,14
2KBI,A,A,97,0,2KBI.cif.gz,False,20
6EI8,A,A,97,0,6EI8.cif.gz,False,1
2D8C,A,A,97,0,2D8C.cif.gz,False,20
2KJ6,A,A,97,0,2KJ6.cif.gz,False,20
2YTX,A,A,97,0,2YTX.cif.gz,False,20
5FWZ,A,A,97,0,5FWZ.cif.gz,False,1
2LSG,A,A,97,0,2LSG.cif.gz,False,20
1X49,A,A,97,0,1X49.cif.gz,False,20
2JN6,A,A,97,0,2JN6.cif.gz,False,20
2LQ7,A,A,97,0,2LQ7.cif.gz,False,20
2MW5,A,A,97,0,2MW5.cif.gz,False,10
2DMY,A,A,97,0,2DMY.cif.gz,False,20
2GYZ,A,A,97,0,2GYZ.cif.gz,False,1
4WTX,A,A,97,0,4WTX.cif.gz,False,1
2KD3,A,A,97,0,2KD3.cif.gz,False,15
2L0C,A,A,97,0,2L0C.cif.gz,False,20
3ONJ,A,A,97,0,3ONJ.cif.gz,False,1
4CH0,A,S,97,0,4CH0.cif.gz,False,15
2CWR,A,A,97,0,2CWR.cif.gz,False,1
1OVY,A,A,97,0,1OVY.cif.gz,False,10
1WHY,A,A,97,0,1WHY.cif.gz,False,20
2BK8,A,A,97,0,2BK8.cif.gz,False,1
2MY7,A,A,97,0,2MY7.cif.gz,False,20
2CRB,A,A,97,0,2CRB.cif.gz,False,20
6E26,A,A,97,0,6E26.cif.gz,False,20
5ILU,A,A,97,0,5ILU.cif.gz,False,1
2MYG,A,A,97,0,2MYG.cif.gz,False,20
2CSQ,A,A,97,0,2CSQ.cif.gz,False,20
2LWP,A,A,97,0,2LWP.cif.gz,False,18
2I9S,A,A,97,0,2I9S.cif.gz,False,20
5DYM,A,A,97,0,5DYM.cif.gz,False,1
2EBW,A,A,97,0,2EBW.cif.gz,False,20
2E5J,A,A,97,0,2E5J.cif.gz,False,20
2IWN,A,A,97,0,2IWN.cif.gz,False,1
5IWH,A,A,97,0,5IWH.cif.gz,False,1
1HS7,A,A,97,0,1HS7.cif.gz,False,20
1X5P,A,A,97,0,1X5P.cif.gz,False,20
2CTL,A,A,97,0,2CTL.cif.gz,False,20
2HFV,A,A,97,0,2HFV.cif.gz,False,20
6IJU,A,A,97,0,6IJU.cif.gz,False,1
1NY8,A,A,97,0,1NY8.cif.gz,False,16
2K5R,A,A,97,0,2K5R.cif.gz,False,20
2N7D,A,A,97,0,2N7D.cif.gz,False,40
2OGP,A,A,97,0,2OGP.cif.gz,False,20
2CQP,A,A,98,0,2CQP.cif.gz,False,20
1MB1,A,A,98,0,1MB1.cif.gz,False,1
1IV0,A,A,98,0,1IV0.cif.gz,False,10
2GRG,A,A,98,0,2GRG.cif.gz,False,20
1NCT,A,A,98,0,1NCT.cif.gz,False,1
4GS3,A,A,98,0,4GS3.cif.gz,False,1
2HLR,A,A,98,0,2HLR.cif.gz,False,1
1J27,A,A,98,0,1J27.cif.gz,False,1
2AAV,A,A,98,0,2AAV.cif.gz,False,20
6EHZ,A,A,98,0,6EHZ.cif.gz,False,20
4F2E,A,A,98,0,4F2E.cif.gz,False,1
1KWI,A,A,98,0,1KWI.cif.gz,False,1
1WF2,A,A,98,0,1WF2.cif.gz,False,20
2K19,A,A,98,0,2K19.cif.gz,False,20
6CCD,A,A,98,0,6CCD.cif.gz,False,1
2K5V,A,A,98,0,2K5V.cif.gz,False,20
1CYU,A,A,98,0,1CYU.cif.gz,False,15
1X66,A,A,98,0,1X66.cif.gz,False,20
3PUC,A,A,98,0,3PUC.cif.gz,False,1
1ZMZ,A,A,98,0,1ZMZ.cif.gz,False,20
2CRL,A,A,98,0,2CRL.cif.gz,False,20
2KCP,A,A,98,0,2KCP.cif.gz,False,20
6FMB,A,A,98,0,6FMB.cif.gz,False,1
1LRI,A,A,98,0,1LRI.cif.gz,False,1
4IRG,A,A,98,0,4IRG.cif.gz,False,1
2DIR,A,A,98,0,2DIR.cif.gz,False,20
1AJ3,A,A,98,0,1AJ3.cif.gz,False,20
5K57,A,A,98,0,5K57.cif.gz,False,30
2RT6,A,A,98,0,2RT6.cif.gz,False,20
2G1D,A,A,98,0,2G1D.cif.gz,False,10
2M71,A,A,98,0,2M71.cif.gz,False,20
3P3D,A,A,98,0,3P3D.cif.gz,False,1
2MCD,A,A,98,0,2MCD.cif.gz,False,20
5DHD,A,A,98,0,5DHD.cif.gz,False,1
2L3U,A,A,98,0,2L3U.cif.gz,False,10
1JDQ,A,A,98,0,1JDQ.cif.gz,False,20
2CPF,A,A,98,0,2CPF.cif.gz,False,20
1UDL,A,A,98,0,1UDL.cif.gz,False,20
5GJL,A,A,98,0,5GJL.cif.gz,False,10
5IJM,A,A,98,0,5IJM.cif.gz,False,1
2DNC,A,A,98,0,2DNC.cif.gz,False,20
1X47,A,A,98,0,1X47.cif.gz,False,20
1WOT,A,A,98,0,1WOT.cif.gz,False,20
3WX4,A,A,98,0,3WX4.cif.gz,False,1
2EDU,A,A,98,0,2EDU.cif.gz,False,20
2WGO,A,A,98,0,2WGO.cif.gz,False,25
2JVU,A,A,98,0,2JVU.cif.gz,False,20
1Q1O,A,A,98,0,1Q1O.cif.gz,False,20
1O7B,A,T,98,0,1O7B.cif.gz,False,20
1WGM,A,A,98,0,1WGM.cif.gz,False,20
2BYG,A,A,98,0,2BYG.cif.gz,False,1
3PO8,A,A,98,0,3PO8.cif.gz,False,1
2KE4,A,A,98,0,2KE4.cif.gz,False,20
1LN4,A,A,98,0,1LN4.cif.gz,False,1
1R5Q,A,A,98,0,1R5Q.cif.gz,False,1
6ELM,A,A,98,0,6ELM.cif.gz,False,1
1WG4,A,A,98,0,1WG4.cif.gz,False,20
5Y4U,A,A,99,0,5Y4U.cif.gz,False,1
1D1N,A,A,99,0,1D1N.cif.gz,False,20
2LIU,A,A,99,0,2LIU.cif.gz,False,20
2YXF,A,A,99,0,2YXF.cif.gz,False,1
5WAH,A,A,99,0,5WAH.cif.gz,False,20
2CI8,A,A,99,0,2CI8.cif.gz,False,1
2LQV,A,A,99,0,2LQV.cif.gz,False,10
5ZUH,A,A,99,0,5ZUH.cif.gz,False,20
2KRC,A,A,99,0,2KRC.cif.gz,False,10
1Z3R,A,A,99,0,1Z3R.cif.gz,False,15
4N68,A,A,99,0,4N68.cif.gz,False,1
2DGS,A,A,99,0,2DGS.cif.gz,False,20
2YR3,A,A,99,0,2YR3.cif.gz,False,20
2DIV,A,A,99,0,2DIV.cif.gz,False,20
2E8M,A,A,99,0,2E8M.cif.gz,False,20
2LNA,A,A,99,0,2LNA.cif.gz,False,20
5TO4,A,A,99,0,5TO4.cif.gz,False,1
1SNL,A,A,99,0,1SNL.cif.gz,False,20
2LA6,A,A,99,0,2LA6.cif.gz,False,20
1UGO,A,A,99,0,1UGO.cif.gz,False,20
2DNW,A,A,99,0,2DNW.cif.gz,False,20
2PFU,A,A,99,0,2PFU.cif.gz,False,19
6EWV,A,A,99,0,6EWV.cif.gz,False,20
4MJE,A,A,99,0,4MJE.cif.gz,False,1
2EAO,A,A,99,0,2EAO.cif.gz,False,20
2NOC,A,A,99,0,2NOC.cif.gz,False,20
2MGP,A,A,99,0,2MGP.cif.gz,False,20
6O54,A,X,99,0,6O54.cif.gz,False,1
6FIP,A,A,99,0,6FIP.cif.gz,False,20
1LG4,A,A,99,0,1LG4.cif.gz,False,20
1Q60,A,A,99,0,1Q60.cif.gz,False,20
2KJG,A,A,99,0,2KJG.cif.gz,False,20
1J2M,A,A,99,0,1J2M.cif.gz,False,1
2M4L,A,A,99,0,2M4L.cif.gz,False,20
1WHQ,A,A,99,0,1WHQ.cif.gz,False,20
5JN0,A,A,99,0,5JN0.cif.gz,False,1
1OPC,A,A,99,0,1OPC.cif.gz,False,1
1WGW,A,A,99,0,1WGW.cif.gz,False,20
1WHW,A,A,99,0,1WHW.cif.gz,False,20
2PKO,A,A,99,0,2PKO.cif.gz,False,1
2EJM,A,A,99,0,2EJM.cif.gz,False,20
2YUA,A,A,99,0,2YUA.cif.gz,False,20
1JH3,A,A,99,0,1JH3.cif.gz,False,20
3DP5,A,A,99,0,3DP5.cif.gz,False,1
2L52,A,A,99,0,2L52.cif.gz,False,20
1X4R,A,A,99,0,1X4R.cif.gz,False,20
2MZS,A,A,99,0,2MZS.cif.gz,False,20
1CQY,A,A,99,0,1CQY.cif.gz,False,1
2KBZ,A,A,99,0,2KBZ.cif.gz,False,20
1QJT,A,A,99,0,1QJT.cif.gz,False,30
2KC7,A,A,99,0,2KC7.cif.gz,False,20
2KCL,A,A,99,0,2KCL.cif.gz,False,20
2NCM,A,A,99,0,2NCM.cif.gz,False,20
1BM8,A,A,99,0,1BM8.cif.gz,False,1
2LOO,A,A,99,0,2LOO.cif.gz,True,20
1WWU,A,A,99,0,1WWU.cif.gz,False,20
2CPJ,A,A,99,0,2CPJ.cif.gz,False,20
2CPD,A,A,99,0,2CPD.cif.gz,False,20
4DP8,A,X,99,0,4DP8.cif.gz,False,1
2B1W,A,A,99,0,2B1W.cif.gz,False,10
2CR3,A,A,99,0,2CR3.cif.gz,False,20
2J9V,A,A,99,0,2J9V.cif.gz,False,1
3NZ3,A,A,100,0,3NZ3.cif.gz,False,1
6B3N,A,A,100,0,6B3N.cif.gz,False,20
2KZ6,A,A,100,0,2KZ6.cif.gz,False,20
2KXY,A,A,100,0,2KXY.cif.gz,False,10
2KRE,A,A,100,0,2KRE.cif.gz,False,20
2KPQ,A,A,100,0,2KPQ.cif.gz,False,20
2KKC,A,A,100,0,2KKC.cif.gz,False,20
1R21,A,A,100,0,1R21.cif.gz,False,23
2KDG,A,A,100,0,2KDG.cif.gz,False,25
1JOS,A,A,100,0,1JOS.cif.gz,False,1
2JMP,A,A,100,0,2JMP.cif.gz,False,20
2J4M,A,A,100,0,2J4M.cif.gz,False,6
2GAQ,A,A,100,0,2GAQ.cif.gz,False,19
2EP8,A,A,100,0,2EP8.cif.gz,False,20
2EFI,A,A,100,0,2EFI.cif.gz,False,20
2EDP,A,A,100,0,2EDP.cif.gz,False,20
2EDJ,A,A,100,0,2EDJ.cif.gz,False,20
2DZM,A,A,100,0,2DZM.cif.gz,False,20
2LLZ,A,A,100,0,2LLZ.cif.gz,False,20
2DO4,A,A,100,0,2DO4.cif.gz,False,20
2DN8,A,A,100,0,2DN8.cif.gz,False,20
2DBF,A,A,100,0,2DBF.cif.gz,False,20
2D9O,A,A,100,0,2D9O.cif.gz,False,20
2CQL,A,A,100,0,2CQL.cif.gz,False,20
1T1D,A,A,100,0,1T1D.cif.gz,False,1
1JBI,A,A,100,0,1JBI.cif.gz,False,20
2F76,A,X,100,0,2F76.cif.gz,False,20
2LC7,A,A,100,0,2LC7.cif.gz,False,20
1KSR,A,A,100,0,1KSR.cif.gz,False,20
6H0J,A,A,100,0,6H0J.cif.gz,False,20
1UB9,A,A,100,0,1UB9.cif.gz,False,1
3LHC,A,A,100,0,3LHC.cif.gz,False,1
1WGR,A,A,100,0,1WGR.cif.gz,False,20
1WHV,A,A,100,0,1WHV.cif.gz,False,20
1J6Q,A,A,100,0,1J6Q.cif.gz,False,1
1V4R,A,A,100,0,1V4R.cif.gz,False,10
3OSE,A,A,100,0,3OSE.cif.gz,False,1
4F2F,A,A,100,0,4F2F.cif.gz,False,1
1WHD,A,A,100,0,1WHD.cif.gz,False,20
5O2P,A,A,100,0,5O2P.cif.gz,False,40
2YUZ,A,A,100,0,2YUZ.cif.gz,False,20
1RJA,A,A,100,0,1RJA.cif.gz,False,21
3CRD,A,A,100,0,3CRD.cif.gz,False,15
1J0F,A,A,100,0,1J0F.cif.gz,False,20
4ES1,A,A,100,0,4ES1.cif.gz,False,1
5B0G,A,A,100,0,5B0G.cif.gz,False,1
2CE6,A,A,100,0,2CE6.cif.gz,False,1
2JLI,A,A,100,0,2JLI.cif.gz,False,1
3CAF,A,A,100,0,3CAF.cif.gz,False,1
1WJK,A,A,100,0,1WJK.cif.gz,False,20
1WJU,A,A,100,0,1WJU.cif.gz,False,20
1X3A,A,A,100,0,1X3A.cif.gz,False,20
3GK5,A,A,100,0,3GK5.cif.gz,False,1
1W41,A,A,100,0,1W41.cif.gz,False,1
2NML,A,A,100,0,2NML.cif.gz,False,1
2LZ0,A,A,100,0,2LZ0.cif.gz,False,20
2A7O,A,A,100,0,2A7O.cif.gz,False,20
2KJK,A,A,100,0,2KJK.cif.gz,False,10
1P1E,A,A,101,0,1P1E.cif.gz,False,20
1UEZ,A,A,101,0,1UEZ.cif.gz,False,20
4EIH,A,A,101,0,4EIH.cif.gz,False,1
2FC9,A,A,101,0,2FC9.cif.gz,False,20
2ENK,A,A,101,0,2ENK.cif.gz,False,20
2PTV,A,A,101,0,2PTV.cif.gz,False,1
1V63,A,A,101,0,1V63.cif.gz,False,20
2EDK,A,A,101,0,2EDK.cif.gz,False,20
1V32,A,A,101,0,1V32.cif.gz,False,20
2E60,A,A,101,0,2E60.cif.gz,False,20
2JA4,A,A,101,0,2JA4.cif.gz,False,1
1MG4,A,A,101,0,1MG4.cif.gz,False,1
2DO7,A,A,101,0,2DO7.cif.gz,False,20
2IWQ,A,A,101,0,2IWQ.cif.gz,False,1
2IIA,A,A,101,0,2IIA.cif.gz,False,1
5MTI,A,A,101,0,5MTI.cif.gz,False,20
1WH6,A,A,101,0,1WH6.cif.gz,False,20
2NPU,A,A,101,0,2NPU.cif.gz,False,32
2BRF,A,A,101,0,2BRF.cif.gz,False,1
2HWV,A,A,101,0,2HWV.cif.gz,False,1
1SE9,A,A,101,0,1SE9.cif.gz,False,20
1WIZ,A,A,101,0,1WIZ.cif.gz,False,20
2CSF,A,A,101,0,2CSF.cif.gz,False,20
1QSV,A,A,101,0,1QSV.cif.gz,False,20
1QO6,A,A,101,0,1QO6.cif.gz,False,55
1WJ6,A,A,101,0,1WJ6.cif.gz,False,20
2CQK,A,A,101,0,2CQK.cif.gz,False,20
2CQ1,A,A,101,0,2CQ1.cif.gz,False,20
1ZDX,A,A,101,0,1ZDX.cif.gz,False,20
1NWB,A,A,101,0,1NWB.cif.gz,False,20
1U9P,A,A,101,0,1U9P.cif.gz,False,1
2QSA,A,A,101,0,2QSA.cif.gz,False,1
2MZQ,A,A,101,0,2MZQ.cif.gz,False,20
3VUB,A,A,101,0,3VUB.cif.gz,False,1
6EB9,A,A,101,0,6EB9.cif.gz,False,1
2E5E,A,A,101,0,2E5E.cif.gz,False,15
1JHG,A,A,101,0,1JHG.cif.gz,False,1
5HRJ,A,A,101,0,5HRJ.cif.gz,False,1
2K5H,A,A,101,0,2K5H.cif.gz,False,20
1XN9,A,A,101,0,1XN9.cif.gz,False,20
3UI4,A,A,101,0,3UI4.cif.gz,False,1
5HS8,A,A,101,0,5HS8.cif.gz,False,1
2JON,A,A,101,0,2JON.cif.gz,False,20
2OV6,A,A,101,0,2OV6.cif.gz,False,10
1FJ7,A,A,101,0,1FJ7.cif.gz,False,34
2RRD,A,A,101,0,2RRD.cif.gz,False,20
5EVG,A,A,101,0,5EVG.cif.gz,False,1
1AYD,A,A,101,0,1AYD.cif.gz,False,1
5SZW,A,A,101,0,5SZW.cif.gz,False,20
2LF6,A,A,101,0,2LF6.cif.gz,False,20
6FW4,A,A,101,0,6FW4.cif.gz,False,20
2LEA,A,A,101,0,2LEA.cif.gz,False,20
4O8B,A,A,101,0,4O8B.cif.gz,False,1
2LAI,A,A,101,0,2LAI.cif.gz,False,20
2LA4,A,A,101,0,2LA4.cif.gz,False,20
4APV,A,A,101,0,4APV.cif.gz,False,1
5Z8Q,A,A,101,0,5Z8Q.cif.gz,False,20
2N59,A,A,101,0,2N59.cif.gz,False,20
2KWA,A,A,101,0,2KWA.cif.gz,False,20
1HJD,A,A,101,0,1HJD.cif.gz,False,20
1HHN,A,A,101,0,1HHN.cif.gz,False,20
2KOM,A,A,101,0,2KOM.cif.gz,False,20
5MR1,A,A,101,0,5MR1.cif.gz,False,1
2MJM,A,A,101,0,2MJM.cif.gz,False,20
2M8H,A,A,101,0,2M8H.cif.gz,False,20
2LUW,A,A,101,0,2LUW.cif.gz,False,20
4QCJ,A,A,101,0,4QCJ.cif.gz,False,1
2HVZ,A,A,101,0,2HVZ.cif.gz,False,20
1UWD,A,A,102,0,1UWD.cif.gz,False,20
2CO9,A,A,102,0,2CO9.cif.gz,False,20
2KKX,A,A,102,0,2KKX.cif.gz,False,20
2YRL,A,A,102,0,2YRL.cif.gz,False,20
4FEI,A,A,102,0,4FEI.cif.gz,False,1
2DBH,A,A,102,0,2DBH.cif.gz,False,20
5ZQH,A,A,102,0,5ZQH.cif.gz,False,1
1B8K,A,A,102,0,1B8K.cif.gz,False,1
2HGL,A,A,102,0,2HGL.cif.gz,False,15
1FHG,A,A,102,0,1FHG.cif.gz,False,1
2J97,A,A,102,0,2J97.cif.gz,False,1
1X5S,A,A,102,0,1X5S.cif.gz,False,20
2RQE,A,A,102,0,2RQE.cif.gz,False,20
2L6A,A,A,102,0,2L6A.cif.gz,False,20
2JOB,A,A,102,0,2JOB.cif.gz,False,15
1J03,A,A,102,0,1J03.cif.gz,False,20
3KT9,A,A,102,0,3KT9.cif.gz,False,1
1YWX,A,A,102,0,1YWX.cif.gz,False,20
2FEB,A,A,102,0,2FEB.cif.gz,False,20
1G10,A,A,102,0,1G10.cif.gz,False,1
2KBG,A,A,102,0,2KBG.cif.gz,False,20
3T5S,A,A,102,0,3T5S.cif.gz,False,1
2DA6,A,A,102,0,2DA6.cif.gz,False,20
2MCT,A,A,102,0,2MCT.cif.gz,False,20
1N02,A,A,102,0,1N02.cif.gz,False,26
4EL6,A,A,102,0,4EL6.cif.gz,False,1
2MEZ,A,A,102,0,2MEZ.cif.gz,False,16
2FC8,A,A,102,0,2FC8.cif.gz,False,20
1KKX,A,A,102,0,1KKX.cif.gz,False,10
1JJG,A,A,102,0,1JJG.cif.gz,False,20
1UL7,A,A,102,0,1UL7.cif.gz,False,20
2KT7,A,A,102,0,2KT7.cif.gz,False,20
1R57,A,A,102,0,1R57.cif.gz,False,20
1P1L,A,A,102,0,1P1L.cif.gz,False,1
2KM7,A,A,102,0,2KM7.cif.gz,False,20
1Z9V,A,A,102,0,1Z9V.cif.gz,False,20
3QE1,A,A,102,0,3QE1.cif.gz,False,1
1V5O,A,A,102,0,1V5O.cif.gz,False,20
1SS6,A,A,102,0,1SS6.cif.gz,False,20
2NCO,A,A,102,0,2NCO.cif.gz,False,20
1XU0,A,A,102,0,1XU0.cif.gz,False,20
2DK6,A,A,102,0,2DK6.cif.gz,False,20
2KOU,A,A,102,0,2KOU.cif.gz,False,10
3EAZ,A,A,102,0,3EAZ.cif.gz,False,1
1WHH,A,A,102,0,1WHH.cif.gz,False,20
2CQB,A,A,102,0,2CQB.cif.gz,False,20
3WVT,A,A,102,0,3WVT.cif.gz,False,1
1JT8,A,A,102,0,1JT8.cif.gz,False,10
2K9X,A,A,102,0,2K9X.cif.gz,False,20
2C9R,A,A,102,0,2C9R.cif.gz,False,1
2KIF,A,A,102,0,2KIF.cif.gz,False,20
2EO1,A,A,102,0,2EO1.cif.gz,False,20
1VCS,A,A,102,0,1VCS.cif.gz,False,20
2KGJ,A,A,102,0,2KGJ.cif.gz,False,10
2J71,A,A,102,0,2J71.cif.gz,False,1
2NAR,A,A,102,0,2NAR.cif.gz,False,10
1WEZ,A,A,102,0,1WEZ.cif.gz,False,20
1C8P,A,A,102,0,1C8P.cif.gz,False,20
2L3D,A,A,102,0,2L3D.cif.gz,False,20
2K3G,A,A,102,0,2K3G.cif.gz,False,21
2M5V,A,A,102,0,2M5V.cif.gz,False,20
2JIN,A,A,102,0,2JIN.cif.gz,False,1
2L9F,A,A,102,0,2L9F.cif.gz,False,10
6HJ7,A,A,102,0,6HJ7.cif.gz,False,20
1BHU,A,A,102,0,1BHU.cif.gz,False,1
1YEL,A,A,102,0,1YEL.cif.gz,False,20
2K8H,A,A,102,0,2K8H.cif.gz,False,20
1S62,A,A,102,0,1S62.cif.gz,False,16
2D90,A,A,102,0,2D90.cif.gz,False,20
2LV3,A,A,102,0,2LV3.cif.gz,False,20
1EQK,A,A,102,0,1EQK.cif.gz,False,21
2CTF,A,A,102,0,2CTF.cif.gz,False,20
2DLG,A,A,102,0,2DLG.cif.gz,False,20
2KMC,A,A,102,0,2KMC.cif.gz,False,20
4BA8,A,A,102,0,4BA8.cif.gz,False,20
1X4D,A,A,102,0,1X4D.cif.gz,False,20
1TUL,A,A,102,0,1TUL.cif.gz,False,1
2ARW,A,A,103,0,2ARW.cif.gz,False,1
2EQN,A,A,103,0,2EQN.cif.gz,False,20
2LTE,A,A,103,0,2LTE.cif.gz,False,20
2EDY,A,A,103,0,2EDY.cif.gz,False,20
2K25,A,A,103,0,2K25.cif.gz,False,20
1S6D,A,A,103,0,1S6D.cif.gz,False,20
2EA9,A,A,103,0,2EA9.cif.gz,False,1
3HAK,A,A,103,0,3HAK.cif.gz,False,1
1V5L,A,A,103,0,1V5L.cif.gz,False,20
1X44,A,A,103,0,1X44.cif.gz,False,20
2CU1,A,A,103,0,2CU1.cif.gz,False,20
2MCA,A,A,103,0,2MCA.cif.gz,False,20
2K13,A,X,103,0,2K13.cif.gz,False,10
1PUL,A,A,103,0,1PUL.cif.gz,False,10
1J8C,A,A,103,0,1J8C.cif.gz,False,20
5ZF2,A,A,103,0,5ZF2.cif.gz,False,1
1A5R,A,A,103,0,1A5R.cif.gz,False,10
2D9P,A,A,103,0,2D9P.cif.gz,False,20
2EQS,A,A,103,0,2EQS.cif.gz,False,20
5KAZ,A,A,103,0,5KAZ.cif.gz,False,1
1WWB,A,X,103,0,1WWB.cif.gz,False,1
2HGA,A,A,103,0,2HGA.cif.gz,False,20
2K86,A,A,103,0,2K86.cif.gz,False,20
2KZK,A,A,103,0,2KZK.cif.gz,False,20
2DKU,A,A,103,0,2DKU.cif.gz,False,20
1AG4,A,A,103,0,1AG4.cif.gz,False,1
6IQC,A,A,103,0,6IQC.cif.gz,False,1
2CQ3,A,A,103,0,2CQ3.cif.gz,False,20
6GQ4,A,A,103,0,6GQ4.cif.gz,False,1
2RM4,A,A,103,0,2RM4.cif.gz,False,22
6I0Q,A,A,103,0,6I0Q.cif.gz,False,1
5HBQ,A,A,103,0,5HBQ.cif.gz,False,1
4E71,A,A,103,0,4E71.cif.gz,False,1
1WUZ,A,A,103,0,1WUZ.cif.gz,False,30
2CQ0,A,A,103,0,2CQ0.cif.gz,False,20
2DNG,A,A,103,0,2DNG.cif.gz,False,20
5TVZ,A,A,103,0,5TVZ.cif.gz,False,20
4FHQ,A,A,103,0,4FHQ.cif.gz,False,1
2CQI,A,A,103,0,2CQI.cif.gz,False,20
1WFV,A,A,103,0,1WFV.cif.gz,False,20
2CQG,A,A,103,0,2CQG.cif.gz,False,20
2DL9,A,A,103,0,2DL9.cif.gz,False,20
1WJT,A,A,103,0,1WJT.cif.gz,False,20
2FCF,A,A,103,0,2FCF.cif.gz,False,1
1F68,A,A,103,0,1F68.cif.gz,False,30
2EDF,A,A,103,0,2EDF.cif.gz,False,20
2MC3,A,A,103,0,2MC3.cif.gz,False,20
2KVC,A,A,103,0,2KVC.cif.gz,False,15
5F6A,A,A,103,0,5F6A.cif.gz,False,1
2EVN,A,A,103,0,2EVN.cif.gz,False,20
2BBE,A,A,103,0,2BBE.cif.gz,False,1
1TE7,A,A,103,0,1TE7.cif.gz,False,20
1S7A,A,A,103,0,1S7A.cif.gz,False,20
5KS5,A,A,103,0,5KS5.cif.gz,False,20
2DBG,A,A,103,0,2DBG.cif.gz,False,20
1GV2,A,A,103,0,1GV2.cif.gz,False,1
2M87,A,A,103,0,2M87.cif.gz,False,15
2MHP,A,A,103,0,2MHP.cif.gz,False,10
1R6Y,A,A,103,0,1R6Y.cif.gz,False,1
1S79,A,A,103,0,1S79.cif.gz,False,20
5ZUZ,A,A,103,0,5ZUZ.cif.gz,False,20
2JZK,A,A,103,0,2JZK.cif.gz,False,30
2NDJ,A,A,103,0,2NDJ.cif.gz,True,10
1UFX,A,A,103,0,1UFX.cif.gz,False,20
2D1V,A,A,103,0,2D1V.cif.gz,False,1
2DNM,A,A,103,0,2DNM.cif.gz,False,20
2E8O,A,A,103,0,2E8O.cif.gz,False,20
2LJU,A,A,104,0,2LJU.cif.gz,False,20
3VFI,A,A,104,0,3VFI.cif.gz,False,1
1BPV,A,A,104,0,1BPV.cif.gz,False,50
1IXD,A,A,104,0,1IXD.cif.gz,False,20
1RN4,A,A,104,0,1RN4.cif.gz,False,1
1WJ7,A,A,104,0,1WJ7.cif.gz,False,20
2E0Q,A,A,104,0,2E0Q.cif.gz,False,1
2PE8,A,A,104,0,2PE8.cif.gz,False,1
6HHN,A,A,104,0,6HHN.cif.gz,False,1
1SUH,A,A,104,0,1SUH.cif.gz,False,20
3BOV,A,A,104,0,3BOV.cif.gz,False,1
2CTK,A,A,104,0,2CTK.cif.gz,False,20
1WGY,A,A,104,0,1WGY.cif.gz,False,20
3LR4,A,A,104,0,3LR4.cif.gz,False,1
1WI8,A,A,104,0,1WI8.cif.gz,False,20
1WI2,A,A,104,0,1WI2.cif.gz,False,20
2E6N,A,A,104,0,2E6N.cif.gz,False,20
1SKZ,A,A,104,0,1SKZ.cif.gz,False,1
3WPP,A,A,104,0,3WPP.cif.gz,False,1
1WHU,A,A,104,0,1WHU.cif.gz,False,20
2LJW,A,A,104,0,2LJW.cif.gz,False,20
4CRH,A,A,104,0,4CRH.cif.gz,False,1
5HDG,A,A,104,0,5HDG.cif.gz,False,1
2VIM,A,A,104,0,2VIM.cif.gz,False,1
2KNA,A,A,104,0,2KNA.cif.gz,False,15
3IRC,A,A,104,0,3IRC.cif.gz,False,1
1E3Y,A,A,104,0,1E3Y.cif.gz,False,1
1WFY,A,A,104,0,1WFY.cif.gz,False,20
2DHG,A,A,104,0,2DHG.cif.gz,False,20
1YGT,A,A,104,0,1YGT.cif.gz,False,1
2DHX,A,A,104,0,2DHX.cif.gz,False,20
2E6P,A,A,104,0,2E6P.cif.gz,False,20
2LAA,A,A,104,0,2LAA.cif.gz,False,20
2DLE,A,A,104,0,2DLE.cif.gz,False,20
1WG5,A,A,104,0,1WG5.cif.gz,False,20
2L3N,A,A,104,0,2L3N.cif.gz,False,20
2YXY,A,A,104,0,2YXY.cif.gz,False,1
1WEY,A,A,104,0,1WEY.cif.gz,False,20
2K0M,A,A,104,0,2K0M.cif.gz,False,20
2DOA,A,A,104,0,2DOA.cif.gz,False,20
2D1U,A,A,104,0,2D1U.cif.gz,True,20
2LOQ,A,A,104,0,2LOQ.cif.gz,True,20
2MI2,A,A,104,0,2MI2.cif.gz,True,15
1U36,A,A,104,0,1U36.cif.gz,False,1
2L6C,A,A,104,0,2L6C.cif.gz,False,20
1DX0,A,A,104,0,1DX0.cif.gz,False,1
1WEX,A,A,104,0,1WEX.cif.gz,False,20
2K1Z,A,A,104,0,2K1Z.cif.gz,False,20
2JZY,A,A,104,0,2JZY.cif.gz,False,20
2RVF,A,A,104,0,2RVF.cif.gz,False,21
2HAZ,A,A,104,0,2HAZ.cif.gz,False,1
6F7E,A,A,104,0,6F7E.cif.gz,False,20
2LNV,A,A,104,0,2LNV.cif.gz,False,10
2RVJ,A,A,104,0,2RVJ.cif.gz,False,15
1F2F,A,A,104,0,1F2F.cif.gz,False,1
3JSC,A,A,104,0,3JSC.cif.gz,False,1
1Z21,A,A,104,0,1Z21.cif.gz,False,1
2DKM,A,A,104,0,2DKM.cif.gz,False,20
1JRM,A,A,104,0,1JRM.cif.gz,False,1
2ENY,A,A,104,0,2ENY.cif.gz,False,20
1WE8,A,A,104,0,1WE8.cif.gz,False,20
2K3K,A,A,104,0,2K3K.cif.gz,False,20
1CK2,A,A,104,0,1CK2.cif.gz,False,1
1KVN,A,A,104,0,1KVN.cif.gz,False,10
1P1T,A,A,104,0,1P1T.cif.gz,False,20
2LL0,A,A,104,0,2LL0.cif.gz,False,20
1R5E,A,A,105,0,1R5E.cif.gz,False,30
1WHA,A,A,105,0,1WHA.cif.gz,False,20
1V2Y,A,A,105,0,1V2Y.cif.gz,False,20
4RWH,A,A,105,0,4RWH.cif.gz,False,1
4N1D,A,A,105,0,4N1D.cif.gz,False,1
2K4J,A,A,105,0,2K4J.cif.gz,False,20
2YSR,A,A,105,0,2YSR.cif.gz,False,20
1N6Z,A,A,105,0,1N6Z.cif.gz,False,10
2RTT,A,A,105,0,2RTT.cif.gz,False,30
1GXQ,A,A,105,0,1GXQ.cif.gz,False,1
2LVS,A,A,105,0,2LVS.cif.gz,False,20
1WWC,A,A,105,0,1WWC.cif.gz,False,1
2M4I,A,A,105,0,2M4I.cif.gz,False,20
2LPN,A,A,105,0,2LPN.cif.gz,False,20
1TQG,A,A,105,0,1TQG.cif.gz,False,1
2MQC,A,A,105,0,2MQC.cif.gz,False,20
1V70,A,A,105,0,1V70.cif.gz,False,1
2MQL,A,A,105,0,2MQL.cif.gz,False,20
4PQD,A,A,105,0,4PQD.cif.gz,False,1
2V37,A,A,105,0,2V37.cif.gz,False,20
2GMG,A,A,105,0,2GMG.cif.gz,False,10
2EQX,A,A,105,0,2EQX.cif.gz,False,20
2N7P,A,A,105,0,2N7P.cif.gz,False,20
2L8Y,A,A,105,0,2L8Y.cif.gz,False,25
2LF3,A,A,105,0,2LF3.cif.gz,False,20
2MKL,A,C,105,0,2MKL.cif.gz,False,10
1T4Y,A,A,105,0,1T4Y.cif.gz,False,1
2VKC,A,A,105,0,2VKC.cif.gz,False,28
2DH8,A,A,105,0,2DH8.cif.gz,False,20
2DNH,A,A,105,0,2DNH.cif.gz,False,20
3S3Z,A,A,105,0,3S3Z.cif.gz,False,1
2LTR,A,A,105,0,2LTR.cif.gz,False,10
1KTE,A,A,105,0,1KTE.cif.gz,False,1
5II6,A,A,105,0,5II6.cif.gz,False,1
2CUM,A,A,105,0,2CUM.cif.gz,False,20
2H7B,A,A,105,0,2H7B.cif.gz,False,20
2NLW,A,A,105,0,2NLW.cif.gz,False,16
5BY4,A,A,105,0,5BY4.cif.gz,False,1
2KPM,A,A,105,0,2KPM.cif.gz,False,20
4GQM,A,A,105,0,4GQM.cif.gz,False,1
2HTF,A,A,105,0,2HTF.cif.gz,False,11
3AG7,A,A,105,0,3AG7.cif.gz,False,1
2M52,A,A,105,0,2M52.cif.gz,False,20
2HSH,A,A,105,0,2HSH.cif.gz,False,1
2JN9,A,A,105,0,2JN9.cif.gz,False,10
2IDQ,A,A,105,0,2IDQ.cif.gz,False,1
2EKJ,A,A,105,0,2EKJ.cif.gz,False,20
5GVQ,A,A,105,0,5GVQ.cif.gz,False,20
6CJZ,A,A,105,0,6CJZ.cif.gz,False,10
1UHU,A,A,105,0,1UHU.cif.gz,False,20
2K5F,A,A,105,0,2K5F.cif.gz,False,20
1GHT,A,A,105,0,1GHT.cif.gz,False,1
4ESF,A,A,105,0,4ESF.cif.gz,False,1
2K5Q,A,A,105,0,2K5Q.cif.gz,False,20
2DIC,A,A,105,0,2DIC.cif.gz,False,20
1CDB,A,A,105,0,1CDB.cif.gz,False,18
1ABV,A,A,105,0,1ABV.cif.gz,False,1
1G84,A,A,105,0,1G84.cif.gz,False,15
2M19,A,A,106,0,2M19.cif.gz,False,20
3A4C,A,A,106,0,3A4C.cif.gz,False,1
1MPH,A,A,106,0,1MPH.cif.gz,False,50
5ZPV,A,A,106,0,5ZPV.cif.gz,False,10
2MAO,A,A,106,0,2MAO.cif.gz,False,18
2MB9,A,A,106,0,2MB9.cif.gz,False,10
2FRG,A,P,106,0,2FRG.cif.gz,False,1
2KHV,A,A,106,0,2KHV.cif.gz,False,20
2K75,A,A,106,0,2K75.cif.gz,False,20
1FYC,A,A,106,0,1FYC.cif.gz,False,1
5M2P,A,A,106,0,5M2P.cif.gz,False,1
1X4X,A,A,106,0,1X4X.cif.gz,False,20
2LFV,A,A,106,0,2LFV.cif.gz,False,25
1WX7,A,A,106,0,1WX7.cif.gz,False,20
2LF7,A,A,106,0,2LF7.cif.gz,False,20
1E2B,A,A,106,0,1E2B.cif.gz,False,17
5O1Q,A,A,106,0,5O1Q.cif.gz,False,10
2LFE,A,A,106,0,2LFE.cif.gz,False,16
2LA8,A,A,106,0,2LA8.cif.gz,False,20
1L1P,A,A,106,0,1L1P.cif.gz,False,30
2JW5,A,A,106,0,2JW5.cif.gz,False,12
1TUW,A,A,106,0,1TUW.cif.gz,False,1
2M1Z,A,A,106,0,2M1Z.cif.gz,False,20
5JYT,A,A,106,0,5JYT.cif.gz,False,20
1V2Z,A,A,106,0,1V2Z.cif.gz,False,1
2KLA,A,A,106,0,2KLA.cif.gz,False,20
1PCP,A,A,106,0,1PCP.cif.gz,False,19
1FB8,A,A,106,0,1FB8.cif.gz,False,1
5YO6,A,A,106,0,5YO6.cif.gz,False,1
2KAV,A,A,106,0,2KAV.cif.gz,False,15
2N7Z,A,A,106,0,2N7Z.cif.gz,False,10
2DLT,A,A,106,0,2DLT.cif.gz,False,20
3ISU,A,A,106,0,3ISU.cif.gz,False,1
2J5A,A,A,106,0,2J5A.cif.gz,False,1
2KZF,A,A,106,0,2KZF.cif.gz,False,20
4GGR,A,A,106,0,4GGR.cif.gz,False,1
2L0R,A,A,106,0,2L0R.cif.gz,False,31
2DGP,A,A,106,0,2DGP.cif.gz,False,20
2N1K,A,A,106,0,2N1K.cif.gz,False,25
4EO0,A,A,106,0,4EO0.cif.gz,False,1
4O06,A,A,106,0,4O06.cif.gz,False,1
2DJU,A,A,106,0,2DJU.cif.gz,False,20
6F9K,A,A,106,0,6F9K.cif.gz,False,1
2JPF,A,A,106,0,2JPF.cif.gz,False,20
3HAF,A,A,106,0,3HAF.cif.gz,False,1
2VQ4,A,A,106,0,2VQ4.cif.gz,False,1
1A1X,A,A,106,0,1A1X.cif.gz,False,1
1EW4,A,A,106,0,1EW4.cif.gz,False,1
2HG6,A,A,106,0,2HG6.cif.gz,False,20
1G7D,A,A,106,0,1G7D.cif.gz,False,20
2RN4,A,A,106,0,2RN4.cif.gz,False,20
1NNX,A,A,106,0,1NNX.cif.gz,False,1
2M9H,A,A,106,0,2M9H.cif.gz,False,20
2EEI,A,A,106,0,2EEI.cif.gz,False,20
2K9K,A,A,106,0,2K9K.cif.gz,False,20
4RUV,A,A,106,0,4RUV.cif.gz,False,1
2RPI,A,A,106,0,2RPI.cif.gz,False,10
2K9S,A,A,107,0,2K9S.cif.gz,False,20
1RMJ,A,A,107,0,1RMJ.cif.gz,False,20
2K9N,A,A,107,0,2K9N.cif.gz,False,20
2KSF,A,A,107,0,2KSF.cif.gz,True,20
1GH2,A,A,107,0,1GH2.cif.gz,False,1
2K48,A,A,107,0,2K48.cif.gz,False,20
5DZO,A,A,107,0,5DZO.cif.gz,False,1
1QAD,A,A,107,0,1QAD.cif.gz,False,1
2CPH,A,A,107,0,2CPH.cif.gz,False,20
2E0G,A,A,107,0,2E0G.cif.gz,False,25
4CRP,A,A,107,0,4CRP.cif.gz,False,25
2COF,A,A,107,0,2COF.cif.gz,False,20
3DJ9,A,A,107,0,3DJ9.cif.gz,False,1
1XAW,A,A,107,0,1XAW.cif.gz,False,1
2JVL,A,A,107,0,2JVL.cif.gz,False,20
2H2C,A,A,107,0,2H2C.cif.gz,False,1
2XXS,A,A,107,0,2XXS.cif.gz,False,20
1EJ5,A,A,107,0,1EJ5.cif.gz,False,20
1WPA,A,A,107,0,1WPA.cif.gz,False,1
2NBH,A,A,107,0,2NBH.cif.gz,False,20
3HCK,A,A,107,0,3HCK.cif.gz,False,20
1UPQ,A,A,107,0,1UPQ.cif.gz,False,1
2LM1,A,A,107,0,2LM1.cif.gz,False,20
5OUN,A,A,107,0,5OUN.cif.gz,False,20
2DHM,A,A,107,0,2DHM.cif.gz,False,20
1KVZ,A,A,107,0,1KVZ.cif.gz,False,15
2M5J,A,A,107,0,2M5J.cif.gz,False,20
1I17,A,A,107,0,1I17.cif.gz,False,20
2M1M,A,A,107,0,2M1M.cif.gz,False,10
1WJQ,A,A,107,0,1WJQ.cif.gz,False,20
2L1A,A,A,107,0,2L1A.cif.gz,False,20
5XE2,A,A,107,0,5XE2.cif.gz,False,1
1IE5,A,A,107,0,1IE5.cif.gz,False,20
1WF9,A,A,107,0,1WF9.cif.gz,False,20
1X1M,A,A,107,0,1X1M.cif.gz,False,20
1IG6,A,A,107,0,1IG6.cif.gz,False,11
2MMB,A,A,107,0,2MMB.cif.gz,False,20
1WWX,A,A,107,0,1WWX.cif.gz,False,20
2LTM,A,A,107,0,2LTM.cif.gz,False,20
2LMI,A,A,107,0,2LMI.cif.gz,False,20
1WF8,A,A,107,0,1WF8.cif.gz,False,20
6IRI,A,A,107,0,6IRI.cif.gz,False,1
2DN7,A,A,107,0,2DN7.cif.gz,False,20
2PPN,A,A,107,0,2PPN.cif.gz,False,1
4OUQ,A,A,107,0,4OUQ.cif.gz,False,1
1IMU,A,A,107,0,1IMU.cif.gz,False,20
1UP9,A,A,107,0,1UP9.cif.gz,False,1
1NNV,A,A,107,0,1NNV.cif.gz,False,20
4MPL,A,A,107,0,4MPL.cif.gz,False,1
1UHP,A,A,107,0,1UHP.cif.gz,False,20
1NSO,A,A,107,0,1NSO.cif.gz,False,10
2H7T,A,A,107,0,2H7T.cif.gz,False,20
1KS6,A,A,107,0,1KS6.cif.gz,False,20
2MRM,A,A,107,0,2MRM.cif.gz,False,10
1X5A,A,A,107,0,1X5A.cif.gz,False,20
2LLF,A,A,107,0,2LLF.cif.gz,False,10
1MKH,A,A,107,0,1MKH.cif.gz,False,1
2MOI,A,A,108,0,2MOI.cif.gz,True,10
2LOR,A,A,108,0,2LOR.cif.gz,True,20
2L9D,A,A,108,0,2L9D.cif.gz,False,20
1V64,A,A,108,0,1V64.cif.gz,False,20
1PFJ,A,A,108,0,1PFJ.cif.gz,False,19
2EE3,A,A,108,0,2EE3.cif.gz,False,20
5VZ3,A,A,108,0,5VZ3.cif.gz,False,1
1H3Z,A,A,108,0,1H3Z.cif.gz,False,23
2JNZ,A,A,108,0,2JNZ.cif.gz,False,20
4N5U,A,A,108,0,4N5U.cif.gz,False,1
2KHD,A,A,108,0,2KHD.cif.gz,False,20
1X4C,A,A,108,0,1X4C.cif.gz,False,20
2KDN,A,A,108,0,2KDN.cif.gz,False,20
2KL6,A,A,108,0,2KL6.cif.gz,False,20
1BKR,A,A,108,0,1BKR.cif.gz,False,1
1KKG,A,A,108,0,1KKG.cif.gz,False,16
1OX3,A,A,108,0,1OX3.cif.gz,False,1
2LRC,A,A,108,0,2LRC.cif.gz,False,20
3SSI,A,A,108,0,3SSI.cif.gz,False,1
2OGH,A,A,108,0,2OGH.cif.gz,False,20
2Y1S,A,A,108,0,2Y1S.cif.gz,False,40
2D92,A,A,108,0,2D92.cif.gz,False,20
6MWS,A,A,108,0,6MWS.cif.gz,False,1
1V5J,A,A,108,0,1V5J.cif.gz,False,20
1THX,A,A,108,0,1THX.cif.gz,False,1
2CUJ,A,A,108,0,2CUJ.cif.gz,False,20
1ACX,A,A,108,0,1ACX.cif.gz,False,1
1C3Y,A,A,108,0,1C3Y.cif.gz,False,23
1CEW,A,I,108,0,1CEW.cif.gz,False,1
2H2M,A,A,108,0,2H2M.cif.gz,False,20
5XF0,A,A,108,0,5XF0.cif.gz,False,20
6CAH,A,A,108,0,6CAH.cif.gz,False,20
2KOB,A,A,108,0,2KOB.cif.gz,False,20
4WXT,A,A,108,0,4WXT.cif.gz,False,1
5FRH,A,A,108,0,5FRH.cif.gz,False,10
1SJR,A,A,108,0,1SJR.cif.gz,False,16
2JVA,A,A,108,0,2JVA.cif.gz,False,20
2KCJ,A,A,108,0,2KCJ.cif.gz,False,20
2LV5,A,A,108,0,2LV5.cif.gz,False,20
6CWS,A,A,108,0,6CWS.cif.gz,False,20
2DM4,A,A,108,0,2DM4.cif.gz,False,20
2FO8,A,A,108,0,2FO8.cif.gz,False,15
1N91,A,A,108,0,1N91.cif.gz,False,10
4I2T,A,A,108,0,4I2T.cif.gz,False,1
1H67,A,A,108,0,1H67.cif.gz,False,20
2DNE,A,A,108,0,2DNE.cif.gz,False,20
2IBL,A,A,108,0,2IBL.cif.gz,False,1
1OAP,A,A,108,0,1OAP.cif.gz,False,1
2KPY,A,A,108,0,2KPY.cif.gz,False,20
2CQY,A,A,108,0,2CQY.cif.gz,False,20
2NA4,A,A,108,0,2NA4.cif.gz,False,20
3FAJ,A,A,108,0,3FAJ.cif.gz,False,1
2RN7,A,A,108,0,2RN7.cif.gz,False,20
2LC2,A,A,108,0,2LC2.cif.gz,False,20
2M4N,A,A,108,0,2M4N.cif.gz,False,20
1Z2K,A,A,108,0,1Z2K.cif.gz,False,14
2L2F,A,A,108,0,2L2F.cif.gz,False,20
2L89,A,A,108,0,2L89.cif.gz,False,20
1XSF,A,A,108,0,1XSF.cif.gz,False,30
2RQV,A,A,108,0,2RQV.cif.gz,False,20
1HKF,A,A,108,0,1HKF.cif.gz,False,1
2N2E,A,A,108,0,2N2E.cif.gz,False,20
2L9W,A,A,108,0,2L9W.cif.gz,False,20
2LXU,A,A,108,0,2LXU.cif.gz,False,20
2DM7,A,A,108,0,2DM7.cif.gz,False,20
3CX2,A,A,108,0,3CX2.cif.gz,False,1
1YVS,A,A,108,0,1YVS.cif.gz,False,1
2JQO,A,A,108,0,2JQO.cif.gz,False,20
2DNN,A,A,108,0,2DNN.cif.gz,False,20
2DNF,A,A,108,0,2DNF.cif.gz,False,20
2JRS,A,A,108,0,2JRS.cif.gz,False,20
2KYR,A,A,108,0,2KYR.cif.gz,False,20
1KUL,A,A,108,0,1KUL.cif.gz,False,5
2N39,A,A,108,0,2N39.cif.gz,False,20
5HP7,A,A,108,0,5HP7.cif.gz,False,1
6D1R,A,A,109,0,6D1R.cif.gz,False,1
1BJ8,A,A,109,0,1BJ8.cif.gz,False,1
2YT6,A,A,109,0,2YT6.cif.gz,False,20
2RQ1,A,A,109,0,2RQ1.cif.gz,False,20
5OMT,A,A,109,0,5OMT.cif.gz,False,1
6TOB,A,A,109,0,6TOB.cif.gz,False,20
2COU,A,A,109,0,2COU.cif.gz,False,20
2JN8,A,A,109,0,2JN8.cif.gz,False,20
2NAZ,A,A,109,0,2NAZ.cif.gz,False,10
5AGQ,A,A,109,0,5AGQ.cif.gz,False,20
1SM7,A,A,109,0,1SM7.cif.gz,False,19
2KCA,A,A,109,0,2KCA.cif.gz,False,20
2DIS,A,A,109,0,2DIS.cif.gz,False,20
5HFQ,A,A,109,0,5HFQ.cif.gz,False,1
1X5X,A,A,109,0,1X5X.cif.gz,False,20
1WI4,A,A,109,0,1WI4.cif.gz,False,20
2JWW,A,A,109,0,2JWW.cif.gz,False,20
2M8R,A,A,109,0,2M8R.cif.gz,True,20
1VD0,A,A,109,0,1VD0.cif.gz,False,20
1UC6,A,A,109,0,1UC6.cif.gz,False,21
2CWP,A,A,109,0,2CWP.cif.gz,False,1
1CTO,A,A,109,0,1CTO.cif.gz,False,1
2CR5,A,A,109,0,2CR5.cif.gz,False,20
2X8N,A,A,109,0,2X8N.cif.gz,False,20
2LM4,A,A,109,0,2LM4.cif.gz,False,20
2E7H,A,A,109,0,2E7H.cif.gz,False,20
1X4G,A,A,109,0,1X4G.cif.gz,False,20
5MIX,A,A,109,0,5MIX.cif.gz,False,1
2FO3,A,A,109,0,2FO3.cif.gz,False,1
2L9Q,A,A,109,0,2L9Q.cif.gz,False,20
2NSC,A,A,109,0,2NSC.cif.gz,False,1
2K3I,A,A,109,0,2K3I.cif.gz,False,20
2MK2,A,A,109,0,2MK2.cif.gz,False,20
1X4A,A,A,109,0,1X4A.cif.gz,False,20
5TGW,A,A,109,0,5TGW.cif.gz,False,20
2M80,A,A,109,0,2M80.cif.gz,False,20
1Z9F,A,A,109,0,1Z9F.cif.gz,False,1
2K7M,A,A,109,0,2K7M.cif.gz,False,10
2CTW,A,A,109,0,2CTW.cif.gz,False,20
2DZK,A,A,109,0,2DZK.cif.gz,False,20
2LXE,A,A,109,0,2LXE.cif.gz,False,20
2K6G,A,A,109,0,2K6G.cif.gz,False,24
2Y6X,A,A,109,0,2Y6X.cif.gz,False,1
2OYP,A,A,109,0,2OYP.cif.gz,False,1
2D9B,A,A,109,0,2D9B.cif.gz,False,20
2N32,A,A,109,0,2N32.cif.gz,False,20
2L1T,A,A,109,0,2L1T.cif.gz,False,20
1OH1,A,A,109,0,1OH1.cif.gz,False,20
1WGQ,A,A,109,0,1WGQ.cif.gz,False,20
1UHW,A,A,109,0,1UHW.cif.gz,False,20
1ZZP,A,A,109,0,1ZZP.cif.gz,False,10
2J6B,A,A,109,0,2J6B.cif.gz,False,1
2KBN,A,A,109,0,2KBN.cif.gz,False,20
2COP,A,A,109,0,2COP.cif.gz,False,20
3IPZ,A,A,109,0,3IPZ.cif.gz,False,1
2HQN,A,A,109,0,2HQN.cif.gz,False,20
2R2Y,A,A,109,0,2R2Y.cif.gz,False,1
2D96,A,A,109,0,2D96.cif.gz,False,20
2FQH,A,A,109,0,2FQH.cif.gz,False,20
2L2Q,A,A,109,0,2L2Q.cif.gz,False,20
5YDN,A,A,109,0,5YDN.cif.gz,False,1
1UJR,A,A,110,0,1UJR.cif.gz,False,20
2LTK,A,A,110,0,2LTK.cif.gz,False,20
2KL5,A,A,110,0,2KL5.cif.gz,False,20
5OHQ,A,A,110,0,5OHQ.cif.gz,False,1
2K5D,A,A,110,0,2K5D.cif.gz,False,20
2M1H,A,A,110,0,2M1H.cif.gz,False,20
1OQA,A,A,110,0,1OQA.cif.gz,False,15
2DM3,A,A,110,0,2DM3.cif.gz,False,20
5W3G,A,A,110,0,5W3G.cif.gz,False,10
2NAS,A,A,110,0,2NAS.cif.gz,False,20
2KSH,A,A,110,0,2KSH.cif.gz,False,20
1KRS,A,A,110,0,1KRS.cif.gz,False,1
2K50,A,A,110,0,2K50.cif.gz,False,20
4CNY,A,A,110,0,4CNY.cif.gz,False,1
2KEP,A,A,110,0,2KEP.cif.gz,False,20
2DM2,A,A,110,0,2DM2.cif.gz,False,20
1XW3,A,A,110,0,1XW3.cif.gz,False,1
2BYE,A,A,110,0,2BYE.cif.gz,False,20
6QBZ,A,A,110,0,6QBZ.cif.gz,False,10
1HN6,A,A,110,0,1HN6.cif.gz,False,20
1UM1,A,A,110,0,1UM1.cif.gz,False,20
1X5Q,A,A,110,0,1X5Q.cif.gz,False,20
1YGO,A,A,110,0,1YGO.cif.gz,False,20
1WXP,A,A,110,0,1WXP.cif.gz,False,20
6MK7,A,A,110,0,6MK7.cif.gz,False,20
2K0Z,A,A,110,0,2K0Z.cif.gz,False,20
4ZHW,A,A,110,0,4ZHW.cif.gz,False,1
4HQA,A,A,110,0,4HQA.cif.gz,False,1
2MLK,A,A,110,0,2MLK.cif.gz,False,20
2KHQ,A,A,110,0,2KHQ.cif.gz,False,20
2LSU,A,A,110,0,2LSU.cif.gz,False,20
2N6E,A,A,110,0,2N6E.cif.gz,False,20
3KCW,A,A,110,0,3KCW.cif.gz,False,1
2JO6,A,A,110,0,2JO6.cif.gz,False,20
1SBO,A,A,110,0,1SBO.cif.gz,False,20
1S04,A,A,110,0,1S04.cif.gz,False,20
1TKN,A,A,110,0,1TKN.cif.gz,False,20
2EKX,A,A,110,0,2EKX.cif.gz,False,20
2MEK,A,A,110,0,2MEK.cif.gz,False,20
2JMK,A,A,110,0,2JMK.cif.gz,False,20
1BJX,A,A,110,0,1BJX.cif.gz,False,24
1EXG,A,A,110,0,1EXG.cif.gz,False,1
2CQ8,A,A,110,0,2CQ8.cif.gz,False,20
2JV3,A,A,110,0,2JV3.cif.gz,False,25
3EMI,A,A,110,0,3EMI.cif.gz,False,1
5O3S,A,A,110,0,5O3S.cif.gz,False,1
2MHD,A,A,110,0,2MHD.cif.gz,False,19
5YWJ,A,A,110,0,5YWJ.cif.gz,False,1
2H7A,A,A,110,0,2H7A.cif.gz,False,20
2DB8,A,A,110,0,2DB8.cif.gz,False,20
1XD6,A,A,110,0,1XD6.cif.gz,False,1
5Y6H,A,A,110,0,5Y6H.cif.gz,False,1
1M5I,A,A,110,0,1M5I.cif.gz,False,1
1WF1,A,A,110,0,1WF1.cif.gz,False,20
3CNU,A,A,110,0,3CNU.cif.gz,False,1
2CRZ,A,A,110,0,2CRZ.cif.gz,False,20
2IUG,A,A,110,0,2IUG.cif.gz,False,1
2RNO,A,A,110,0,2RNO.cif.gz,False,20
1ZOX,A,A,110,0,1ZOX.cif.gz,False,1
1RKN,A,A,110,0,1RKN.cif.gz,False,12
2JOP,A,A,110,0,2JOP.cif.gz,False,50
2DAQ,A,A,110,0,2DAQ.cif.gz,False,20
2DIQ,A,A,110,0,2DIQ.cif.gz,False,20
2JX3,A,A,110,0,2JX3.cif.gz,False,10
2KGR,A,A,111,0,2KGR.cif.gz,False,20
1UK5,A,A,111,0,1UK5.cif.gz,False,20
2KIW,A,A,111,0,2KIW.cif.gz,False,20
2LVA,A,A,111,0,2LVA.cif.gz,False,20
1ROA,A,A,111,0,1ROA.cif.gz,False,1
1VAE,A,A,111,0,1VAE.cif.gz,False,20
1XG8,A,A,111,0,1XG8.cif.gz,False,1
2EO3,A,A,111,0,2EO3.cif.gz,False,20
2D7Q,A,A,111,0,2D7Q.cif.gz,False,20
1SFP,A,A,111,0,1SFP.cif.gz,False,1
1UJU,A,A,111,0,1UJU.cif.gz,False,20
1X4H,A,A,111,0,1X4H.cif.gz,False,20
2HJQ,A,A,111,0,2HJQ.cif.gz,False,20
1X5L,A,A,111,0,1X5L.cif.gz,False,20
6J2M,A,A,111,0,6J2M.cif.gz,False,1
2K2B,A,A,111,0,2K2B.cif.gz,False,20
1WE6,A,A,111,0,1WE6.cif.gz,False,20
1WHX,A,A,111,0,1WHX.cif.gz,False,20
1JI8,A,A,111,0,1JI8.cif.gz,False,20
2DLU,A,A,111,0,2DLU.cif.gz,False,20
1FYB,A,A,111,0,1FYB.cif.gz,False,20
1EIW,A,A,111,0,1EIW.cif.gz,False,16
1X5Y,A,A,111,0,1X5Y.cif.gz,False,20
2K5W,A,A,111,0,2K5W.cif.gz,False,20
2K2W,A,A,111,0,2K2W.cif.gz,False,20
2CPI,A,A,111,0,2CPI.cif.gz,False,20
2CT6,A,A,111,0,2CT6.cif.gz,False,20
3GX8,A,A,111,0,3GX8.cif.gz,False,1
2K4N,A,A,111,0,2K4N.cif.gz,False,20
2YQF,A,A,111,0,2YQF.cif.gz,False,20
2JZV,A,A,111,0,2JZV.cif.gz,False,25
2LC4,A,A,111,0,2LC4.cif.gz,False,20
2V1N,A,A,111,0,2V1N.cif.gz,False,12
3W56,A,A,111,0,3W56.cif.gz,False,1
1TE4,A,A,111,0,1TE4.cif.gz,False,40
2KX7,A,A,111,0,2KX7.cif.gz,False,25
5U3H,A,A,111,0,5U3H.cif.gz,False,20
2DCE,A,A,111,0,2DCE.cif.gz,False,20
1MP1,A,A,111,0,1MP1.cif.gz,False,20
2DGY,A,A,111,0,2DGY.cif.gz,False,20
2L3L,A,A,111,0,2L3L.cif.gz,False,20
1DG4,A,A,111,0,1DG4.cif.gz,False,20
5YDE,A,A,111,0,5YDE.cif.gz,False,1
2N9G,A,A,111,0,2N9G.cif.gz,False,20
1TDP,A,A,111,0,1TDP.cif.gz,False,15
2D7O,A,A,111,0,2D7O.cif.gz,False,20
2NBM,A,A,111,0,2NBM.cif.gz,False,20
2KOJ,A,A,111,0,2KOJ.cif.gz,False,20
1NYN,A,A,111,0,1NYN.cif.gz,False,20
2TGI,A,A,112,0,2TGI.cif.gz,False,1
2G7J,A,A,112,0,2G7J.cif.gz,False,20
4DKK,A,A,112,0,4DKK.cif.gz,False,1
1K19,A,A,112,0,1K19.cif.gz,False,20
2MX7,A,A,112,0,2MX7.cif.gz,False,10
3ERS,A,X,112,0,3ERS.cif.gz,False,1
2KEY,A,A,112,0,2KEY.cif.gz,False,20
1O3X,A,A,112,0,1O3X.cif.gz,False,1
5APZ,A,A,112,0,5APZ.cif.gz,False,1
2GRI,A,A,112,0,2GRI.cif.gz,False,20
1YX3,A,A,112,0,1YX3.cif.gz,False,20
2KCK,A,A,112,0,2KCK.cif.gz,False,10
2JQM,A,A,112,0,2JQM.cif.gz,False,19
2CUI,A,A,112,0,2CUI.cif.gz,False,20
2D7P,A,A,112,0,2D7P.cif.gz,False,20
2COY,A,A,112,0,2COY.cif.gz,False,20
2COC,A,A,112,0,2COC.cif.gz,False,20
5KGQ,A,A,112,0,5KGQ.cif.gz,False,20
1YGM,A,A,112,0,1YGM.cif.gz,True,10
2LOS,A,A,112,0,2LOS.cif.gz,True,20
2E7O,A,A,112,0,2E7O.cif.gz,False,20
1JLI,A,A,112,0,1JLI.cif.gz,False,1
2DIT,A,A,112,0,2DIT.cif.gz,False,20
2LTJ,A,A,112,0,2LTJ.cif.gz,False,21
1IRF,A,A,112,0,1IRF.cif.gz,False,1
1TOF,A,A,112,0,1TOF.cif.gz,False,23
6SOE,A,A,112,0,6SOE.cif.gz,False,25
1WJW,A,A,112,0,1WJW.cif.gz,False,20
2EBU,A,A,112,0,2EBU.cif.gz,False,20
2CTQ,A,A,112,0,2CTQ.cif.gz,False,20
1QAU,A,A,112,0,1QAU.cif.gz,False,1
2M0N,A,A,112,0,2M0N.cif.gz,False,20
2E6J,A,A,112,0,2E6J.cif.gz,False,20
1YX4,A,A,112,0,1YX4.cif.gz,False,15
2LZJ,A,A,112,0,2LZJ.cif.gz,False,20
2KZ4,A,A,112,0,2KZ4.cif.gz,False,20
5EB9,A,A,112,0,5EB9.cif.gz,False,1
1L4S,A,A,112,0,1L4S.cif.gz,False,20
1X4F,A,A,112,0,1X4F.cif.gz,False,20
1J26,A,A,112,0,1J26.cif.gz,False,20
1X0H,A,A,112,0,1X0H.cif.gz,False,20
2CRQ,A,A,112,0,2CRQ.cif.gz,False,20
1FHS,A,A,112,0,1FHS.cif.gz,False,18
2E6Q,A,A,112,0,2E6Q.cif.gz,False,20
2DLW,A,A,113,0,2DLW.cif.gz,False,20
1XHS,A,A,113,0,1XHS.cif.gz,False,10
1GA3,A,A,113,0,1GA3.cif.gz,False,20
1XNE,A,A,113,0,1XNE.cif.gz,False,20
2E2W,A,A,113,0,2E2W.cif.gz,False,20
2MUK,A,X,113,0,2MUK.cif.gz,False,20
4CSQ,A,A,113,0,4CSQ.cif.gz,False,22
2CPC,A,A,113,0,2CPC.cif.gz,False,20
6I2O,A,A,113,0,6I2O.cif.gz,False,10
1WI0,A,A,113,0,1WI0.cif.gz,False,20
2DIA,A,A,113,0,2DIA.cif.gz,False,20
3FWU,A,A,113,0,3FWU.cif.gz,False,1
2KQR,A,A,113,0,2KQR.cif.gz,False,20
2NDA,A,A,113,0,2NDA.cif.gz,False,20
1UIL,A,A,113,0,1UIL.cif.gz,False,20
1X5J,A,A,113,0,1X5J.cif.gz,False,20
2QVT,A,A,113,0,2QVT.cif.gz,False,1
1TI3,A,A,113,0,1TI3.cif.gz,False,20
2LFG,A,A,113,0,2LFG.cif.gz,False,20
2LRJ,A,A,113,0,2LRJ.cif.gz,False,20
5NR5,A,A,113,0,5NR5.cif.gz,False,30
2KHA,A,A,113,0,2KHA.cif.gz,False,20
2CPE,A,A,113,0,2CPE.cif.gz,False,20
2DS4,A,A,113,0,2DS4.cif.gz,False,20
1OWX,A,A,113,0,1OWX.cif.gz,False,20
2LQ5,A,A,113,0,2LQ5.cif.gz,False,20
2IVW,A,A,113,0,2IVW.cif.gz,False,20
2ALB,A,A,113,0,2ALB.cif.gz,False,20
2I24,A,N,113,0,2I24.cif.gz,False,1
2HC8,A,A,113,0,2HC8.cif.gz,False,1
2RPB,A,A,113,0,2RPB.cif.gz,False,20
2COK,A,A,113,0,2COK.cif.gz,False,20
1PLS,A,A,113,0,1PLS.cif.gz,False,25
5N7H,A,A,113,0,5N7H.cif.gz,False,1
3FKC,A,A,113,0,3FKC.cif.gz,False,1
1Y7X,A,A,113,0,1Y7X.cif.gz,False,20
1NOA,A,A,113,0,1NOA.cif.gz,False,1
1V9J,A,A,113,0,1V9J.cif.gz,False,20
1TVM,A,A,113,0,1TVM.cif.gz,False,20
6BI6,A,A,113,0,6BI6.cif.gz,False,15
1R26,A,A,113,0,1R26.cif.gz,False,1
2LT3,A,A,113,0,2LT3.cif.gz,False,20
2E7M,A,A,113,0,2E7M.cif.gz,False,20
1WHG,A,A,113,0,1WHG.cif.gz,False,20
1VA8,A,A,113,0,1VA8.cif.gz,False,20
3ONH,A,A,113,0,3ONH.cif.gz,False,1
2G5M,A,B,113,0,2G5M.cif.gz,False,20
2DNL,A,A,114,0,2DNL.cif.gz,False,20
2D8I,A,A,114,0,2D8I.cif.gz,False,20
1BLJ,A,A,114,0,1BLJ.cif.gz,False,20
2MC8,A,A,114,0,2MC8.cif.gz,False,20
1UEW,A,A,114,0,1UEW.cif.gz,False,20
2M0A,A,A,114,0,2M0A.cif.gz,False,21
1Y6D,A,A,114,0,1Y6D.cif.gz,False,19
1X4Y,A,A,114,0,1X4Y.cif.gz,False,20
3LR3,A,A,114,0,3LR3.cif.gz,False,1
1WQU,A,A,114,0,1WQU.cif.gz,False,20
5W3R,A,A,114,0,5W3R.cif.gz,False,1
2L6O,A,A,114,0,2L6O.cif.gz,False,20
2EE0,A,A,114,0,2EE0.cif.gz,False,20
1EAN,A,A,114,0,1EAN.cif.gz,False,1
1YNX,A,A,114,0,1YNX.cif.gz,False,22
2EDZ,A,A,114,0,2EDZ.cif.gz,False,20
1V9V,A,A,114,0,1V9V.cif.gz,False,20
2O0Q,A,A,114,0,2O0Q.cif.gz,False,1
2L0D,A,A,114,0,2L0D.cif.gz,False,20
5MRG,A,A,114,0,5MRG.cif.gz,False,20
5AJ1,A,A,114,0,5AJ1.cif.gz,False,20
1P97,A,A,114,0,1P97.cif.gz,False,20
1LL8,A,A,114,0,1LL8.cif.gz,False,20
4UMI,A,A,114,0,4UMI.cif.gz,False,1
2MSX,A,A,114,0,2MSX.cif.gz,False,20
2LVF,A,A,114,0,2LVF.cif.gz,False,12
1X5O,A,A,114,0,1X5O.cif.gz,False,20
2RNN,A,A,114,0,2RNN.cif.gz,False,20
5XME,A,A,114,0,5XME.cif.gz,False,10
2MTF,A,A,114,0,2MTF.cif.gz,False,20
2EJE,A,A,114,0,2EJE.cif.gz,False,20
4Y9I,A,A,114,0,4Y9I.cif.gz,False,1
2MAX,A,A,114,0,2MAX.cif.gz,False,15
2CQ4,A,A,114,0,2CQ4.cif.gz,False,20
1X5N,A,A,114,0,1X5N.cif.gz,False,20
4OSN,A,A,114,0,4OSN.cif.gz,False,1
2CPY,A,A,114,0,2CPY.cif.gz,False,20
2DO0,A,A,114,0,2DO0.cif.gz,False,20
2MU4,A,A,114,0,2MU4.cif.gz,False,20
2KPP,A,A,114,0,2KPP.cif.gz,False,20
2KDI,A,A,114,0,2KDI.cif.gz,False,20
5ZT3,A,A,114,0,5ZT3.cif.gz,False,1
3IU5,A,A,114,0,3IU5.cif.gz,False,1
2KZB,A,A,114,0,2KZB.cif.gz,False,20
1SAU,A,A,114,0,1SAU.cif.gz,False,1
2YRP,A,A,114,0,2YRP.cif.gz,False,20
3ENU,A,A,114,0,3ENU.cif.gz,False,1
4DH4,A,A,114,0,4DH4.cif.gz,False,1
1NMW,A,A,114,0,1NMW.cif.gz,False,10
1WGK,A,A,114,0,1WGK.cif.gz,False,20
6ER0,A,A,114,0,6ER0.cif.gz,False,15
2APN,A,A,114,0,2APN.cif.gz,False,20
3VVV,A,A,114,0,3VVV.cif.gz,False,1
2CQ2,A,A,114,0,2CQ2.cif.gz,False,20
6G4A,A,A,114,0,6G4A.cif.gz,False,10
2KLQ,A,A,114,0,2KLQ.cif.gz,False,20
1JWE,A,A,114,0,1JWE.cif.gz,False,20
1ENW,A,A,114,0,1ENW.cif.gz,False,20
2WB6,A,A,114,0,2WB6.cif.gz,False,1
6FZK,A,A,114,0,6FZK.cif.gz,False,20
2CQV,A,A,114,0,2CQV.cif.gz,False,20
1AKP,A,A,114,0,1AKP.cif.gz,False,15
1ZDV,A,A,115,0,1ZDV.cif.gz,False,20
2AIF,A,A,115,0,2AIF.cif.gz,False,1
6C8U,A,1,115,0,6C8U.cif.gz,False,10
2CPZ,A,A,115,0,2CPZ.cif.gz,False,20
2HW0,A,A,115,0,2HW0.cif.gz,False,31
2CUH,A,A,115,0,2CUH.cif.gz,False,20
2CPX,A,A,115,0,2CPX.cif.gz,False,20
2JJW,A,A,115,0,2JJW.cif.gz,False,1
1KLP,A,A,115,0,1KLP.cif.gz,False,20
2KMS,A,A,115,0,2KMS.cif.gz,False,20
6G7G,A,A,115,0,6G7G.cif.gz,False,20
2RSM,A,A,115,0,2RSM.cif.gz,False,20
2K3X,A,A,115,0,2K3X.cif.gz,False,20
2MPW,A,A,115,0,2MPW.cif.gz,False,23
2DN6,A,A,115,0,2DN6.cif.gz,False,20
2D7M,A,A,115,0,2D7M.cif.gz,False,20
4QXL,A,A,115,0,4QXL.cif.gz,False,1
5LZN,A,A,115,0,5LZN.cif.gz,False,1
6G62,A,A,115,0,6G62.cif.gz,False,1
2DGO,A,A,115,0,2DGO.cif.gz,False,20
1YKA,A,A,115,0,1YKA.cif.gz,False,20
2JLJ,A,A,115,0,2JLJ.cif.gz,False,1
3LS0,A,A,115,0,3LS0.cif.gz,False,1
5H0Z,A,A,115,0,5H0Z.cif.gz,False,1
2VPK,A,A,115,0,2VPK.cif.gz,False,1
6MNT,A,A,115,0,6MNT.cif.gz,False,25
2COD,A,A,115,0,2COD.cif.gz,False,20
6GT7,A,A,115,0,6GT7.cif.gz,False,20
2KAT,A,A,115,0,2KAT.cif.gz,False,20
1X5Z,A,A,115,0,1X5Z.cif.gz,False,20
2L6K,A,A,115,0,2L6K.cif.gz,False,20
3K1H,A,A,115,0,3K1H.cif.gz,False,1
2JQE,A,A,115,0,2JQE.cif.gz,False,10
3O1C,A,A,115,0,3O1C.cif.gz,False,1
4MZ2,A,A,115,0,4MZ2.cif.gz,False,1
4L9E,A,A,115,0,4L9E.cif.gz,False,1
1EGX,A,A,115,0,1EGX.cif.gz,False,15
5LY5,A,A,115,0,5LY5.cif.gz,False,1
1Y5O,A,A,115,0,1Y5O.cif.gz,False,20
2DO9,A,A,115,0,2DO9.cif.gz,False,20
6EQY,A,A,115,0,6EQY.cif.gz,False,14
1V5K,A,A,115,0,1V5K.cif.gz,False,20
1WE7,A,A,115,0,1WE7.cif.gz,False,20
2CR6,A,A,115,0,2CR6.cif.gz,False,20
2N1L,A,A,115,0,2N1L.cif.gz,False,1
2K8E,A,A,116,0,2K8E.cif.gz,False,20
2KK6,A,A,116,0,2KK6.cif.gz,False,20
2KKQ,A,A,116,0,2KKQ.cif.gz,False,20
1TOZ,A,A,116,0,1TOZ.cif.gz,False,20
2MJ3,A,A,116,0,2MJ3.cif.gz,False,9
5U87,A,A,116,0,5U87.cif.gz,False,20
1AUZ,A,A,116,0,1AUZ.cif.gz,False,24
2LUI,A,A,116,0,2LUI.cif.gz,False,20
1ZYI,A,A,116,0,1ZYI.cif.gz,False,15
5KES,A,A,116,0,5KES.cif.gz,False,20
5XR1,A,A,116,0,5XR1.cif.gz,False,20
2KJ5,A,A,116,0,2KJ5.cif.gz,False,20
2JZJ,A,A,116,0,2JZJ.cif.gz,False,30
2DL1,A,A,116,0,2DL1.cif.gz,False,20
2K87,A,A,116,0,2K87.cif.gz,False,20
2DMC,A,A,116,0,2DMC.cif.gz,False,20
6AZ5,A,A,116,0,6AZ5.cif.gz,False,1
2DM8,A,A,116,0,2DM8.cif.gz,False,20
6UMU,A,A,116,0,6UMU.cif.gz,False,1
1X4B,A,A,116,0,1X4B.cif.gz,False,20
5CI9,A,A,116,0,5CI9.cif.gz,False,1
1BEA,A,A,116,0,1BEA.cif.gz,False,1
6ESP,A,A,116,0,6ESP.cif.gz,False,20
2MTG,A,A,116,0,2MTG.cif.gz,False,20
2BGO,A,A,116,0,2BGO.cif.gz,False,5
2GDT,A,A,116,0,2GDT.cif.gz,False,20
5WF2,A,A,116,0,5WF2.cif.gz,False,1
2KOG,A,A,116,0,2KOG.cif.gz,True,20
1WXA,A,A,116,0,1WXA.cif.gz,False,20
2BYF,A,A,116,0,2BYF.cif.gz,False,20
1X5G,A,A,116,0,1X5G.cif.gz,False,20
2CQU,A,A,116,0,2CQU.cif.gz,False,20
1SR2,A,A,116,0,1SR2.cif.gz,False,25
3CP5,A,A,116,0,3CP5.cif.gz,False,1
5E56,A,A,116,0,5E56.cif.gz,False,1
1RDU,A,A,116,0,1RDU.cif.gz,False,20
1FHT,A,A,116,0,1FHT.cif.gz,False,43
2K32,A,A,116,0,2K32.cif.gz,False,20
2L4C,A,A,116,0,2L4C.cif.gz,False,50
2C34,A,A,116,0,2C34.cif.gz,False,38
1NPU,A,A,116,0,1NPU.cif.gz,False,1
2KT9,A,A,116,0,2KT9.cif.gz,False,20
1WGH,A,A,116,0,1WGH.cif.gz,False,20
2F1E,A,A,116,0,2F1E.cif.gz,False,20
1WYL,A,A,116,0,1WYL.cif.gz,False,20
1PY9,A,A,116,0,1PY9.cif.gz,False,1
2M1B,A,A,116,0,2M1B.cif.gz,False,25
2CQD,A,A,116,0,2CQD.cif.gz,False,20
1JPE,A,A,116,0,1JPE.cif.gz,False,1
1A57,A,A,116,0,1A57.cif.gz,False,20
1XTE,A,A,116,0,1XTE.cif.gz,False,1
6OG0,A,A,116,0,6OG0.cif.gz,False,1
3MF8,A,A,117,0,3MF8.cif.gz,False,1
1UIT,A,A,117,0,1UIT.cif.gz,False,20
6ECM,A,A,117,0,6ECM.cif.gz,False,1
4I6X,A,A,117,0,4I6X.cif.gz,False,1
2KTS,A,A,117,0,2KTS.cif.gz,False,19
1Z7P,A,A,117,0,1Z7P.cif.gz,False,20
1KMD,A,A,117,0,1KMD.cif.gz,False,20
3ZK0,A,A,117,0,3ZK0.cif.gz,False,1
5FU5,A,A,117,0,5FU5.cif.gz,False,1
2KM1,A,A,117,0,2KM1.cif.gz,False,20
3UAF,A,A,117,0,3UAF.cif.gz,False,1
2KKP,A,A,117,0,2KKP.cif.gz,False,20
3R2E,A,A,117,0,3R2E.cif.gz,False,1
5LFI,A,A,117,0,5LFI.cif.gz,False,16
5JYU,A,A,117,0,5JYU.cif.gz,False,20
3WHJ,A,A,117,0,3WHJ.cif.gz,False,1
4BF8,A,A,117,0,4BF8.cif.gz,False,12
1WJ3,A,A,117,0,1WJ3.cif.gz,False,20
2CPT,A,A,117,0,2CPT.cif.gz,False,20
6B8C,A,A,117,0,6B8C.cif.gz,False,1
2YRV,A,A,117,0,2YRV.cif.gz,False,20
2LJK,A,A,117,0,2LJK.cif.gz,False,20
2W1R,A,A,117,0,2W1R.cif.gz,False,1
2HGK,A,A,117,0,2HGK.cif.gz,False,20
3L78,A,A,117,0,3L78.cif.gz,False,1
1UJD,A,A,117,0,1UJD.cif.gz,False,20
1U3M,A,A,117,0,1U3M.cif.gz,False,20
1V62,A,A,117,0,1V62.cif.gz,False,20
1V5U,A,A,117,0,1V5U.cif.gz,False,20
1PQE,A,A,117,0,1PQE.cif.gz,False,1
2M0T,A,A,117,0,2M0T.cif.gz,False,20
6B26,A,A,117,0,6B26.cif.gz,False,1
2I7K,A,A,117,0,2I7K.cif.gz,False,20
2JMH,A,A,117,0,2JMH.cif.gz,False,21
2K2J,A,A,117,0,2K2J.cif.gz,False,20
2ROV,A,A,117,0,2ROV.cif.gz,False,20
1WID,A,A,117,0,1WID.cif.gz,False,20
3FE9,A,A,117,0,3FE9.cif.gz,False,1
2P8V,A,A,117,0,2P8V.cif.gz,False,1
2D9Y,A,A,117,0,2D9Y.cif.gz,False,20
1K0H,A,A,117,0,1K0H.cif.gz,False,10
2DIZ,A,A,117,0,2DIZ.cif.gz,False,20
1VYN,A,A,117,0,1VYN.cif.gz,False,10
2EHR,A,A,117,0,2EHR.cif.gz,False,20
2HC5,A,A,117,0,2HC5.cif.gz,False,20
1UEM,A,A,117,0,1UEM.cif.gz,False,20
2LAE,A,A,118,0,2LAE.cif.gz,True,9
2YUB,A,A,118,0,2YUB.cif.gz,False,20
2DB1,A,A,118,0,2DB1.cif.gz,False,20
2KXR,A,A,118,0,2KXR.cif.gz,False,20
2FUJ,A,A,118,0,2FUJ.cif.gz,False,1
2KDK,A,A,118,0,2KDK.cif.gz,False,10
1V89,A,A,118,0,1V89.cif.gz,False,20
2K49,A,A,118,0,2K49.cif.gz,False,20
2KD1,A,A,118,0,2KD1.cif.gz,False,20
2YRZ,A,A,118,0,2YRZ.cif.gz,False,20
2EDN,A,A,118,0,2EDN.cif.gz,False,20
2K3Q,A,A,118,0,2K3Q.cif.gz,False,10
1ROT,A,A,118,0,1ROT.cif.gz,False,1
2E7C,A,A,118,0,2E7C.cif.gz,False,20
2CRU,A,A,118,0,2CRU.cif.gz,False,20
2YTW,A,A,118,0,2YTW.cif.gz,False,20
1WN2,A,A,118,0,1WN2.cif.gz,False,1
2PXG,A,A,118,0,2PXG.cif.gz,False,20
3EY6,A,A,118,0,3EY6.cif.gz,False,1
1V6B,A,A,118,0,1V6B.cif.gz,False,20
6GMP,A,A,118,0,6GMP.cif.gz,False,1
1TUZ,A,A,118,0,1TUZ.cif.gz,False,20
3DJN,A,B,118,0,3DJN.cif.gz,False,1
1R9H,A,A,118,0,1R9H.cif.gz,False,1
2GE9,A,A,118,0,2GE9.cif.gz,False,20
3ZSU,A,A,118,0,3ZSU.cif.gz,False,1
5IAZ,A,A,118,0,5IAZ.cif.gz,False,25
1POQ,A,A,118,0,1POQ.cif.gz,False,20
1RJH,A,A,118,0,1RJH.cif.gz,False,20
5IEB,A,A,118,0,5IEB.cif.gz,False,20
1A7D,A,A,118,0,1A7D.cif.gz,False,1
2YRU,A,A,118,0,2YRU.cif.gz,False,20
6NAN,A,A,118,0,6NAN.cif.gz,False,10
1VVC,A,A,118,0,1VVC.cif.gz,False,1
2EC1,A,A,118,0,2EC1.cif.gz,False,20
2L72,A,A,118,0,2L72.cif.gz,False,10
2DAO,A,A,118,0,2DAO.cif.gz,False,20
1TMY,A,A,118,0,1TMY.cif.gz,False,1
1UHT,A,A,118,0,1UHT.cif.gz,False,20
2KNR,A,A,118,0,2KNR.cif.gz,False,20
1HCD,A,A,118,0,1HCD.cif.gz,False,1
1SF9,A,A,118,0,1SF9.cif.gz,False,1
4JOX,A,A,118,0,4JOX.cif.gz,False,1
2KL4,A,A,118,0,2KL4.cif.gz,False,20
2FTU,A,A,118,0,2FTU.cif.gz,False,20
3RVC,A,A,118,0,3RVC.cif.gz,False,1
2KJ9,A,A,118,0,2KJ9.cif.gz,False,20
2KJ8,A,A,118,0,2KJ8.cif.gz,False,20
5C68,A,A,118,0,5C68.cif.gz,False,1
2KHC,A,A,118,0,2KHC.cif.gz,False,10
2DLZ,A,A,118,0,2DLZ.cif.gz,False,20
2FKI,A,A,118,0,2FKI.cif.gz,False,20
2NBB,A,A,118,0,2NBB.cif.gz,False,19
2MAM,A,A,118,0,2MAM.cif.gz,False,20
1MYO,A,A,118,0,1MYO.cif.gz,False,44
2EL8,A,A,118,0,2EL8.cif.gz,False,20
2MW1,A,A,118,0,2MW1.cif.gz,False,20
1X6C,A,A,118,0,1X6C.cif.gz,False,20
2FI9,A,A,118,0,2FI9.cif.gz,False,1
1L2M,A,A,118,0,1L2M.cif.gz,False,1
2LSH,A,A,118,0,2LSH.cif.gz,False,20
1X3D,A,A,118,0,1X3D.cif.gz,False,20
2M46,A,A,118,0,2M46.cif.gz,False,20
2DAF,A,A,118,0,2DAF.cif.gz,False,20
2EO9,A,A,118,0,2EO9.cif.gz,False,20
2NCG,A,A,118,0,2NCG.cif.gz,False,20
2MOT,A,A,118,0,2MOT.cif.gz,False,20
1U34,A,A,119,0,1U34.cif.gz,False,20
2EE2,A,A,119,0,2EE2.cif.gz,False,20
1U5F,A,A,119,0,1U5F.cif.gz,False,1
1X0O,A,A,119,0,1X0O.cif.gz,False,20
5IRD,A,A,119,0,5IRD.cif.gz,False,20
2J48,A,A,119,0,2J48.cif.gz,False,20
2LWF,A,A,119,0,2LWF.cif.gz,False,20
2KQ1,A,A,119,0,2KQ1.cif.gz,False,20
6GBD,A,A,119,0,6GBD.cif.gz,False,20
4UZM,A,A,119,0,4UZM.cif.gz,False,20
4ZOU,A,A,119,0,4ZOU.cif.gz,False,1
1FHO,A,A,119,0,1FHO.cif.gz,False,25
2P0F,A,A,119,0,2P0F.cif.gz,False,1
4ZBH,A,A,119,0,4ZBH.cif.gz,False,1
1A3D,A,A,119,0,1A3D.cif.gz,False,1
1JFN,A,A,119,0,1JFN.cif.gz,False,15
2PND,A,A,119,0,2PND.cif.gz,False,1
2D89,A,A,119,0,2D89.cif.gz,False,20
2L9J,A,A,119,0,2L9J.cif.gz,False,20
2LJP,A,A,119,0,2LJP.cif.gz,False,20
2DB2,A,A,119,0,2DB2.cif.gz,False,20
2YQR,A,A,119,0,2YQR.cif.gz,False,20
2DHK,A,A,119,0,2DHK.cif.gz,False,20
1WFN,A,A,119,0,1WFN.cif.gz,False,20
1X6D,A,A,119,0,1X6D.cif.gz,False,20
2MEM,A,A,119,0,2MEM.cif.gz,False,20
2XDP,A,A,119,0,2XDP.cif.gz,False,1
1UNP,A,A,119,0,1UNP.cif.gz,False,1
2CS5,A,A,119,0,2CS5.cif.gz,False,20
1TQ1,A,A,119,0,1TQ1.cif.gz,False,5
2MDT,A,A,119,0,2MDT.cif.gz,False,20
2CS0,A,A,119,0,2CS0.cif.gz,False,20
2M3K,A,A,119,0,2M3K.cif.gz,False,1
1Z1M,A,A,119,0,1Z1M.cif.gz,False,24
3KMJ,A,A,119,0,3KMJ.cif.gz,False,1
1WOU,A,A,119,0,1WOU.cif.gz,False,1
1YR1,A,A,119,0,1YR1.cif.gz,False,25
1NZ8,A,A,119,0,1NZ8.cif.gz,False,31
2E7V,A,A,119,0,2E7V.cif.gz,False,1
2CQO,A,A,119,0,2CQO.cif.gz,False,20
4PDT,A,A,119,0,4PDT.cif.gz,False,1
2G3R,A,A,119,0,2G3R.cif.gz,False,1
6DL4,A,A,119,0,6DL4.cif.gz,False,20
1NXO,A,A,119,0,1NXO.cif.gz,False,1
1W9R,A,A,119,0,1W9R.cif.gz,False,19
6SAP,A,A,119,0,6SAP.cif.gz,False,20
1OD9,A,A,119,0,1OD9.cif.gz,False,1
5HFD,A,A,119,0,5HFD.cif.gz,False,1
2RQR,A,A,119,0,2RQR.cif.gz,False,20
2LTL,A,A,119,0,2LTL.cif.gz,False,20
6O1Q,A,A,119,0,6O1Q.cif.gz,False,10
2DOC,A,A,119,0,2DOC.cif.gz,False,20
3S0A,A,A,119,0,3S0A.cif.gz,False,1
6F24,A,A,119,0,6F24.cif.gz,False,10
2MQD,A,A,119,0,2MQD.cif.gz,False,20
6CKP,A,A,119,0,6CKP.cif.gz,False,1
6QVW,A,A,119,0,6QVW.cif.gz,False,30
2YSX,A,A,119,0,2YSX.cif.gz,False,20
1NAT,A,A,119,0,1NAT.cif.gz,False,1
1WI5,A,A,119,0,1WI5.cif.gz,False,20
4YVO,A,A,119,0,4YVO.cif.gz,False,1
2GSB,A,A,119,0,2GSB.cif.gz,False,20
3I42,A,A,119,0,3I42.cif.gz,False,1
2DNY,A,A,119,0,2DNY.cif.gz,False,20
2N4I,A,A,119,0,2N4I.cif.gz,False,20
2YST,A,A,119,0,2YST.cif.gz,False,20
2K6W,A,A,120,0,2K6W.cif.gz,False,31
1TAM,A,A,120,0,1TAM.cif.gz,False,1
1E5G,A,A,120,0,1E5G.cif.gz,False,50
2LEZ,A,A,120,0,2LEZ.cif.gz,False,20
2LT5,A,A,120,0,2LT5.cif.gz,False,20
4GCO,A,A,120,0,4GCO.cif.gz,False,1
2DME,A,A,120,0,2DME.cif.gz,False,20
1MEK,A,A,120,0,1MEK.cif.gz,False,40
2LF0,A,A,120,0,2LF0.cif.gz,False,20
2YUX,A,A,120,0,2YUX.cif.gz,False,20
1WLN,A,A,120,0,1WLN.cif.gz,False,20
4DOT,A,A,120,0,4DOT.cif.gz,False,1
2FD4,A,A,120,0,2FD4.cif.gz,False,1
4NFB,A,A,120,0,4NFB.cif.gz,False,1
1Q2Z,A,A,120,0,1Q2Z.cif.gz,False,20
5VLN,A,A,120,0,5VLN.cif.gz,False,8
4N6L,A,A,120,0,4N6L.cif.gz,False,1
1DUN,A,A,120,0,1DUN.cif.gz,False,1
3B2N,A,A,120,0,3B2N.cif.gz,False,1
3DGF,A,C,120,0,3DGF.cif.gz,False,1
1X6Z,A,A,120,0,1X6Z.cif.gz,False,1
2DHZ,A,A,120,0,2DHZ.cif.gz,False,20
2K7X,A,A,120,0,2K7X.cif.gz,False,21
1IIZ,A,A,120,0,1IIZ.cif.gz,False,1
2WZ9,A,A,120,0,2WZ9.cif.gz,False,1
1BR0,A,A,120,0,1BR0.cif.gz,False,15
1WFU,A,A,120,0,1WFU.cif.gz,False,20
2KOK,A,A,120,0,2KOK.cif.gz,False,20
1J6Y,A,A,120,0,1J6Y.cif.gz,False,20
2FJ8,A,A,120,0,2FJ8.cif.gz,False,1
4HNR,A,A,120,0,4HNR.cif.gz,False,1
2CRV,A,A,120,0,2CRV.cif.gz,False,20
2KVO,A,A,120,0,2KVO.cif.gz,False,20
3C97,A,A,120,0,3C97.cif.gz,False,1
2KQA,A,A,120,0,2KQA.cif.gz,False,20
1HFH,A,A,120,0,1HFH.cif.gz,False,1
2WFB,A,A,120,0,2WFB.cif.gz,False,1
2COE,A,A,120,0,2COE.cif.gz,False,20
4LDM,A,A,120,0,4LDM.cif.gz,False,1
2DJ2,A,A,120,0,2DJ2.cif.gz,False,20
1GYV,A,A,120,0,1GYV.cif.gz,False,1
2BO5,A,A,120,0,2BO5.cif.gz,False,44
2H8E,A,A,120,0,2H8E.cif.gz,False,1
2L4W,A,A,120,0,2L4W.cif.gz,False,20
2MHC,A,A,120,0,2MHC.cif.gz,False,10
2YQD,A,A,120,0,2YQD.cif.gz,False,20
1W6V,A,A,120,0,1W6V.cif.gz,False,13
1V3F,A,A,120,0,1V3F.cif.gz,False,20
2L1N,A,A,120,0,2L1N.cif.gz,False,20
2KCD,A,A,120,0,2KCD.cif.gz,False,20
1WJ5,A,A,120,0,1WJ5.cif.gz,False,20
1RYU,A,A,120,0,1RYU.cif.gz,False,8
1X5F,A,A,120,0,1X5F.cif.gz,False,20
5X5J,A,A,120,0,5X5J.cif.gz,False,1
1UJT,A,A,120,0,1UJT.cif.gz,False,20
2CRM,A,A,120,0,2CRM.cif.gz,False,20
2ENO,A,A,120,0,2ENO.cif.gz,False,20
2D9E,A,A,121,0,2D9E.cif.gz,False,20
1QW1,A,A,121,0,1QW1.cif.gz,False,14
1WYR,A,A,121,0,1WYR.cif.gz,False,20
2DJJ,A,A,121,0,2DJJ.cif.gz,False,10
1C76,A,A,121,0,1C76.cif.gz,False,1
1WRY,A,A,121,0,1WRY.cif.gz,False,20
1BUO,A,A,121,0,1BUO.cif.gz,False,1
1X4Z,A,A,121,0,1X4Z.cif.gz,False,20
2YH5,A,A,121,0,2YH5.cif.gz,True,1
6OMX,A,A,121,0,6OMX.cif.gz,False,1
2JUH,A,A,121,0,2JUH.cif.gz,False,20
2EDO,A,A,121,0,2EDO.cif.gz,False,20
1L6P,A,A,121,0,1L6P.cif.gz,False,1
2KUC,A,A,121,0,2KUC.cif.gz,False,20
2X4J,A,A,121,0,2X4J.cif.gz,False,1
2CR0,A,A,121,0,2CR0.cif.gz,False,20
2X5P,A,A,121,0,2X5P.cif.gz,False,1
6ER1,A,A,121,0,6ER1.cif.gz,False,1
5YIO,A,A,121,0,5YIO.cif.gz,False,20
3CSP,A,A,121,0,3CSP.cif.gz,False,1
5NJO,A,A,121,0,5NJO.cif.gz,False,1
2Z14,A,A,121,0,2Z14.cif.gz,False,1
2D88,A,A,121,0,2D88.cif.gz,False,20
2LBW,A,A,121,0,2LBW.cif.gz,False,20
4G4F,A,A,121,0,4G4F.cif.gz,False,1
2RH3,A,A,121,0,2RH3.cif.gz,False,1
2RQ5,A,A,121,0,2RQ5.cif.gz,False,20
2HRJ,A,A,121,0,2HRJ.cif.gz,False,25
2DLL,A,A,121,0,2DLL.cif.gz,False,20
2LXF,A,A,121,0,2LXF.cif.gz,False,20
2DLH,A,A,121,0,2DLH.cif.gz,False,20
2KRT,A,A,121,0,2KRT.cif.gz,False,20
6IGW,A,A,121,0,6IGW.cif.gz,False,1
3T3L,A,A,121,0,3T3L.cif.gz,False,1
1Z2F,A,A,121,0,1Z2F.cif.gz,False,20
1X5C,A,A,121,0,1X5C.cif.gz,False,20
1WF5,A,A,121,0,1WF5.cif.gz,False,20
4QEM,A,A,121,0,4QEM.cif.gz,False,1
3SUL,A,A,121,0,3SUL.cif.gz,False,1
1DHN,A,A,121,0,1DHN.cif.gz,False,1
2KKV,A,A,121,0,2KKV.cif.gz,False,20
2MMZ,A,A,121,0,2MMZ.cif.gz,False,20
1ZIT,A,A,121,0,1ZIT.cif.gz,False,38
2LY8,A,A,121,0,2LY8.cif.gz,False,10
2KHN,A,A,121,0,2KHN.cif.gz,False,20
2AYY,A,A,121,0,2AYY.cif.gz,False,25
2GRC,A,A,121,0,2GRC.cif.gz,False,1
2LLL,A,A,121,0,2LLL.cif.gz,False,20
5EOP,A,A,121,0,5EOP.cif.gz,False,1
2M09,A,A,121,0,2M09.cif.gz,False,10
1FAA,A,A,121,0,1FAA.cif.gz,False,1
2RTX,A,A,121,0,2RTX.cif.gz,False,20
3LL1,A,A,122,0,3LL1.cif.gz,False,1
2IZB,A,A,122,0,2IZB.cif.gz,False,1
3VTU,A,A,122,0,3VTU.cif.gz,False,1
1MZK,A,A,122,0,1MZK.cif.gz,False,30
3NJM,A,A,122,0,3NJM.cif.gz,False,1
2KUT,A,A,122,0,2KUT.cif.gz,False,10
2JTD,A,A,122,0,2JTD.cif.gz,False,20
1NR3,A,A,122,0,1NR3.cif.gz,False,20
5Y7L,A,A,122,0,5Y7L.cif.gz,False,20
2MN2,A,A,122,0,2MN2.cif.gz,False,20
1DRO,A,A,122,0,1DRO.cif.gz,False,15
2LFI,A,A,122,0,2LFI.cif.gz,False,20
2ROH,A,A,122,0,2ROH.cif.gz,False,20
2COZ,A,A,122,0,2COZ.cif.gz,False,20
2JPH,A,A,122,0,2JPH.cif.gz,False,20
1WHI,A,A,122,0,1WHI.cif.gz,False,1
2GKG,A,A,122,0,2GKG.cif.gz,False,1
1PZC,A,A,122,0,1PZC.cif.gz,False,1
2CQM,A,A,122,0,2CQM.cif.gz,False,20
1R29,A,A,122,0,1R29.cif.gz,False,1
1YUA,A,A,122,0,1YUA.cif.gz,False,26
1R4T,A,A,122,0,1R4T.cif.gz,False,23
2MWI,A,A,122,0,2MWI.cif.gz,False,65
5KS6,A,A,122,0,5KS6.cif.gz,False,20
1QTO,A,A,122,0,1QTO.cif.gz,False,1
2MZN,A,A,122,0,2MZN.cif.gz,False,20
2YS4,A,A,122,0,2YS4.cif.gz,False,20
2CRY,A,A,122,0,2CRY.cif.gz,False,20
1D4B,A,A,122,0,1D4B.cif.gz,False,15
1G7E,A,A,122,0,1G7E.cif.gz,False,20
1ZLB,A,A,122,0,1ZLB.cif.gz,False,1
2ABY,A,A,122,0,2ABY.cif.gz,False,20
2LHT,A,A,122,0,2LHT.cif.gz,False,20
1IVT,A,A,122,0,1IVT.cif.gz,False,15
4XY6,A,A,122,0,4XY6.cif.gz,False,1
1LWB,A,A,122,0,1LWB.cif.gz,False,1
6PRH,A,A,122,0,6PRH.cif.gz,False,1
2M5Y,A,A,122,0,2M5Y.cif.gz,False,20
2C6U,A,A,122,0,2C6U.cif.gz,False,1
1VA9,A,A,122,0,1VA9.cif.gz,False,20
1FM5,A,A,122,0,1FM5.cif.gz,False,1
1BYL,A,A,122,0,1BYL.cif.gz,False,1
2EQY,A,A,122,0,2EQY.cif.gz,False,20
1SSF,A,A,123,0,1SSF.cif.gz,False,10
2CIU,A,A,123,0,2CIU.cif.gz,False,1
1WFT,A,A,123,0,1WFT.cif.gz,False,20
1M5T,A,A,123,0,1M5T.cif.gz,False,1
2GA5,A,A,123,0,2GA5.cif.gz,False,20
1WGO,A,A,123,0,1WGO.cif.gz,False,20
2QGO,A,A,123,0,2QGO.cif.gz,False,1
2LBO,A,A,123,0,2LBO.cif.gz,False,10
2RLP,A,A,123,0,2RLP.cif.gz,False,30
1DZ3,A,A,123,0,1DZ3.cif.gz,False,1
2DHA,A,A,123,0,2DHA.cif.gz,False,20
2RLQ,A,A,123,0,2RLQ.cif.gz,False,29
4IPC,A,A,123,0,4IPC.cif.gz,False,1
1V60,A,A,123,0,1V60.cif.gz,False,20
1J1H,A,A,123,0,1J1H.cif.gz,False,11
2LPM,A,A,123,0,2LPM.cif.gz,False,20
2M0Q,A,A,123,0,2M0Q.cif.gz,True,10
2AAN,A,A,123,0,2AAN.cif.gz,False,1
1HQ8,A,A,123,0,1HQ8.cif.gz,False,1
2VQ9,A,A,123,0,2VQ9.cif.gz,False,1
2L8K,A,A,123,0,2L8K.cif.gz,False,20
1HUF,A,A,123,0,1HUF.cif.gz,False,1
3RNV,A,A,123,0,3RNV.cif.gz,False,1
2K54,A,A,123,0,2K54.cif.gz,False,20
2K2O,A,A,123,0,2K2O.cif.gz,False,20
3Q8I,A,A,123,0,3Q8I.cif.gz,False,1
3EOD,A,A,123,0,3EOD.cif.gz,False,1
2QUO,A,A,123,0,2QUO.cif.gz,False,1
2K06,A,A,123,0,2K06.cif.gz,False,20
1C44,A,A,123,0,1C44.cif.gz,False,1
5EID,A,A,123,0,5EID.cif.gz,False,1
2YQG,A,A,123,0,2YQG.cif.gz,False,20
2HFI,A,A,123,0,2HFI.cif.gz,False,20
2N8Q,A,A,123,0,2N8Q.cif.gz,False,22
1UEQ,A,A,123,0,1UEQ.cif.gz,False,20
3UH8,A,A,123,0,3UH8.cif.gz,False,1
1WJM,A,A,123,0,1WJM.cif.gz,False,20
2L7E,A,A,123,0,2L7E.cif.gz,False,20
1WEL,A,A,124,0,1WEL.cif.gz,False,20
2KG2,A,A,124,0,2KG2.cif.gz,False,20
1WJ4,A,A,124,0,1WJ4.cif.gz,False,20
1BGF,A,A,124,0,1BGF.cif.gz,False,1
1X52,A,A,124,0,1X52.cif.gz,False,20
2ED9,A,A,124,0,2ED9.cif.gz,False,20
2M5S,A,A,124,0,2M5S.cif.gz,False,30
1EO1,A,A,124,0,1EO1.cif.gz,False,20
2D5U,A,A,124,0,2D5U.cif.gz,False,10
1WIS,A,A,124,0,1WIS.cif.gz,False,20
2L3O,A,A,124,0,2L3O.cif.gz,False,20
2M4M,A,A,124,0,2M4M.cif.gz,False,20
2DBJ,A,A,124,0,2DBJ.cif.gz,False,20
2KLN,A,A,124,0,2KLN.cif.gz,False,25
1WH1,A,A,124,0,1WH1.cif.gz,False,1
6K4F,A,U,124,0,6K4F.cif.gz,False,1
1WHR,A,A,124,0,1WHR.cif.gz,False,20
1WGV,A,A,124,0,1WGV.cif.gz,False,20
2L6P,A,A,124,0,2L6P.cif.gz,False,20
2MT4,A,A,124,0,2MT4.cif.gz,False,20
6MPO,A,A,124,0,6MPO.cif.gz,False,25
6BBK,A,A,124,0,6BBK.cif.gz,False,1
2JPD,A,A,124,0,2JPD.cif.gz,False,20
1S7I,A,A,124,0,1S7I.cif.gz,False,1
2EOB,A,A,124,0,2EOB.cif.gz,False,20
1OOI,A,X,124,0,1OOI.cif.gz,False,1
1T3V,A,A,124,0,1T3V.cif.gz,False,22
3M9Z,A,A,124,0,3M9Z.cif.gz,False,1
2E5I,A,A,124,0,2E5I.cif.gz,False,20
2DI7,A,A,124,0,2DI7.cif.gz,False,20
1DC7,A,A,124,0,1DC7.cif.gz,False,1
2DMB,A,A,124,0,2DMB.cif.gz,False,20
2CPR,A,A,124,0,2CPR.cif.gz,False,20
4OFF,A,A,124,0,4OFF.cif.gz,False,1
1X5K,A,A,124,0,1X5K.cif.gz,False,20
5UKE,A,A,124,0,5UKE.cif.gz,False,20
2FC3,A,A,124,0,2FC3.cif.gz,False,1
2KA0,A,A,124,0,2KA0.cif.gz,False,20
2COM,A,A,124,0,2COM.cif.gz,False,20
2DP9,A,A,124,0,2DP9.cif.gz,False,1
2KIE,A,A,124,0,2KIE.cif.gz,False,20
1WJO,A,A,124,0,1WJO.cif.gz,False,20
2EOC,A,A,124,0,2EOC.cif.gz,False,20
6NP9,A,A,124,0,6NP9.cif.gz,False,1
2EYV,A,A,124,0,2EYV.cif.gz,False,1
2DAZ,A,A,124,0,2DAZ.cif.gz,False,20
6P1F,A,A,125,0,6P1F.cif.gz,False,1
5HMB,A,A,125,0,5HMB.cif.gz,False,1
2DM0,A,A,125,0,2DM0.cif.gz,False,20
2MP3,A,A,125,0,2MP3.cif.gz,False,5
4A53,A,A,125,0,4A53.cif.gz,False,20
2NBG,A,A,125,0,2NBG.cif.gz,False,20
2K4Z,A,A,125,0,2K4Z.cif.gz,False,20
2K4V,A,A,125,0,2K4V.cif.gz,False,20
1SZV,A,A,125,0,1SZV.cif.gz,False,1
1PSY,A,A,125,0,1PSY.cif.gz,False,20
1TVQ,A,A,125,0,1TVQ.cif.gz,False,1
2LUT,A,A,125,0,2LUT.cif.gz,False,10
6TH8,A,A,125,0,6TH8.cif.gz,False,21
1FR0,A,A,125,0,1FR0.cif.gz,False,30
2MDK,A,A,125,0,2MDK.cif.gz,False,10
2KA5,A,A,125,0,2KA5.cif.gz,False,20
3OKQ,A,A,125,0,3OKQ.cif.gz,False,1
2OG3,A,A,125,0,2OG3.cif.gz,False,1
6GUW,A,A,125,0,6GUW.cif.gz,False,1
2PPI,A,A,125,0,2PPI.cif.gz,False,1
6I57,A,A,125,0,6I57.cif.gz,False,20
2X35,A,A,125,0,2X35.cif.gz,False,1
1WYJ,A,A,125,0,1WYJ.cif.gz,False,20
2EEC,A,A,125,0,2EEC.cif.gz,False,20
2COA,A,A,125,0,2COA.cif.gz,False,20
3NHX,A,A,125,0,3NHX.cif.gz,False,1
1UEN,A,A,125,0,1UEN.cif.gz,False,20
6GWM,A,A,125,0,6GWM.cif.gz,False,20
2DHJ,A,A,125,0,2DHJ.cif.gz,False,20
2MSW,A,A,125,0,2MSW.cif.gz,False,20
1YWU,A,A,125,0,1YWU.cif.gz,False,20
3QUW,A,A,125,0,3QUW.cif.gz,False,1
3KZJ,A,A,125,0,3KZJ.cif.gz,False,1
2KFP,A,A,125,0,2KFP.cif.gz,False,20
6NEY,A,A,125,0,6NEY.cif.gz,False,1
2FWG,A,A,125,0,2FWG.cif.gz,False,1
5WOE,A,A,125,0,5WOE.cif.gz,False,20
2F6E,A,A,125,0,2F6E.cif.gz,False,1
1TJN,A,A,125,0,1TJN.cif.gz,False,1
2L2C,A,A,125,0,2L2C.cif.gz,False,15
6F53,A,A,125,0,6F53.cif.gz,False,1
5FD9,A,A,125,0,5FD9.cif.gz,True,1
2AI6,A,A,125,0,2AI6.cif.gz,False,21
1UB1,A,A,125,0,1UB1.cif.gz,False,10
3B7X,A,A,125,0,3B7X.cif.gz,False,1
4W8G,A,A,125,0,4W8G.cif.gz,False,1
1BW3,A,A,125,0,1BW3.cif.gz,False,20
6JK5,A,A,125,0,6JK5.cif.gz,False,1
3H5I,A,A,125,0,3H5I.cif.gz,False,1
5T8L,A,A,125,0,5T8L.cif.gz,False,1
3ADY,A,A,125,0,3ADY.cif.gz,False,1
2MQA,A,A,125,0,2MQA.cif.gz,False,10
5KNW,A,A,125,0,5KNW.cif.gz,False,20
1ACF,A,A,125,0,1ACF.cif.gz,False,1
2LM0,A,A,125,0,2LM0.cif.gz,False,10
2KI3,A,A,126,0,2KI3.cif.gz,False,20
2NCA,A,A,126,0,2NCA.cif.gz,False,20
2JP2,A,A,126,0,2JP2.cif.gz,False,20
1RSF,A,A,126,0,1RSF.cif.gz,False,30
1K40,A,A,126,0,1K40.cif.gz,False,1
2XWS,A,A,126,0,2XWS.cif.gz,False,1
2IF1,A,A,126,0,2IF1.cif.gz,False,29
2DAV,A,A,126,0,2DAV.cif.gz,False,20
3URG,A,A,126,0,3URG.cif.gz,False,1
1WI1,A,A,126,0,1WI1.cif.gz,False,20
6GV5,A,A,126,0,6GV5.cif.gz,False,1
1D2B,A,A,126,0,1D2B.cif.gz,False,29
2YUY,A,A,126,0,2YUY.cif.gz,False,20
4B2R,A,A,126,0,4B2R.cif.gz,False,20
2HPU,A,A,126,0,2HPU.cif.gz,False,20
3T8R,A,A,126,0,3T8R.cif.gz,False,1
2QR3,A,A,126,0,2QR3.cif.gz,False,1
2VIK,A,A,126,0,2VIK.cif.gz,False,1
2P0P,A,A,126,0,2P0P.cif.gz,False,20
2CR4,A,A,126,0,2CR4.cif.gz,False,20
3VLG,A,A,126,0,3VLG.cif.gz,False,1
2L57,A,A,126,0,2L57.cif.gz,False,20
1TP6,A,A,126,0,1TP6.cif.gz,False,1
4AEM,A,A,126,0,4AEM.cif.gz,False,1
2LLN,A,A,126,0,2LLN.cif.gz,False,20
1WIF,A,A,126,0,1WIF.cif.gz,False,20
1X5I,A,A,126,0,1X5I.cif.gz,False,20
2L3G,A,A,126,0,2L3G.cif.gz,False,20
1ZO0,A,A,126,0,1ZO0.cif.gz,False,12
2LBC,A,A,126,0,2LBC.cif.gz,False,15
2LRG,A,A,126,0,2LRG.cif.gz,False,20
5E7B,A,A,126,0,5E7B.cif.gz,False,1
6MV6,A,A,126,0,6MV6.cif.gz,False,1
2A4H,A,A,126,0,2A4H.cif.gz,False,20
3JTE,A,A,126,0,3JTE.cif.gz,False,1
1X5E,A,A,126,0,1X5E.cif.gz,False,20
1W2Q,A,A,127,0,1W2Q.cif.gz,False,14
2QYZ,A,A,127,0,2QYZ.cif.gz,False,1
2OJ4,A,A,127,0,2OJ4.cif.gz,False,1
1WJS,A,A,127,0,1WJS.cif.gz,False,20
1WG6,A,A,127,0,1WG6.cif.gz,False,20
1WJR,A,A,127,0,1WJR.cif.gz,False,20
1DDF,A,A,127,0,1DDF.cif.gz,False,1
2MH9,A,A,127,0,2MH9.cif.gz,False,10
2EE7,A,A,127,0,2EE7.cif.gz,False,20
1WH4,A,A,127,0,1WH4.cif.gz,False,20
1WYQ,A,A,127,0,1WYQ.cif.gz,False,20
3VA9,A,A,127,0,3VA9.cif.gz,False,1
4YTK,A,A,127,0,4YTK.cif.gz,False,1
4B2S,A,A,127,0,4B2S.cif.gz,False,20
2D9W,A,A,127,0,2D9W.cif.gz,False,20
2L97,A,A,127,0,2L97.cif.gz,False,20
4UEI,A,A,127,0,4UEI.cif.gz,False,20
1NKO,A,A,127,0,1NKO.cif.gz,False,1
6RRV,A,A,127,0,6RRV.cif.gz,False,1
2CSO,A,A,127,0,2CSO.cif.gz,False,20
2H09,A,A,127,0,2H09.cif.gz,False,1
2HH8,A,A,127,0,2HH8.cif.gz,False,20
1JB3,A,A,127,0,1JB3.cif.gz,False,1
1QKL,A,A,127,0,1QKL.cif.gz,False,22
1PQN,A,A,127,0,1PQN.cif.gz,False,20
5M1U,A,A,127,0,5M1U.cif.gz,False,20
2JU3,A,A,127,0,2JU3.cif.gz,False,10
1WIJ,A,A,127,0,1WIJ.cif.gz,False,20
1XD7,A,A,127,0,1XD7.cif.gz,False,1
2TMP,A,A,127,0,2TMP.cif.gz,False,49
1EAL,A,A,127,0,1EAL.cif.gz,False,5
1X5M,A,A,127,0,1X5M.cif.gz,False,20
2DMK,A,A,127,0,2DMK.cif.gz,False,20
1UEY,A,A,127,0,1UEY.cif.gz,False,20
4UYI,A,A,127,0,4UYI.cif.gz,False,1
2LOE,A,A,127,0,2LOE.cif.gz,False,20
2MPL,A,A,127,0,2MPL.cif.gz,False,20
6FD7,A,A,127,0,6FD7.cif.gz,False,20
2IHD,A,A,127,0,2IHD.cif.gz,False,1
3O5P,A,A,128,0,3O5P.cif.gz,False,1
5AIW,A,A,128,0,5AIW.cif.gz,False,20
1UF1,A,A,128,0,1UF1.cif.gz,False,20
4AR0,A,A,128,0,4AR0.cif.gz,False,20
2LR4,A,A,128,0,2LR4.cif.gz,False,20
4DFI,A,A,128,0,4DFI.cif.gz,False,1
1CMZ,A,A,128,0,1CMZ.cif.gz,False,20
2K0R,A,A,128,0,2K0R.cif.gz,False,20
6ALI,A,A,128,0,6ALI.cif.gz,False,20
2FM4,A,A,128,0,2FM4.cif.gz,False,11
2MAH,A,A,128,0,2MAH.cif.gz,False,20
1RY4,A,A,128,0,1RY4.cif.gz,False,20
1KMZ,A,A,128,0,1KMZ.cif.gz,False,1
2AYA,A,A,128,0,2AYA.cif.gz,False,20
2I4K,A,A,128,0,2I4K.cif.gz,False,10
4NS0,A,A,128,0,4NS0.cif.gz,False,1
3A7L,A,A,128,0,3A7L.cif.gz,False,1
2LS0,A,1,128,0,2LS0.cif.gz,False,10
3CHY,A,A,128,0,3CHY.cif.gz,False,1
1U2B,A,A,128,0,1U2B.cif.gz,False,1
1UG7,A,A,128,0,1UG7.cif.gz,False,20
2YTU,A,A,128,0,2YTU.cif.gz,False,20
2D87,A,A,128,0,2D87.cif.gz,False,20
5ZRP,A,A,128,0,5ZRP.cif.gz,False,1
2DIB,A,A,128,0,2DIB.cif.gz,False,20
5H7U,A,A,128,0,5H7U.cif.gz,False,20
2KC2,A,A,128,0,2KC2.cif.gz,False,10
2ETT,A,A,128,0,2ETT.cif.gz,False,20
2K45,A,A,128,0,2K45.cif.gz,False,20
2KSN,A,A,128,0,2KSN.cif.gz,False,10
2EBM,A,A,128,0,2EBM.cif.gz,False,20
2EBK,A,A,128,0,2EBK.cif.gz,False,20
1IJT,A,A,128,0,1IJT.cif.gz,False,1
3VYJ,A,A,128,0,3VYJ.cif.gz,False,1
1C20,A,A,128,0,1C20.cif.gz,False,21
1M47,A,A,128,0,1M47.cif.gz,False,1
4F55,A,A,128,0,4F55.cif.gz,False,1
2RLO,A,A,128,0,2RLO.cif.gz,False,20
2LVL,A,A,128,0,2LVL.cif.gz,False,20
5N9Q,A,A,128,0,5N9Q.cif.gz,False,15
2KVR,A,A,128,0,2KVR.cif.gz,False,20
6CJD,A,A,128,0,6CJD.cif.gz,False,20
2DB5,A,A,128,0,2DB5.cif.gz,False,20
2RV8,A,A,128,0,2RV8.cif.gz,False,30
2LF8,A,A,128,0,2LF8.cif.gz,False,19
1GKN,A,A,128,0,1GKN.cif.gz,False,24
2DAY,A,A,128,0,2DAY.cif.gz,False,20
5YYX,A,A,128,0,5YYX.cif.gz,False,1
2KJD,A,A,128,0,2KJD.cif.gz,False,20
2VQ8,A,A,128,0,2VQ8.cif.gz,False,1
1WHN,A,A,128,0,1WHN.cif.gz,False,20
2JZD,A,A,129,0,2JZD.cif.gz,False,20
6JXP,A,A,129,0,6JXP.cif.gz,False,1
2D8M,A,A,129,0,2D8M.cif.gz,False,20
4QXK,A,A,129,0,4QXK.cif.gz,False,1
1IEE,A,A,129,0,1IEE.cif.gz,False,1
2A2P,A,A,129,0,2A2P.cif.gz,False,20
3ZG4,A,A,129,0,3ZG4.cif.gz,False,20
1PDO,A,A,129,0,1PDO.cif.gz,False,1
2E7G,A,A,129,0,2E7G.cif.gz,False,20
3GWM,A,A,129,0,3GWM.cif.gz,False,1
2N9U,A,A,129,0,2N9U.cif.gz,False,20
1O5L,A,A,129,0,1O5L.cif.gz,False,1
1MSC,A,A,129,0,1MSC.cif.gz,False,1
2KGW,A,A,129,0,2KGW.cif.gz,False,10
1BFF,A,A,129,0,1BFF.cif.gz,False,1
1MUT,A,A,129,0,1MUT.cif.gz,False,15
2D48,A,A,129,0,2D48.cif.gz,False,1
2KIA,A,A,129,0,2KIA.cif.gz,False,20
1X1G,A,A,129,0,1X1G.cif.gz,False,20
2LG7,A,A,129,0,2LG7.cif.gz,False,20
1P6Q,A,A,129,0,1P6Q.cif.gz,False,16
1Z1Z,A,A,129,0,1Z1Z.cif.gz,False,1
1A9V,A,A,129,0,1A9V.cif.gz,False,10
1EZT,A,A,129,0,1EZT.cif.gz,False,1
2R18,A,A,129,0,2R18.cif.gz,False,1
6BL5,A,A,129,0,6BL5.cif.gz,False,1
2W0G,A,A,129,0,2W0G.cif.gz,False,1
2ES0,A,A,129,0,2ES0.cif.gz,False,1
1WLX,A,A,129,0,1WLX.cif.gz,False,20
1X05,A,A,129,0,1X05.cif.gz,False,20
4MQ3,A,A,129,0,4MQ3.cif.gz,False,1
1HPW,A,A,129,0,1HPW.cif.gz,False,10
3O48,A,A,129,0,3O48.cif.gz,False,1
2DMZ,A,A,129,0,2DMZ.cif.gz,False,20
2KWP,A,A,129,0,2KWP.cif.gz,False,20
2K3O,A,A,129,0,2K3O.cif.gz,False,10
2YRN,A,A,129,0,2YRN.cif.gz,False,20
2KQV,A,A,129,0,2KQV.cif.gz,False,20
2MXA,A,A,129,0,2MXA.cif.gz,False,10
1VMH,A,A,129,0,1VMH.cif.gz,False,1
2K1G,A,A,129,0,2K1G.cif.gz,False,20
2JPU,A,A,129,0,2JPU.cif.gz,False,20
1NWV,A,A,129,0,1NWV.cif.gz,False,42
1UAT,A,A,129,0,1UAT.cif.gz,False,1
2CZO,A,A,130,0,2CZO.cif.gz,False,20
2MPE,A,A,130,0,2MPE.cif.gz,False,15
2K4K,A,A,130,0,2K4K.cif.gz,False,20
2K0S,A,A,130,0,2K0S.cif.gz,False,5
2GQB,A,A,130,0,2GQB.cif.gz,False,20
2RV9,A,A,130,0,2RV9.cif.gz,False,10
1GXE,A,A,130,0,1GXE.cif.gz,False,10
2JZA,A,A,130,0,2JZA.cif.gz,False,20
5EPB,A,A,130,0,5EPB.cif.gz,False,1
2LQ3,A,A,130,0,2LQ3.cif.gz,False,20
1N3K,A,A,130,0,1N3K.cif.gz,False,20
5X1X,A,A,130,0,5X1X.cif.gz,False,20
1JHC,A,A,130,0,1JHC.cif.gz,False,1
2K9M,A,A,130,0,2K9M.cif.gz,False,20
2KAA,A,A,130,0,2KAA.cif.gz,False,20
5XVL,A,A,130,0,5XVL.cif.gz,False,1
2MK4,A,A,130,0,2MK4.cif.gz,False,20
1GD5,A,A,130,0,1GD5.cif.gz,False,20
1XKE,A,A,130,0,1XKE.cif.gz,False,20
2N93,A,A,130,0,2N93.cif.gz,False,10
5NQO,A,A,130,0,5NQO.cif.gz,False,1
4UMG,A,A,130,0,4UMG.cif.gz,False,1
4CXI,A,A,130,0,4CXI.cif.gz,False,1
3QWM,A,A,130,0,3QWM.cif.gz,False,1
2DKS,A,A,130,0,2DKS.cif.gz,False,20
3HJ7,A,A,130,0,3HJ7.cif.gz,False,1
1V88,A,A,130,0,1V88.cif.gz,False,20
2LGO,A,A,130,0,2LGO.cif.gz,False,20
2CSP,A,A,130,0,2CSP.cif.gz,False,20
2EXN,A,A,130,0,2EXN.cif.gz,False,10
2CQ9,A,A,130,0,2CQ9.cif.gz,False,20
1WFO,A,A,130,0,1WFO.cif.gz,False,20
3BJ5,A,A,130,0,3BJ5.cif.gz,False,1
5DBL,A,A,130,0,5DBL.cif.gz,False,1
1A63,A,A,130,0,1A63.cif.gz,False,10
2ZIB,A,A,130,0,2ZIB.cif.gz,False,1
2D4P,A,A,130,0,2D4P.cif.gz,False,1
2L3B,A,A,130,0,2L3B.cif.gz,False,20
6FLJ,A,A,130,0,6FLJ.cif.gz,False,1
2DIY,A,A,130,0,2DIY.cif.gz,False,20
6IQF,A,A,130,0,6IQF.cif.gz,False,1
2DML,A,A,130,0,2DML.cif.gz,False,20
2DNX,A,A,130,0,2DNX.cif.gz,False,20
2EH0,A,A,130,0,2EH0.cif.gz,False,20
2LYC,A,A,130,0,2LYC.cif.gz,False,20
2LSL,A,A,130,0,2LSL.cif.gz,False,20
2EDG,A,A,130,0,2EDG.cif.gz,False,20
1AWE,A,A,130,0,1AWE.cif.gz,False,20
3RX9,A,A,130,0,3RX9.cif.gz,False,1
1V95,A,A,130,0,1V95.cif.gz,False,20
1I16,A,A,130,0,1I16.cif.gz,False,20
2LST,A,A,130,0,2LST.cif.gz,False,20
3NPH,A,B,131,0,3NPH.cif.gz,False,1
2E9G,A,A,131,0,2E9G.cif.gz,False,20
5HDW,A,A,131,0,5HDW.cif.gz,False,1
3HD4,A,A,131,0,3HD4.cif.gz,False,1
2DMW,A,A,131,0,2DMW.cif.gz,False,20
2N7G,A,A,131,0,2N7G.cif.gz,False,20
3QD7,A,X,131,0,3QD7.cif.gz,False,1
4OUN,A,A,131,0,4OUN.cif.gz,False,1
5II8,A,A,131,0,5II8.cif.gz,False,1
2M2B,A,A,131,0,2M2B.cif.gz,False,20
2NNZ,A,A,131,0,2NNZ.cif.gz,False,20
2A0A,A,A,131,0,2A0A.cif.gz,False,10
2MK5,A,A,131,0,2MK5.cif.gz,False,20
2DI9,A,A,131,0,2DI9.cif.gz,False,20
2ABO,A,A,131,0,2ABO.cif.gz,False,1
2LJ6,A,A,131,0,2LJ6.cif.gz,False,15
2AWF,A,A,131,0,2AWF.cif.gz,False,1
1SO9,A,A,131,0,1SO9.cif.gz,False,30
1T3Y,A,A,131,0,1T3Y.cif.gz,False,1
2MNG,A,A,131,0,2MNG.cif.gz,False,10
1XN8,A,A,131,0,1XN8.cif.gz,False,20
2CD7,A,A,131,0,2CD7.cif.gz,False,1
2KV3,A,A,131,0,2KV3.cif.gz,False,20
5Y6G,A,A,131,0,5Y6G.cif.gz,False,1
2KZ8,A,A,131,0,2KZ8.cif.gz,False,20
2M2K,A,A,131,0,2M2K.cif.gz,False,20
2RUH,A,A,131,0,2RUH.cif.gz,False,20
5I4C,A,A,131,0,5I4C.cif.gz,False,1
2KZX,A,A,131,0,2KZX.cif.gz,False,20
2L7A,A,A,131,0,2L7A.cif.gz,False,20
1LIT,A,A,131,0,1LIT.cif.gz,False,1
2FE0,A,A,131,0,2FE0.cif.gz,False,24
1WFI,A,A,131,0,1WFI.cif.gz,False,20
1UAP,A,A,131,0,1UAP.cif.gz,False,20
5WF9,A,A,131,0,5WF9.cif.gz,False,1
1WFG,A,A,131,0,1WFG.cif.gz,False,20
2L17,A,A,131,0,2L17.cif.gz,False,20
2NC9,A,A,131,0,2NC9.cif.gz,False,20
2N3T,A,A,131,0,2N3T.cif.gz,False,10
2KNO,A,A,131,0,2KNO.cif.gz,False,20
1J23,A,A,131,0,1J23.cif.gz,False,1
1IFC,A,A,131,0,1IFC.cif.gz,False,1
2JX0,A,A,131,0,2JX0.cif.gz,False,20
2MGX,A,A,131,0,2MGX.cif.gz,False,15
2OUT,A,A,131,0,2OUT.cif.gz,False,20
2HI6,A,A,132,0,2HI6.cif.gz,False,20
2LC0,A,A,132,0,2LC0.cif.gz,False,30
1V61,A,A,132,0,1V61.cif.gz,False,20
4GZC,A,A,132,0,4GZC.cif.gz,False,1
6CUI,A,A,132,0,6CUI.cif.gz,False,20
2KL3,A,A,132,0,2KL3.cif.gz,False,20
1HH1,A,A,132,0,1HH1.cif.gz,False,1
3CO1,A,A,132,0,3CO1.cif.gz,False,1
2WGN,A,B,132,0,2WGN.cif.gz,False,25
4UWW,A,A,132,0,4UWW.cif.gz,False,1
1NXI,A,A,132,0,1NXI.cif.gz,False,20
2KGS,A,A,132,0,2KGS.cif.gz,False,10
2RST,A,A,132,0,2RST.cif.gz,False,20
5D9R,A,A,132,0,5D9R.cif.gz,False,1
2JPE,A,A,132,0,2JPE.cif.gz,False,20
2GM2,A,A,132,0,2GM2.cif.gz,False,20
1WF6,A,A,132,0,1WF6.cif.gz,False,20
1R5S,A,A,132,0,1R5S.cif.gz,False,10
6HYN,A,A,132,0,6HYN.cif.gz,False,1
3S5V,A,A,132,0,3S5V.cif.gz,False,1
2L9M,A,A,132,0,2L9M.cif.gz,False,20
1IVZ,A,A,132,0,1IVZ.cif.gz,False,20
2L6N,A,A,132,0,2L6N.cif.gz,False,20
1X5H,A,A,132,0,1X5H.cif.gz,False,20
3R87,A,A,132,0,3R87.cif.gz,False,1
2KY9,A,A,132,0,2KY9.cif.gz,False,20
1ZBF,A,A,132,0,1ZBF.cif.gz,False,1
3B9U,A,A,132,0,3B9U.cif.gz,False,1
2E8F,A,A,132,0,2E8F.cif.gz,False,1
6GMS,A,A,132,0,6GMS.cif.gz,False,20
3TS9,A,A,132,0,3TS9.cif.gz,False,1
5NB9,A,A,133,0,5NB9.cif.gz,False,17
2MZ8,A,A,133,0,2MZ8.cif.gz,False,20
5H3M,A,A,133,0,5H3M.cif.gz,False,20
2DJK,A,A,133,0,2DJK.cif.gz,False,10
1X5D,A,A,133,0,1X5D.cif.gz,False,20
1WPI,A,A,133,0,1WPI.cif.gz,False,20
2DJ3,A,A,133,0,2DJ3.cif.gz,False,20
1TQZ,A,A,133,0,1TQZ.cif.gz,False,10
2LD6,A,A,133,0,2LD6.cif.gz,False,26
2A55,A,A,133,0,2A55.cif.gz,False,40
1AHQ,A,A,133,0,1AHQ.cif.gz,False,1
2AVK,A,A,133,0,2AVK.cif.gz,False,1
3T1S,A,A,133,0,3T1S.cif.gz,False,1
2MX8,A,A,133,0,2MX8.cif.gz,False,20
2DUN,A,A,133,0,2DUN.cif.gz,False,20
1K8H,A,A,133,0,1K8H.cif.gz,False,10
3RJ2,A,X,133,0,3RJ2.cif.gz,False,1
2EIF,A,A,133,0,2EIF.cif.gz,False,1
1WGS,A,A,133,0,1WGS.cif.gz,False,20
1WVH,A,A,133,0,1WVH.cif.gz,False,1
2AYZ,A,A,133,0,2AYZ.cif.gz,False,25
2N51,A,A,133,0,2N51.cif.gz,False,20
2POA,A,A,133,0,2POA.cif.gz,False,17
1KLX,A,A,133,0,1KLX.cif.gz,False,1
2P84,A,A,133,0,2P84.cif.gz,False,1
1IYG,A,A,133,0,1IYG.cif.gz,False,20
2XGV,A,A,133,0,2XGV.cif.gz,False,1
4CV4,A,A,133,0,4CV4.cif.gz,False,1
2CH0,A,A,133,0,2CH0.cif.gz,False,20
6NYC,A,A,133,0,6NYC.cif.gz,False,1
1GP0,A,A,133,0,1GP0.cif.gz,False,1
5E10,A,A,133,0,5E10.cif.gz,False,1
2KCO,A,A,133,0,2KCO.cif.gz,False,20
5JW8,A,A,133,0,5JW8.cif.gz,False,1
6AJZ,A,A,133,0,6AJZ.cif.gz,False,1
2GZP,A,A,134,0,2GZP.cif.gz,False,20
2LLY,A,A,134,0,2LLY.cif.gz,True,20
2GFU,A,A,134,0,2GFU.cif.gz,False,20
1WH0,A,A,134,0,1WH0.cif.gz,False,20
5YED,A,A,134,0,5YED.cif.gz,False,1
1G03,A,A,134,0,1G03.cif.gz,False,20
1Q48,A,A,134,0,1Q48.cif.gz,False,20
6E3C,A,C,134,0,6E3C.cif.gz,False,20
2D93,A,A,134,0,2D93.cif.gz,False,20
2EJX,A,A,134,0,2EJX.cif.gz,False,1
1DQG,A,A,134,0,1DQG.cif.gz,False,1
1VEE,A,A,134,0,1VEE.cif.gz,False,20
2L5C,A,A,134,0,2L5C.cif.gz,False,20
2RMJ,A,A,134,0,2RMJ.cif.gz,False,20
3IOS,A,A,134,0,3IOS.cif.gz,False,1
2K4E,A,A,134,0,2K4E.cif.gz,False,20
2NXU,A,A,134,0,2NXU.cif.gz,False,10
2MAR,A,A,134,0,2MAR.cif.gz,False,20
2XV9,A,A,134,0,2XV9.cif.gz,False,20
2OQP,A,A,134,0,2OQP.cif.gz,False,20
2BKD,A,N,134,0,2BKD.cif.gz,False,20
6MZA,A,A,134,0,6MZA.cif.gz,False,20
4MI7,A,A,134,0,4MI7.cif.gz,False,1
1IS5,A,A,134,0,1IS5.cif.gz,False,1
2FZP,A,A,134,0,2FZP.cif.gz,False,1
1ZHV,A,A,134,0,1ZHV.cif.gz,False,1
2EDX,A,A,134,0,2EDX.cif.gz,False,20
2J49,A,A,134,0,2J49.cif.gz,False,1
1JFJ,A,A,134,0,1JFJ.cif.gz,False,20
2KZH,A,A,134,0,2KZH.cif.gz,False,20
1TBD,A,A,134,0,1TBD.cif.gz,False,1
1LU4,A,A,134,0,1LU4.cif.gz,False,1
2K8Q,A,A,134,0,2K8Q.cif.gz,False,20
1C89,A,A,134,0,1C89.cif.gz,False,40
5H1D,A,A,135,0,5H1D.cif.gz,False,1
4WEE,A,A,135,0,4WEE.cif.gz,False,1
2W0I,A,A,135,0,2W0I.cif.gz,False,1
1WJG,A,A,135,0,1WJG.cif.gz,False,1
5SV2,A,A,135,0,5SV2.cif.gz,False,1
5UCC,A,A,135,0,5UCC.cif.gz,False,1
2DBC,A,A,135,0,2DBC.cif.gz,False,20
4Q6L,A,A,135,0,4Q6L.cif.gz,False,1
2M38,A,A,135,0,2M38.cif.gz,False,20
2KK1,A,A,135,0,2KK1.cif.gz,False,20
2MHF,A,A,135,0,2MHF.cif.gz,False,20
2ND9,A,A,135,0,2ND9.cif.gz,False,20
1AQT,A,A,135,0,1AQT.cif.gz,True,1
2KUE,A,A,135,0,2KUE.cif.gz,False,30
1CFE,A,A,135,0,1CFE.cif.gz,False,20
2RJN,A,A,135,0,2RJN.cif.gz,False,1
1I6Z,A,A,135,0,1I6Z.cif.gz,False,25
1XT5,A,A,135,0,1XT5.cif.gz,False,1
2KIV,A,A,135,0,2KIV.cif.gz,False,20
2D9F,A,A,135,0,2D9F.cif.gz,False,20
1SEN,A,A,135,0,1SEN.cif.gz,False,1
1M2E,A,A,135,0,1M2E.cif.gz,False,1
3FLG,A,A,135,0,3FLG.cif.gz,False,1
2LK4,A,A,135,0,2LK4.cif.gz,False,20
1Z9B,A,A,135,0,1Z9B.cif.gz,False,20
2HAJ,A,A,135,0,2HAJ.cif.gz,False,20
2V9V,A,A,135,0,2V9V.cif.gz,False,1
2BL5,A,A,135,0,2BL5.cif.gz,False,17
4CHD,A,A,135,0,4CHD.cif.gz,False,1
2FVT,A,A,135,0,2FVT.cif.gz,False,20
6EZ4,A,A,135,0,6EZ4.cif.gz,False,20
2L4V,A,A,135,0,2L4V.cif.gz,False,20
2JOZ,A,A,135,0,2JOZ.cif.gz,False,20
4GK6,A,A,136,0,4GK6.cif.gz,False,1
5E0Z,A,A,136,0,5E0Z.cif.gz,False,1
1WGU,A,A,136,0,1WGU.cif.gz,False,20
1WFJ,A,A,136,0,1WFJ.cif.gz,False,20
4Q2S,A,A,136,0,4Q2S.cif.gz,False,1
4PQZ,A,A,136,0,4PQZ.cif.gz,False,1
5FJL,A,A,136,0,5FJL.cif.gz,False,1
1XGW,A,A,136,0,1XGW.cif.gz,False,1
2HM8,A,A,136,0,2HM8.cif.gz,False,49
2HST,A,A,136,0,2HST.cif.gz,False,25
1KT9,A,A,136,0,1KT9.cif.gz,False,1
6SGO,A,A,136,0,6SGO.cif.gz,False,20
2M74,A,A,136,0,2M74.cif.gz,False,20
1OJG,A,A,136,0,1OJG.cif.gz,False,10
1V5M,A,A,136,0,1V5M.cif.gz,False,20
2MU0,A,A,136,0,2MU0.cif.gz,False,20
2VO8,A,A,136,0,2VO8.cif.gz,False,1
1D9S,A,A,136,0,1D9S.cif.gz,False,10
1SVJ,A,A,136,0,1SVJ.cif.gz,False,1
2LIO,A,A,136,0,2LIO.cif.gz,False,20
1IUK,A,A,136,0,1IUK.cif.gz,False,1
2FBI,A,A,136,0,2FBI.cif.gz,False,1
3LX0,A,A,136,0,3LX0.cif.gz,False,1
1DUP,A,A,136,0,1DUP.cif.gz,False,1
5OBN,A,A,136,0,5OBN.cif.gz,False,20
1OP4,A,A,136,0,1OP4.cif.gz,False,1
2K9A,A,A,136,0,2K9A.cif.gz,False,50
6ELD,A,A,136,0,6ELD.cif.gz,False,1
4QDN,A,A,136,0,4QDN.cif.gz,False,1
1GKG,A,A,136,0,1GKG.cif.gz,False,24
2L5L,A,A,136,0,2L5L.cif.gz,False,20
1WLO,A,A,136,0,1WLO.cif.gz,False,20
6GKX,A,A,136,0,6GKX.cif.gz,False,1
5ZMR,A,A,136,0,5ZMR.cif.gz,False,20
1K2A,A,A,136,0,1K2A.cif.gz,False,1
3TYJ,A,A,136,0,3TYJ.cif.gz,False,1
1QGV,A,A,137,0,1QGV.cif.gz,False,1
1UKX,A,A,137,0,1UKX.cif.gz,False,20
5K6P,A,A,137,0,5K6P.cif.gz,False,20
5LOZ,A,A,137,0,5LOZ.cif.gz,False,1
1TWU,A,A,137,0,1TWU.cif.gz,False,1
2G7B,A,A,137,0,2G7B.cif.gz,False,1
2KM4,A,A,137,0,2KM4.cif.gz,False,20
2OYN,A,A,137,0,2OYN.cif.gz,False,1
2UZ5,A,A,137,0,2UZ5.cif.gz,False,10
1VKK,A,A,137,0,1VKK.cif.gz,False,1
6JQ4,A,A,137,0,6JQ4.cif.gz,False,1
3ONK,A,A,137,0,3ONK.cif.gz,False,1
1WGP,A,A,137,0,1WGP.cif.gz,False,20
3BPV,A,A,137,0,3BPV.cif.gz,False,1
1JVR,A,A,137,0,1JVR.cif.gz,False,20
1TM9,A,A,137,0,1TM9.cif.gz,False,26
1WK0,A,A,137,0,1WK0.cif.gz,False,20
2B0H,A,A,137,0,2B0H.cif.gz,False,20
2DUW,A,A,137,0,2DUW.cif.gz,False,20
2N3E,A,A,137,0,2N3E.cif.gz,False,20
1U5X,A,A,137,0,1U5X.cif.gz,False,1
2BVB,A,A,137,0,2BVB.cif.gz,False,1
1GAK,A,A,137,0,1GAK.cif.gz,False,1
2LPI,A,A,137,0,2LPI.cif.gz,False,20
4B9I,A,A,137,0,4B9I.cif.gz,False,1
4NHR,A,A,137,0,4NHR.cif.gz,True,1
2GO0,A,A,137,0,2GO0.cif.gz,False,20
3K8U,A,A,137,0,3K8U.cif.gz,False,1
1W7D,A,A,137,0,1W7D.cif.gz,False,1
2GGF,A,A,137,0,2GGF.cif.gz,False,20
6HX0,A,A,137,0,6HX0.cif.gz,False,1
3SO2,A,A,137,0,3SO2.cif.gz,False,1
1B1A,A,A,137,0,1B1A.cif.gz,False,1
2DJ0,A,A,137,0,2DJ0.cif.gz,False,20
3TWY,A,A,137,0,3TWY.cif.gz,False,1
2YS3,A,A,137,0,2YS3.cif.gz,False,20
2END,A,A,137,0,2END.cif.gz,False,1
3HFI,A,A,137,0,3HFI.cif.gz,False,1
3ZPE,A,A,138,0,3ZPE.cif.gz,False,1
2LWY,A,A,138,0,2LWY.cif.gz,False,20
6AR0,A,A,138,0,6AR0.cif.gz,False,1
1CL3,A,A,138,0,1CL3.cif.gz,False,25
1ANU,A,A,138,0,1ANU.cif.gz,False,1
1O1W,A,A,138,0,1O1W.cif.gz,False,7
1JR6,A,A,138,0,1JR6.cif.gz,False,25
1OVQ,A,A,138,0,1OVQ.cif.gz,False,25
2KLO,A,A,138,0,2KLO.cif.gz,False,20
3D22,A,A,138,0,3D22.cif.gz,False,1
4EVM,A,A,138,0,4EVM.cif.gz,False,1
1V06,A,A,138,0,1V06.cif.gz,False,20
2RQ6,A,A,138,0,2RQ6.cif.gz,False,20
5HSM,A,A,138,0,5HSM.cif.gz,False,1
2CXC,A,A,138,0,2CXC.cif.gz,False,1
2CRH,A,A,138,0,2CRH.cif.gz,False,20
6C1Z,A,A,138,0,6C1Z.cif.gz,False,1
1W16,A,A,138,0,1W16.cif.gz,False,1
2LQG,A,A,138,0,2LQG.cif.gz,False,20
1XN5,A,A,138,0,1XN5.cif.gz,False,20
2R6Q,A,A,138,0,2R6Q.cif.gz,False,1
3GT7,A,A,138,0,3GT7.cif.gz,False,1
5EQZ,A,A,138,0,5EQZ.cif.gz,False,1
4AQZ,A,A,138,0,4AQZ.cif.gz,False,20
1Q1U,A,A,138,0,1Q1U.cif.gz,False,1
1BSH,A,A,138,0,1BSH.cif.gz,False,30
2YZ0,A,A,138,0,2YZ0.cif.gz,False,20
2ENJ,A,A,138,0,2ENJ.cif.gz,False,20
1S3C,A,A,138,0,1S3C.cif.gz,False,1
2A1V,A,A,138,0,2A1V.cif.gz,False,1
5YNR,A,A,138,0,5YNR.cif.gz,False,10
6F2Q,A,A,138,0,6F2Q.cif.gz,False,1
1BV8,A,A,138,0,1BV8.cif.gz,False,1
1EY1,A,A,139,0,1EY1.cif.gz,False,15
1U89,A,A,139,0,1U89.cif.gz,False,20
2YVQ,A,A,139,0,2YVQ.cif.gz,False,1
5TE9,A,A,139,0,5TE9.cif.gz,False,1
6KJW,A,A,139,0,6KJW.cif.gz,False,1
2A4D,A,A,139,0,2A4D.cif.gz,False,1
3HMH,A,A,139,0,3HMH.cif.gz,False,1
2JOE,A,A,139,0,2JOE.cif.gz,False,20
1SGO,A,A,139,0,1SGO.cif.gz,False,20
1U6F,A,A,139,0,1U6F.cif.gz,False,20
2FSX,A,A,139,0,2FSX.cif.gz,False,1
2LY7,A,A,139,0,2LY7.cif.gz,False,20
1ZV4,A,X,139,0,1ZV4.cif.gz,False,1
2KEQ,A,A,139,0,2KEQ.cif.gz,False,20
4KEF,A,A,139,0,4KEF.cif.gz,False,1
2M5H,A,A,139,0,2M5H.cif.gz,False,20
2IN0,A,A,139,0,2IN0.cif.gz,False,1
2M9M,A,A,139,0,2M9M.cif.gz,False,10
1VMJ,A,A,139,0,1VMJ.cif.gz,False,1
2M83,A,A,139,0,2M83.cif.gz,False,20
4TTW,A,A,139,0,4TTW.cif.gz,False,1
2MPF,A,A,139,0,2MPF.cif.gz,False,20
2LFP,A,A,139,0,2LFP.cif.gz,False,20
3RZY,A,A,139,0,3RZY.cif.gz,False,1
2KKU,A,A,139,0,2KKU.cif.gz,False,20
2H8A,A,A,139,0,2H8A.cif.gz,True,1
1FIL,A,A,139,0,1FIL.cif.gz,False,1
2CR9,A,A,139,0,2CR9.cif.gz,False,20
1CZ9,A,A,139,0,1CZ9.cif.gz,False,1
1JWF,A,A,139,0,1JWF.cif.gz,False,1
2KSR,A,A,140,0,2KSR.cif.gz,True,20
1GGW,A,A,140,0,1GGW.cif.gz,False,26
2LNT,A,A,140,0,2LNT.cif.gz,False,10
2BW2,A,A,140,0,2BW2.cif.gz,False,25
5MEC,A,A,140,0,5MEC.cif.gz,False,1
3RPB,A,A,140,0,3RPB.cif.gz,False,20
1R36,A,A,140,0,1R36.cif.gz,False,25
3OBS,A,A,140,0,3OBS.cif.gz,False,1
1Y9J,A,A,140,0,1Y9J.cif.gz,False,20
1H8M,A,A,140,0,1H8M.cif.gz,False,1
1H3Q,A,A,140,0,1H3Q.cif.gz,False,1
1IFG,A,A,140,0,1IFG.cif.gz,False,1
5KP0,A,A,140,0,5KP0.cif.gz,False,20
1QKK,A,A,140,0,1QKK.cif.gz,False,1
2RRK,A,A,140,0,2RRK.cif.gz,False,20
2KKW,A,A,140,0,2KKW.cif.gz,False,34
1YXE,A,A,140,0,1YXE.cif.gz,False,20
2LKG,A,A,140,0,2LKG.cif.gz,False,15
2KKL,A,A,140,0,2KKL.cif.gz,False,20
4G08,A,A,140,0,4G08.cif.gz,False,1
2DJ1,A,A,140,0,2DJ1.cif.gz,False,20
1Q2Y,A,A,140,0,1Q2Y.cif.gz,False,1
2DLV,A,A,140,0,2DLV.cif.gz,False,20
2NYC,A,A,140,0,2NYC.cif.gz,False,1
2EQO,A,A,140,0,2EQO.cif.gz,False,20
1VDY,A,A,140,0,1VDY.cif.gz,False,20
1P4P,A,A,140,0,1P4P.cif.gz,False,1
4E9E,A,A,140,0,4E9E.cif.gz,False,1
2KGF,A,A,140,0,2KGF.cif.gz,False,50
2NAN,A,A,140,0,2NAN.cif.gz,False,10
2KU7,A,A,140,0,2KU7.cif.gz,False,20
2JNK,A,A,140,0,2JNK.cif.gz,False,20
5EEP,A,A,140,0,5EEP.cif.gz,False,1
1JW3,A,A,140,0,1JW3.cif.gz,False,10
2GXG,A,A,140,0,2GXG.cif.gz,False,1
5WT7,A,A,140,0,5WT7.cif.gz,False,23
2DMH,A,A,140,0,2DMH.cif.gz,False,20
6N1L,A,A,141,0,6N1L.cif.gz,False,1
1V27,A,A,141,0,1V27.cif.gz,False,20
1WKI,A,A,141,0,1WKI.cif.gz,False,30
1TZV,A,A,141,0,1TZV.cif.gz,False,1
2EO6,A,A,141,0,2EO6.cif.gz,False,20
1CKV,A,A,141,0,1CKV.cif.gz,False,14
4GQW,A,A,141,0,4GQW.cif.gz,False,1
2D59,A,A,141,0,2D59.cif.gz,False,1
2MTN,A,A,141,0,2MTN.cif.gz,False,20
2RCQ,A,A,141,0,2RCQ.cif.gz,False,1
4NI6,A,A,141,0,4NI6.cif.gz,False,1
2RRF,A,A,141,0,2RRF.cif.gz,False,20
2Q0V,A,A,141,0,2Q0V.cif.gz,False,1
2KOY,A,A,141,0,2KOY.cif.gz,False,20
4BOU,A,A,141,0,4BOU.cif.gz,False,1
2JQJ,A,A,141,0,2JQJ.cif.gz,False,20
2YU6,A,A,141,0,2YU6.cif.gz,False,20
4K9Z,A,A,141,0,4K9Z.cif.gz,False,1
2MJ7,A,A,141,0,2MJ7.cif.gz,False,20
5HY6,A,A,141,0,5HY6.cif.gz,False,1
2KKM,A,A,141,0,2KKM.cif.gz,False,20
1OZ9,A,A,141,0,1OZ9.cif.gz,False,1
2CP5,A,A,141,0,2CP5.cif.gz,False,20
2L25,A,A,141,0,2L25.cif.gz,False,20
4MGS,A,A,141,0,4MGS.cif.gz,False,1
4LSO,A,A,141,0,4LSO.cif.gz,False,1
1UGJ,A,A,141,0,1UGJ.cif.gz,False,20
2V1L,A,A,141,0,2V1L.cif.gz,False,1
6QH2,A,A,142,0,6QH2.cif.gz,False,20
1TFE,A,A,142,0,1TFE.cif.gz,False,1
1RH8,A,A,142,0,1RH8.cif.gz,False,20
1NFN,A,A,142,0,1NFN.cif.gz,False,1
2I85,A,A,142,0,2I85.cif.gz,False,10
2FVN,A,A,142,0,2FVN.cif.gz,False,1
1VLK,A,A,142,0,1VLK.cif.gz,False,1
1K04,A,A,142,0,1K04.cif.gz,False,1
1GM0,A,A,142,0,1GM0.cif.gz,False,20
2DMM,A,A,142,0,2DMM.cif.gz,False,20
5FIE,A,A,142,0,5FIE.cif.gz,False,1
2L5Q,A,A,142,0,2L5Q.cif.gz,False,20
2VKS,A,A,142,0,2VKS.cif.gz,False,1
4ZCT,A,A,142,0,4ZCT.cif.gz,False,1
2MXN,A,A,142,0,2MXN.cif.gz,False,20
1J3A,A,A,142,0,1J3A.cif.gz,False,1
2YUF,A,A,142,0,2YUF.cif.gz,False,20
3ZUA,A,A,142,0,3ZUA.cif.gz,False,10
4NKJ,A,A,142,0,4NKJ.cif.gz,False,1
3GUQ,A,A,142,0,3GUQ.cif.gz,False,1
5JAK,A,A,142,0,5JAK.cif.gz,False,1
2LCG,A,A,142,0,2LCG.cif.gz,False,20
2KMG,A,A,142,0,2KMG.cif.gz,False,20
5ZR0,A,A,142,0,5ZR0.cif.gz,False,20
3DFG,A,A,142,0,3DFG.cif.gz,False,1
2LS8,A,A,142,0,2LS8.cif.gz,False,20
2KNQ,A,A,142,0,2KNQ.cif.gz,False,20
2KXL,A,A,142,0,2KXL.cif.gz,False,15
1K6K,A,A,142,0,1K6K.cif.gz,False,1
5IS1,A,A,143,0,5IS1.cif.gz,False,1
1OR3,A,A,143,0,1OR3.cif.gz,False,1
5NPT,A,A,143,0,5NPT.cif.gz,False,1
4Y2F,A,A,143,0,4Y2F.cif.gz,False,1
2LUS,A,A,143,0,2LUS.cif.gz,False,20
2F1Y,A,A,143,0,2F1Y.cif.gz,False,1
1T8C,A,A,143,0,1T8C.cif.gz,False,20
1RXL,A,A,143,0,1RXL.cif.gz,False,15
2LZN,A,A,143,0,2LZN.cif.gz,False,20
2NDH,A,A,143,0,2NDH.cif.gz,False,20
1Y2Q,A,A,143,0,1Y2Q.cif.gz,False,1
4F3J,A,A,143,0,4F3J.cif.gz,False,1
1WFR,A,A,143,0,1WFR.cif.gz,False,20
2FY6,A,A,143,0,2FY6.cif.gz,False,1
1XPW,A,A,143,0,1XPW.cif.gz,False,20
1WIN,A,A,143,0,1WIN.cif.gz,False,20
1WKA,A,A,143,0,1WKA.cif.gz,False,1
2D86,A,A,143,0,2D86.cif.gz,False,20
1C3K,A,A,143,0,1C3K.cif.gz,False,1
3LSD,A,A,143,0,3LSD.cif.gz,False,1
2LLG,A,A,143,0,2LLG.cif.gz,False,20
6DRF,A,A,143,0,6DRF.cif.gz,False,10
2MOX,A,A,143,0,2MOX.cif.gz,False,20
1J57,A,A,143,0,1J57.cif.gz,False,1
2LGT,A,A,144,0,2LGT.cif.gz,False,20
5U7F,A,A,144,0,5U7F.cif.gz,False,1
1F7W,A,A,144,0,1F7W.cif.gz,False,1
3S4E,A,A,144,0,3S4E.cif.gz,False,1
1XAX,A,A,144,0,1XAX.cif.gz,False,20
1G9L,A,A,144,0,1G9L.cif.gz,False,30
2H3K,A,A,144,0,2H3K.cif.gz,False,20
4EVE,A,A,144,0,4EVE.cif.gz,False,1
1H05,A,A,144,0,1H05.cif.gz,False,1
2M7L,A,A,144,0,2M7L.cif.gz,False,12
5EFX,A,A,144,0,5EFX.cif.gz,False,1
5UFT,A,A,144,0,5UFT.cif.gz,False,1
1IUF,A,A,144,0,1IUF.cif.gz,False,1
2KVK,A,A,144,0,2KVK.cif.gz,False,10
2JU5,A,A,144,0,2JU5.cif.gz,False,20
2L8O,A,A,144,0,2L8O.cif.gz,False,20
6ANZ,A,A,144,0,6ANZ.cif.gz,False,1
1MKE,A,A,144,0,1MKE.cif.gz,False,21
2AXL,A,A,144,0,2AXL.cif.gz,False,10
4LJ1,A,A,144,0,4LJ1.cif.gz,False,1
1QQH,A,A,144,0,1QQH.cif.gz,False,1
2HXP,A,A,144,0,2HXP.cif.gz,False,1
1UJO,A,A,144,0,1UJO.cif.gz,False,20
1KNG,A,A,144,0,1KNG.cif.gz,False,1
3GG6,A,A,144,0,3GG6.cif.gz,False,1
1LSG,A,A,144,0,1LSG.cif.gz,False,1
4GEI,A,A,144,0,4GEI.cif.gz,False,1
1GS9,A,A,144,0,1GS9.cif.gz,False,1
1EYH,A,A,144,0,1EYH.cif.gz,False,1
1O8X,A,A,144,0,1O8X.cif.gz,False,1
1J7G,A,A,144,0,1J7G.cif.gz,False,1
1AX8,A,A,144,0,1AX8.cif.gz,False,1
2YSK,A,A,144,0,2YSK.cif.gz,False,1
4GA2,A,A,144,0,4GA2.cif.gz,False,1
5WOX,A,A,145,0,5WOX.cif.gz,False,10
1R9W,A,A,145,0,1R9W.cif.gz,False,1
4W98,A,A,145,0,4W98.cif.gz,False,1
1I2H,A,A,145,0,1I2H.cif.gz,False,1
1M3G,A,A,145,0,1M3G.cif.gz,False,1
6NE8,A,A,145,0,6NE8.cif.gz,False,20
1H9J,A,A,145,0,1H9J.cif.gz,False,1
6MJ9,A,A,145,0,6MJ9.cif.gz,False,1
1RSS,A,A,145,0,1RSS.cif.gz,False,1
1WJJ,A,A,145,0,1WJJ.cif.gz,False,20
2KZW,A,A,145,0,2KZW.cif.gz,False,20
2MPV,A,A,145,0,2MPV.cif.gz,False,1
2GBS,A,A,145,0,2GBS.cif.gz,False,20
5YI4,A,A,145,0,5YI4.cif.gz,False,20
3FFM,A,A,145,0,3FFM.cif.gz,False,1
2CSW,A,A,145,0,2CSW.cif.gz,False,20
1X53,A,A,145,0,1X53.cif.gz,False,20
1SRV,A,A,145,0,1SRV.cif.gz,False,1
5HU4,A,A,145,0,5HU4.cif.gz,False,1
1Q5Z,A,A,145,0,1Q5Z.cif.gz,False,1
2QEV,A,A,145,0,2QEV.cif.gz,False,1
2N7A,A,A,145,0,2N7A.cif.gz,False,20
2LA7,A,A,145,0,2LA7.cif.gz,False,20
2LT2,A,A,145,0,2LT2.cif.gz,False,20
2NA1,A,A,145,0,2NA1.cif.gz,False,10
5WLP,A,A,145,0,5WLP.cif.gz,False,20
3N90,A,A,145,0,3N90.cif.gz,False,1
2KMI,A,A,145,0,2KMI.cif.gz,False,20
1X67,A,A,146,0,1X67.cif.gz,False,20
4F8A,A,A,146,0,4F8A.cif.gz,False,1
2KI8,A,A,146,0,2KI8.cif.gz,False,20
2KKS,A,A,146,0,2KKS.cif.gz,False,20
1P8A,A,A,146,0,1P8A.cif.gz,False,21
4AL0,A,A,146,0,4AL0.cif.gz,True,1
3PCV,A,A,146,0,3PCV.cif.gz,True,1
1WYN,A,A,146,0,1WYN.cif.gz,False,20
2JVB,A,A,146,0,2JVB.cif.gz,False,10
4BMW,A,A,146,0,4BMW.cif.gz,False,1
5Z59,A,A,146,0,5Z59.cif.gz,False,1
5VFK,A,A,146,0,5VFK.cif.gz,False,20
1X3B,A,A,146,0,1X3B.cif.gz,False,20
2MVZ,A,A,146,0,2MVZ.cif.gz,False,20
4ZZF,A,A,146,0,4ZZF.cif.gz,False,1
4J5Q,A,A,146,0,4J5Q.cif.gz,False,1
2OKM,A,A,146,0,2OKM.cif.gz,False,1
1K3K,A,A,146,0,1K3K.cif.gz,False,1
2IIH,A,A,146,0,2IIH.cif.gz,False,1
2LEQ,A,A,146,0,2LEQ.cif.gz,False,10
5CFJ,A,A,146,0,5CFJ.cif.gz,False,1
2MUX,A,A,146,0,2MUX.cif.gz,False,15
1VLS,A,A,146,0,1VLS.cif.gz,False,1
2MQE,A,A,146,0,2MQE.cif.gz,False,30
1ALY,A,A,146,0,1ALY.cif.gz,False,1
1Z8S,A,A,146,0,1Z8S.cif.gz,False,10
6G5S,A,A,146,0,6G5S.cif.gz,False,20
1W4S,A,A,146,0,1W4S.cif.gz,False,1
2CSK,A,A,146,0,2CSK.cif.gz,False,20
2JYN,A,A,146,0,2JYN.cif.gz,False,20
5KVB,A,A,146,0,5KVB.cif.gz,False,1
5YI1,A,A,146,0,5YI1.cif.gz,False,1
2LV4,A,A,146,0,2LV4.cif.gz,False,10
2KFS,A,A,146,0,2KFS.cif.gz,False,30
1O6D,A,A,147,0,1O6D.cif.gz,False,1
3T90,A,A,147,0,3T90.cif.gz,False,1
1KHI,A,A,147,0,1KHI.cif.gz,False,1
4G78,A,A,147,0,4G78.cif.gz,False,1
6H49,A,A,147,0,6H49.cif.gz,False,1
2HNA,A,A,147,0,2HNA.cif.gz,False,21
5LJL,A,A,147,0,5LJL.cif.gz,False,1
2P5D,A,A,147,0,2P5D.cif.gz,False,1
2KCW,A,A,147,0,2KCW.cif.gz,False,21
2CJ5,A,A,147,0,2CJ5.cif.gz,False,1
2LN7,A,A,147,0,2LN7.cif.gz,False,20
2FK9,A,A,147,0,2FK9.cif.gz,False,1
1S7E,A,A,147,0,1S7E.cif.gz,False,20
1F32,A,A,147,0,1F32.cif.gz,False,1
2CRI,A,A,147,0,2CRI.cif.gz,False,20
2E34,A,A,147,0,2E34.cif.gz,False,20
6O6W,A,A,147,0,6O6W.cif.gz,False,20
2KQ2,A,A,147,0,2KQ2.cif.gz,False,20
2QPW,A,A,147,0,2QPW.cif.gz,False,1
3RKV,A,A,147,0,3RKV.cif.gz,False,1
2OQ3,A,A,147,0,2OQ3.cif.gz,False,21
2FL4,A,A,147,0,2FL4.cif.gz,False,1
2MVO,A,A,147,0,2MVO.cif.gz,False,20
2KZN,A,A,147,0,2KZN.cif.gz,False,20
2KYH,A,A,147,0,2KYH.cif.gz,True,20
5OQK,A,A,147,0,5OQK.cif.gz,True,10
2JY9,A,A,148,0,2JY9.cif.gz,False,20
1QJ8,A,A,148,0,1QJ8.cif.gz,True,1
2M2A,A,A,148,0,2M2A.cif.gz,False,10
2L21,A,A,148,0,2L21.cif.gz,False,20
2B5X,A,A,148,0,2B5X.cif.gz,False,11
4P0L,A,A,148,0,4P0L.cif.gz,False,1
3ZFP,A,A,148,0,3ZFP.cif.gz,False,1
4ETN,A,A,148,0,4ETN.cif.gz,False,1
1IJA,A,A,148,0,1IJA.cif.gz,False,25
5GUI,A,A,148,0,5GUI.cif.gz,False,1
2MOQ,A,A,148,0,2MOQ.cif.gz,False,20
2YF9,A,A,148,0,2YF9.cif.gz,False,1
2MV2,A,A,148,0,2MV2.cif.gz,False,10
1O50,A,A,148,0,1O50.cif.gz,False,1
5EE2,A,A,148,0,5EE2.cif.gz,False,1
4H9J,A,A,148,0,4H9J.cif.gz,False,1
6KY8,A,A,148,0,6KY8.cif.gz,False,1
2LPU,A,A,148,0,2LPU.cif.gz,False,20
6IE5,A,A,148,0,6IE5.cif.gz,False,1
2HDE,A,A,148,0,2HDE.cif.gz,False,20
2DBA,A,A,148,0,2DBA.cif.gz,False,20
3JZZ,A,A,148,0,3JZZ.cif.gz,False,1
2KPT,A,A,148,0,2KPT.cif.gz,False,20
2KVA,A,A,148,0,2KVA.cif.gz,False,20
1NIG,A,A,148,0,1NIG.cif.gz,False,1
1NG6,A,A,148,0,1NG6.cif.gz,False,1
1T17,A,A,148,0,1T17.cif.gz,False,20
5O7B,A,A,148,0,5O7B.cif.gz,False,1
2JR0,A,A,148,0,2JR0.cif.gz,False,20
4TSV,A,A,148,0,4TSV.cif.gz,False,1
2MCF,A,A,148,0,2MCF.cif.gz,False,15
2JQA,A,A,149,0,2JQA.cif.gz,False,20
2KL2,A,A,149,0,2KL2.cif.gz,False,20
3A0X,A,A,149,0,3A0X.cif.gz,False,1
2AIV,A,A,149,0,2AIV.cif.gz,False,15
2M6R,A,A,149,0,2M6R.cif.gz,False,20
3L9Z,A,A,149,0,3L9Z.cif.gz,False,1
6CKQ,A,A,149,0,6CKQ.cif.gz,False,20
2KJQ,A,A,149,0,2KJQ.cif.gz,False,20
2L8A,A,A,149,0,2L8A.cif.gz,False,20
5X5S,A,A,149,0,5X5S.cif.gz,False,10
2DLR,A,A,149,0,2DLR.cif.gz,False,20
2EW9,A,A,149,0,2EW9.cif.gz,False,31
5ZOR,A,A,149,0,5ZOR.cif.gz,False,20
2MWQ,A,A,149,0,2MWQ.cif.gz,False,20
1X1F,A,A,149,0,1X1F.cif.gz,False,20
4IGV,A,A,149,0,4IGV.cif.gz,False,1
3IF0,A,X,149,0,3IF0.cif.gz,False,1
2KY4,A,A,149,0,2KY4.cif.gz,False,14
2LPE,A,A,149,0,2LPE.cif.gz,False,10
2K1S,A,A,149,0,2K1S.cif.gz,False,20
3ZN4,A,A,149,0,3ZN4.cif.gz,False,1
2K36,A,A,149,0,2K36.cif.gz,False,15
2V7F,A,A,149,0,2V7F.cif.gz,False,1
2HF6,A,A,149,0,2HF6.cif.gz,False,20
2G0Q,A,A,149,0,2G0Q.cif.gz,False,20
2EHG,A,A,149,0,2EHG.cif.gz,False,1
1X91,A,A,149,0,1X91.cif.gz,False,1
2Y9F,A,A,149,0,2Y9F.cif.gz,False,1
6IZB,A,A,149,0,6IZB.cif.gz,False,1
2FZ0,A,A,149,0,2FZ0.cif.gz,False,20
1NOG,A,A,149,0,1NOG.cif.gz,False,1
2ESK,A,A,149,0,2ESK.cif.gz,False,1
3VNB,A,A,149,0,3VNB.cif.gz,False,1
5GOT,A,A,150,0,5GOT.cif.gz,False,1
2L5O,A,A,150,0,2L5O.cif.gz,False,20
1WG7,A,A,150,0,1WG7.cif.gz,False,20
5O7J,A,A,150,0,5O7J.cif.gz,False,20
5B3K,A,A,150,0,5B3K.cif.gz,False,1
6BNM,A,A,150,0,6BNM.cif.gz,False,1
3PR9,A,A,150,0,3PR9.cif.gz,False,1
5VHG,A,A,150,0,5VHG.cif.gz,False,1
6H1N,A,A,150,0,6H1N.cif.gz,False,1
2K8Y,A,A,150,0,2K8Y.cif.gz,False,10
2E0T,A,A,150,0,2E0T.cif.gz,False,1
1AMX,A,A,150,0,1AMX.cif.gz,False,1
1DE3,A,A,150,0,1DE3.cif.gz,False,20
1TVI,A,A,150,0,1TVI.cif.gz,False,20
1F3G,A,A,150,0,1F3G.cif.gz,False,1
3N0K,A,A,150,0,3N0K.cif.gz,False,1
5I65,A,A,150,0,5I65.cif.gz,False,20
2KMW,A,A,150,0,2KMW.cif.gz,False,20
4WNY,A,A,150,0,4WNY.cif.gz,False,1
2YB6,A,A,150,0,2YB6.cif.gz,False,1
2M6B,A,A,150,0,2M6B.cif.gz,True,15
1WZW,A,A,150,0,1WZW.cif.gz,False,1
2FJL,A,A,150,0,2FJL.cif.gz,False,15
2OP6,A,A,150,0,2OP6.cif.gz,False,1
1WK1,A,A,150,0,1WK1.cif.gz,False,20
1WRJ,A,A,150,0,1WRJ.cif.gz,False,1
2F3I,A,A,150,0,2F3I.cif.gz,False,21
2JCP,A,A,150,0,2JCP.cif.gz,False,1
2CRF,A,A,150,0,2CRF.cif.gz,False,20
2I38,A,A,150,0,2I38.cif.gz,False,19
2G2B,A,A,150,0,2G2B.cif.gz,False,20
2AV4,A,A,150,0,2AV4.cif.gz,False,1
1ZGG,A,A,150,0,1ZGG.cif.gz,False,20
2LE1,A,A,151,0,2LE1.cif.gz,False,20
2NRR,A,A,151,0,2NRR.cif.gz,False,1
2MT6,A,A,151,0,2MT6.cif.gz,False,20
1XWE,A,A,151,0,1XWE.cif.gz,False,40
2KKI,A,A,151,0,2KKI.cif.gz,False,14
1YX0,A,A,151,0,1YX0.cif.gz,False,20
3EMU,A,A,151,0,3EMU.cif.gz,False,1
2M4F,A,A,151,0,2M4F.cif.gz,False,20
6NFW,A,A,151,0,6NFW.cif.gz,False,10
3V4G,A,A,151,0,3V4G.cif.gz,False,1
1UFG,A,A,151,0,1UFG.cif.gz,False,20
3SZ7,A,A,151,0,3SZ7.cif.gz,False,1
1WLM,A,A,151,0,1WLM.cif.gz,False,20
4C8P,A,A,151,0,4C8P.cif.gz,False,1
1XO8,A,A,151,0,1XO8.cif.gz,False,20
1IX5,A,A,151,0,1IX5.cif.gz,False,10
3GM5,A,A,151,0,3GM5.cif.gz,False,1
4D74,A,A,151,0,4D74.cif.gz,False,1
5T0S,A,A,151,0,5T0S.cif.gz,False,1
4RYO,A,A,151,0,4RYO.cif.gz,True,1
5C8O,A,A,151,0,5C8O.cif.gz,False,1
2MWM,A,A,151,0,2MWM.cif.gz,False,20
4XPK,A,A,151,0,4XPK.cif.gz,False,1
3GUV,A,A,151,0,3GUV.cif.gz,False,1
1K0S,A,A,151,0,1K0S.cif.gz,False,20
2KR7,A,A,151,0,2KR7.cif.gz,False,20
4PA1,A,A,151,0,4PA1.cif.gz,False,1
1XNA,A,A,151,0,1XNA.cif.gz,False,1
3EX9,A,A,151,0,3EX9.cif.gz,False,1
1RLH,A,A,151,0,1RLH.cif.gz,False,1
1GWP,A,A,151,0,1GWP.cif.gz,False,20
1P6T,A,A,151,0,1P6T.cif.gz,False,30
6MDH,A,A,151,0,6MDH.cif.gz,False,1
1DVO,A,A,152,0,1DVO.cif.gz,False,1
3KSH,A,A,152,0,3KSH.cif.gz,False,1
1BYR,A,A,152,0,1BYR.cif.gz,False,1
2MQB,A,A,152,0,2MQB.cif.gz,False,20
2NVH,A,A,152,0,2NVH.cif.gz,False,1
2DAX,A,A,152,0,2DAX.cif.gz,False,20
5MDT,A,A,152,0,5MDT.cif.gz,False,1
5FFB,A,A,152,0,5FFB.cif.gz,False,1
6FJV,A,A,152,0,6FJV.cif.gz,False,1
1ASS,A,A,152,0,1ASS.cif.gz,False,1
1LY1,A,A,152,0,1LY1.cif.gz,False,1
2LXX,A,A,152,0,2LXX.cif.gz,False,10
5ZU6,A,A,152,0,5ZU6.cif.gz,False,1
2LRT,A,A,152,0,2LRT.cif.gz,False,20
2LRN,A,A,152,0,2LRN.cif.gz,False,20
3KFH,A,A,152,0,3KFH.cif.gz,False,1
2LJA,A,A,152,0,2LJA.cif.gz,False,20
1WIC,A,A,152,0,1WIC.cif.gz,False,20
1RW2,A,A,152,0,1RW2.cif.gz,False,10
1ULO,A,A,152,0,1ULO.cif.gz,False,1
2DIW,A,A,152,0,2DIW.cif.gz,False,20
1JL1,A,A,152,0,1JL1.cif.gz,False,1
5JNS,A,A,152,0,5JNS.cif.gz,False,1
4AGK,A,A,152,0,4AGK.cif.gz,False,1
3O8Z,A,A,152,0,3O8Z.cif.gz,False,1
2OEB,A,A,152,0,2OEB.cif.gz,False,1
3AP5,A,A,152,0,3AP5.cif.gz,False,1
2WH7,A,A,152,0,2WH7.cif.gz,False,1
5FFA,A,A,152,0,5FFA.cif.gz,False,1
2VKY,A,B,152,0,2VKY.cif.gz,False,1
3EYE,A,A,153,0,3EYE.cif.gz,False,1
5ERI,A,A,153,0,5ERI.cif.gz,False,1
5EHA,A,A,153,0,5EHA.cif.gz,False,1
4WFV,A,A,153,0,4WFV.cif.gz,False,1
3PMD,A,A,153,0,3PMD.cif.gz,False,1
4TWU,A,A,153,0,4TWU.cif.gz,False,1
1N05,A,A,153,0,1N05.cif.gz,False,1
3BT5,A,A,153,0,3BT5.cif.gz,False,1
1IRP,A,A,153,0,1IRP.cif.gz,False,12
5BX1,A,A,153,0,5BX1.cif.gz,False,1
1YRV,A,A,153,0,1YRV.cif.gz,False,1
3GR5,A,A,153,0,3GR5.cif.gz,False,1
2YT2,A,A,153,0,2YT2.cif.gz,False,20
2BZE,A,A,153,0,2BZE.cif.gz,False,25
6FXW,A,A,153,0,6FXW.cif.gz,False,1
4R0B,A,A,153,0,4R0B.cif.gz,False,1
1GJJ,A,A,153,0,1GJJ.cif.gz,False,1
2KYY,A,A,153,0,2KYY.cif.gz,False,20
2VTY,A,A,153,0,2VTY.cif.gz,False,1
2KXI,A,A,153,0,2KXI.cif.gz,False,20
2M72,A,A,153,0,2M72.cif.gz,False,20
2HX6,A,A,153,0,2HX6.cif.gz,False,15
2K4M,A,A,153,0,2K4M.cif.gz,False,20
2JXU,A,A,153,0,2JXU.cif.gz,False,20
1HZT,A,A,153,0,1HZT.cif.gz,False,1
2KCQ,A,A,153,0,2KCQ.cif.gz,False,20
1XSA,A,A,153,0,1XSA.cif.gz,False,33
2DLX,A,A,153,0,2DLX.cif.gz,False,20
2N8Z,A,A,153,0,2N8Z.cif.gz,False,20
2LIE,A,A,153,0,2LIE.cif.gz,False,20
1CX1,A,A,153,0,1CX1.cif.gz,False,22
2N3F,A,A,153,0,2N3F.cif.gz,False,10
2DAW,A,A,154,0,2DAW.cif.gz,False,20
2V9H,A,A,154,0,2V9H.cif.gz,True,20
5Y8E,A,A,154,0,5Y8E.cif.gz,False,1
1B9D,A,A,154,0,1B9D.cif.gz,False,1
3E3V,A,A,154,0,3E3V.cif.gz,False,1
2KLB,A,A,154,0,2KLB.cif.gz,False,20
2JQQ,A,A,154,0,2JQQ.cif.gz,False,20
5VGL,A,A,154,0,5VGL.cif.gz,False,1
3A57,A,A,154,0,3A57.cif.gz,False,1
6GG1,A,A,154,0,6GG1.cif.gz,False,1
3R2K,A,A,154,0,3R2K.cif.gz,False,1
1HZM,A,A,154,0,1HZM.cif.gz,False,1
6GLH,A,A,154,0,6GLH.cif.gz,False,1
4UMS,A,A,154,0,4UMS.cif.gz,False,1
5LVY,A,A,154,0,5LVY.cif.gz,False,10
4FZ4,A,A,154,0,4FZ4.cif.gz,False,1
2E5O,A,A,154,0,2E5O.cif.gz,False,20
2B3M,A,A,154,0,2B3M.cif.gz,False,1
4HLL,A,A,154,0,4HLL.cif.gz,False,1
3PZY,A,A,154,0,3PZY.cif.gz,False,1
3F4M,A,A,154,0,3F4M.cif.gz,False,1
4M90,A,A,154,0,4M90.cif.gz,False,1
2MSV,A,A,154,0,2MSV.cif.gz,False,20
5H9K,A,A,154,0,5H9K.cif.gz,False,1
5T4X,A,A,154,0,5T4X.cif.gz,False,1
3PIW,A,A,154,0,3PIW.cif.gz,False,1
2PWQ,A,A,154,0,2PWQ.cif.gz,False,1
5Z4E,A,A,154,0,5Z4E.cif.gz,False,20
2JXP,A,A,155,0,2JXP.cif.gz,False,20
4RYV,A,A,155,0,4RYV.cif.gz,False,1
2KCZ,A,A,155,0,2KCZ.cif.gz,False,20
1X51,A,A,155,0,1X51.cif.gz,False,20
2M70,A,A,155,0,2M70.cif.gz,False,20
3Q6B,A,A,155,0,3Q6B.cif.gz,True,1
4FQA,A,A,155,0,4FQA.cif.gz,False,1
2KQZ,A,A,155,0,2KQZ.cif.gz,False,35
2K3A,A,A,155,0,2K3A.cif.gz,False,20
2ML5,A,A,155,0,2ML5.cif.gz,False,20
3NV7,A,A,155,0,3NV7.cif.gz,False,1
2L06,A,A,155,0,2L06.cif.gz,False,20
2YRO,A,A,155,0,2YRO.cif.gz,False,20
5C7G,A,A,155,0,5C7G.cif.gz,False,1
6K1W,A,A,155,0,6K1W.cif.gz,False,1
2Q5X,A,A,155,0,2Q5X.cif.gz,False,1
6K1Y,A,A,155,0,6K1Y.cif.gz,False,1
2RR7,A,A,155,0,2RR7.cif.gz,False,20
2EBZ,A,A,155,0,2EBZ.cif.gz,False,20
2ILK,A,A,155,0,2ILK.cif.gz,False,1
2RER,A,A,155,0,2RER.cif.gz,False,1
1ZXF,A,A,155,0,1ZXF.cif.gz,False,20
2YUG,A,A,155,0,2YUG.cif.gz,False,20
1JYH,A,A,155,0,1JYH.cif.gz,False,1
2WB3,A,A,155,0,2WB3.cif.gz,False,1
2WCY,A,A,155,0,2WCY.cif.gz,False,48
1P4T,A,A,155,0,1P4T.cif.gz,True,1
3G9B,A,A,155,0,3G9B.cif.gz,False,1
1WJ1,A,A,156,0,1WJ1.cif.gz,False,20
2GI4,A,A,156,0,2GI4.cif.gz,False,10
4PQQ,A,A,156,0,4PQQ.cif.gz,False,1
2N2L,A,A,156,0,2N2L.cif.gz,False,10
5GO6,A,A,156,0,5GO6.cif.gz,False,1
5LG9,A,A,156,0,5LG9.cif.gz,False,15
1A5E,A,A,156,0,1A5E.cif.gz,False,18
2I8L,A,A,156,0,2I8L.cif.gz,False,20
2X7B,A,A,156,0,2X7B.cif.gz,False,1
1U2P,A,A,156,0,1U2P.cif.gz,False,1
6QPJ,A,A,156,0,6QPJ.cif.gz,False,1
2E2C,A,A,156,0,2E2C.cif.gz,False,1
1OWA,A,A,156,0,1OWA.cif.gz,False,10
2A4V,A,A,156,0,2A4V.cif.gz,False,1
6GV3,A,A,156,0,6GV3.cif.gz,False,1
1YH2,A,A,156,0,1YH2.cif.gz,False,1
1Q5F,A,A,156,0,1Q5F.cif.gz,False,10
2CZT,A,A,156,0,2CZT.cif.gz,False,1
4IYS,A,A,156,0,4IYS.cif.gz,False,1
3BJV,A,A,156,0,3BJV.cif.gz,False,1
2K4Q,A,A,156,0,2K4Q.cif.gz,False,20
1BD8,A,A,156,0,1BD8.cif.gz,False,1
2G2K,A,A,156,0,2G2K.cif.gz,False,18
2MIZ,A,A,156,0,2MIZ.cif.gz,False,10
6CKV,A,A,156,0,6CKV.cif.gz,False,20
3ML3,A,A,156,0,3ML3.cif.gz,True,1
2JMM,A,A,156,0,2JMM.cif.gz,True,10
6G03,A,A,156,0,6G03.cif.gz,False,20
2YRB,A,A,156,0,2YRB.cif.gz,False,20
5HXL,A,A,156,0,5HXL.cif.gz,False,1
3HNY,A,M,156,0,3HNY.cif.gz,False,1
2EEF,A,A,156,0,2EEF.cif.gz,False,20
1R62,A,A,156,0,1R62.cif.gz,False,1
4G2E,A,A,157,0,4G2E.cif.gz,False,1
3KH7,A,A,157,0,3KH7.cif.gz,False,1
5KBK,A,A,157,0,5KBK.cif.gz,False,1
2D3J,A,A,157,0,2D3J.cif.gz,False,20
3KBE,A,A,157,0,3KBE.cif.gz,False,1
2KKN,A,A,157,0,2KKN.cif.gz,False,20
4NNG,A,A,157,0,4NNG.cif.gz,False,1
1J0S,A,A,157,0,1J0S.cif.gz,False,20
2M63,A,A,157,0,2M63.cif.gz,False,20
2I9Y,A,A,157,0,2I9Y.cif.gz,False,20
2VY8,A,A,157,0,2VY8.cif.gz,False,1
3RGO,A,A,157,0,3RGO.cif.gz,False,1
3VBC,A,A,157,0,3VBC.cif.gz,False,1
2MF9,A,A,157,0,2MF9.cif.gz,False,20
2YWX,A,A,157,0,2YWX.cif.gz,False,1
1WHB,A,A,157,0,1WHB.cif.gz,False,20
1IHK,A,A,157,0,1IHK.cif.gz,False,1
6R75,A,A,157,0,6R75.cif.gz,False,1
5IOX,A,A,157,0,5IOX.cif.gz,False,1
1JZU,A,A,157,0,1JZU.cif.gz,False,20
5U2L,A,A,157,0,5U2L.cif.gz,False,1
2KW7,A,A,157,0,2KW7.cif.gz,False,20
2KLS,A,A,157,0,2KLS.cif.gz,False,20
3V1Q,A,A,157,0,3V1Q.cif.gz,False,1
6RJX,A,A,157,0,6RJX.cif.gz,False,1
5G51,A,A,157,0,5G51.cif.gz,False,1
1GRJ,A,A,157,0,1GRJ.cif.gz,False,1
2ZQT,A,A,158,0,2ZQT.cif.gz,False,1
6HPI,A,A,158,0,6HPI.cif.gz,False,20
6AN4,A,A,158,0,6AN4.cif.gz,False,1
1ZWT,A,A,158,0,1ZWT.cif.gz,False,12
1DMZ,A,A,158,0,1DMZ.cif.gz,False,20
2L10,A,A,158,0,2L10.cif.gz,False,20
2KW8,A,A,158,0,2KW8.cif.gz,False,40
1ZU2,A,A,158,0,1ZU2.cif.gz,False,20
1V8I,A,A,158,0,1V8I.cif.gz,False,1
2JNF,A,A,158,0,2JNF.cif.gz,False,10
2ZGR,A,A,158,0,2ZGR.cif.gz,False,1
5GUF,A,A,158,0,5GUF.cif.gz,True,1
1SJY,A,A,158,0,1SJY.cif.gz,False,1
2ENQ,A,A,158,0,2ENQ.cif.gz,False,20
3JVI,A,A,158,0,3JVI.cif.gz,False,1
5T43,A,A,158,0,5T43.cif.gz,False,20
4M4Z,A,A,158,0,4M4Z.cif.gz,False,1
2K2E,A,A,158,0,2K2E.cif.gz,False,20
4OHR,A,A,158,0,4OHR.cif.gz,False,1
2F3J,A,A,158,0,2F3J.cif.gz,False,14
2R32,A,A,158,0,2R32.cif.gz,False,1
3OUE,A,A,158,0,3OUE.cif.gz,False,1
1GPR,A,A,158,0,1GPR.cif.gz,False,1
6E8H,A,A,158,0,6E8H.cif.gz,False,1
6GSE,A,A,159,0,6GSE.cif.gz,False,20
1LB4,A,A,159,0,1LB4.cif.gz,False,1
4A88,A,A,159,0,4A88.cif.gz,False,1
2RSX,A,A,159,0,2RSX.cif.gz,False,20
1ZUH,A,A,159,0,1ZUH.cif.gz,False,1
2LS5,A,A,159,0,2LS5.cif.gz,False,20
1A17,A,A,159,0,1A17.cif.gz,False,1
2WP7,A,A,159,0,2WP7.cif.gz,False,1
2CR2,A,A,159,0,2CR2.cif.gz,False,20
4O65,A,A,159,0,4O65.cif.gz,False,1
2KD7,A,A,159,0,2KD7.cif.gz,False,20
3CSR,A,A,159,0,3CSR.cif.gz,False,1
5MCA,A,A,159,0,5MCA.cif.gz,False,1
3LX7,A,A,159,0,3LX7.cif.gz,False,1
1WYO,A,A,159,0,1WYO.cif.gz,False,20
3NR5,A,A,159,0,3NR5.cif.gz,False,1
5IQ5,A,A,159,0,5IQ5.cif.gz,False,21
1EW3,A,A,159,0,1EW3.cif.gz,False,1
2K27,A,A,159,0,2K27.cif.gz,False,20
1C05,A,A,159,0,1C05.cif.gz,False,1
2LAH,A,A,160,0,2LAH.cif.gz,False,20
2WRY,A,A,160,0,2WRY.cif.gz,False,1
2LAK,A,A,160,0,2LAK.cif.gz,False,20
4CYA,A,A,160,0,4CYA.cif.gz,False,1
5VD6,A,A,160,0,5VD6.cif.gz,False,1
2RVK,A,A,160,0,2RVK.cif.gz,False,10
1OD6,A,A,160,0,1OD6.cif.gz,False,1
3V46,A,A,160,0,3V46.cif.gz,False,1
1KRI,A,A,160,0,1KRI.cif.gz,False,20
1CZT,A,A,160,0,1CZT.cif.gz,False,1
5KVK,A,A,160,0,5KVK.cif.gz,False,1
4RLC,A,A,160,0,4RLC.cif.gz,True,1
2MQW,A,A,160,0,2MQW.cif.gz,False,20
2YO2,A,A,160,0,2YO2.cif.gz,False,1
2RJL,A,A,160,0,2RJL.cif.gz,False,1
6NRE,A,A,160,0,6NRE.cif.gz,False,1
2DKQ,A,A,160,0,2DKQ.cif.gz,False,20
2LFU,A,A,160,0,2LFU.cif.gz,False,10
2M1X,A,A,160,0,2M1X.cif.gz,False,20
2Z99,A,A,160,0,2Z99.cif.gz,False,1
2KVD,A,A,160,0,2KVD.cif.gz,False,15
6FM5,A,A,160,0,6FM5.cif.gz,False,1
2JZX,A,A,160,0,2JZX.cif.gz,False,12
2LFC,A,A,160,0,2LFC.cif.gz,False,20
4DT4,A,A,160,0,4DT4.cif.gz,False,1
2G2D,A,A,160,0,2G2D.cif.gz,False,1
2JS7,A,A,160,0,2JS7.cif.gz,False,20
1JVW,A,A,160,0,1JVW.cif.gz,False,1
5LP9,A,A,160,0,5LP9.cif.gz,False,1
2K3N,A,A,160,0,2K3N.cif.gz,False,10
2BZV,A,A,160,0,2BZV.cif.gz,False,1
4WAB,A,A,161,0,4WAB.cif.gz,True,1
1WY6,A,A,161,0,1WY6.cif.gz,False,1
1XOY,A,A,161,0,1XOY.cif.gz,False,20
1WU3,A,I,161,0,1WU3.cif.gz,False,1
2EDM,A,A,161,0,2EDM.cif.gz,False,1
2L3F,A,A,161,0,2L3F.cif.gz,False,20
3N4J,A,A,161,0,3N4J.cif.gz,False,1
4A5V,A,A,161,0,4A5V.cif.gz,False,10
2I6J,A,A,161,0,2I6J.cif.gz,False,1
3CMI,A,A,161,0,3CMI.cif.gz,False,1
4ORR,A,A,161,0,4ORR.cif.gz,False,1
5B82,A,A,161,0,5B82.cif.gz,False,1
6PRQ,A,A,161,0,6PRQ.cif.gz,False,20
4BIT,A,A,161,0,4BIT.cif.gz,False,20
2GO9,A,A,161,0,2GO9.cif.gz,False,10
2KIG,A,A,161,0,2KIG.cif.gz,False,20
2K3P,A,A,161,0,2K3P.cif.gz,False,10
3HA9,A,A,161,0,3HA9.cif.gz,False,1
4S2W,A,A,161,0,4S2W.cif.gz,False,1
4CHE,A,A,161,0,4CHE.cif.gz,False,1
1C25,A,A,161,0,1C25.cif.gz,False,1
2KLL,A,A,161,0,2KLL.cif.gz,False,10
3Q1H,A,A,161,0,3Q1H.cif.gz,False,1
2Z4F,A,A,161,0,2Z4F.cif.gz,False,20
2FR2,A,A,161,0,2FR2.cif.gz,False,1
3LOI,A,A,161,0,3LOI.cif.gz,False,1
1KLO,A,A,162,0,1KLO.cif.gz,False,1
3R9Z,A,A,162,0,3R9Z.cif.gz,False,1
2K5I,A,A,162,0,2K5I.cif.gz,False,20
1PBU,A,A,162,0,1PBU.cif.gz,False,20
1U3N,A,A,162,0,1U3N.cif.gz,False,30
2DYI,A,A,162,0,2DYI.cif.gz,False,1
5JWJ,A,A,162,0,5JWJ.cif.gz,False,20
2JCN,A,A,162,0,2JCN.cif.gz,False,1
2ITH,A,A,162,0,2ITH.cif.gz,False,20
4NLI,A,A,162,0,4NLI.cif.gz,False,1
5ZHG,A,A,162,0,5ZHG.cif.gz,False,1
4CB4,A,A,162,0,4CB4.cif.gz,False,1
1URM,A,A,162,0,1URM.cif.gz,False,1
4ZSB,A,A,162,0,4ZSB.cif.gz,False,1
1WSX,A,A,162,0,1WSX.cif.gz,False,20
6F99,A,A,162,0,6F99.cif.gz,False,20
1UZQ,A,A,162,0,1UZQ.cif.gz,False,1
5YQ3,A,A,162,0,5YQ3.cif.gz,False,20
1NCX,A,A,162,0,1NCX.cif.gz,False,1
3SO8,A,A,162,0,3SO8.cif.gz,False,1
2L28,A,A,162,0,2L28.cif.gz,False,25
4GIG,A,A,162,0,4GIG.cif.gz,False,1
2BDD,A,A,162,0,2BDD.cif.gz,False,1
2KML,A,A,162,0,2KML.cif.gz,False,21
2KC5,A,A,162,0,2KC5.cif.gz,False,20
3GP6,A,A,163,0,3GP6.cif.gz,True,1
1X5B,A,A,163,0,1X5B.cif.gz,False,20
2ZYC,A,A,163,0,2ZYC.cif.gz,False,1
3A1W,A,A,163,0,3A1W.cif.gz,False,1
2LXL,A,A,163,0,2LXL.cif.gz,False,10
5XYL,A,A,163,0,5XYL.cif.gz,False,10
5J08,A,A,163,0,5J08.cif.gz,False,1
2QF5,A,A,163,0,2QF5.cif.gz,False,1
4ZOT,A,A,163,0,4ZOT.cif.gz,False,1
1NYO,A,A,163,0,1NYO.cif.gz,False,38
3QO4,A,A,163,0,3QO4.cif.gz,False,1
2M47,A,A,163,0,2M47.cif.gz,False,20
4DRR,A,A,163,0,4DRR.cif.gz,False,1
1Z23,A,A,163,0,1Z23.cif.gz,False,20
1JYT,A,A,163,0,1JYT.cif.gz,False,20
4KI9,A,A,163,0,4KI9.cif.gz,False,1
2L3S,A,A,163,0,2L3S.cif.gz,False,20
3EJC,A,A,163,0,3EJC.cif.gz,False,1
4HFL,A,A,163,0,4HFL.cif.gz,False,1
4YG3,A,A,163,0,4YG3.cif.gz,False,1
2L9P,A,A,164,0,2L9P.cif.gz,False,20
4XHY,A,A,164,0,4XHY.cif.gz,False,1
3GWI,A,A,164,0,3GWI.cif.gz,False,1
3FAD,A,A,164,0,3FAD.cif.gz,False,1
3CM3,A,A,164,0,3CM3.cif.gz,False,1
2R99,A,A,164,0,2R99.cif.gz,False,1
3RCG,A,A,164,0,3RCG.cif.gz,False,1
1RL6,A,A,164,0,1RL6.cif.gz,False,1
1LS4,A,A,164,0,1LS4.cif.gz,False,21
1GJH,A,A,164,0,1GJH.cif.gz,False,1
3QC7,A,A,164,0,3QC7.cif.gz,False,1
1BGD,A,A,164,0,1BGD.cif.gz,False,1
1FL0,A,A,164,0,1FL0.cif.gz,False,1
4WP6,A,A,164,0,4WP6.cif.gz,False,1
1B5L,A,A,164,0,1B5L.cif.gz,False,1
1WIX,A,A,164,0,1WIX.cif.gz,False,20
2KTL,A,A,164,0,2KTL.cif.gz,False,12
2L9L,A,A,164,0,2L9L.cif.gz,False,20
3U3P,A,A,164,0,3U3P.cif.gz,False,1
2JVZ,A,A,164,0,2JVZ.cif.gz,False,20
2KTU,A,A,164,0,2KTU.cif.gz,False,24
1IB8,A,A,164,0,1IB8.cif.gz,False,1
1X50,A,A,164,0,1X50.cif.gz,False,20
1G3G,A,A,164,0,1G3G.cif.gz,False,20
2LS6,A,A,164,0,2LS6.cif.gz,False,21
6EBU,A,A,165,0,6EBU.cif.gz,True,1
3GMU,A,B,165,0,3GMU.cif.gz,False,1
2LSN,A,A,165,0,2LSN.cif.gz,False,19
6GUV,A,A,165,0,6GUV.cif.gz,False,1
3EJG,A,A,165,0,3EJG.cif.gz,False,1
2JZH,A,A,165,0,2JZH.cif.gz,False,1
2MVB,A,A,165,0,2MVB.cif.gz,False,20
1MUG,A,A,165,0,1MUG.cif.gz,False,1
2FPH,A,X,165,0,2FPH.cif.gz,False,1
2MP4,A,A,165,0,2MP4.cif.gz,False,10
5A4R,A,A,165,0,5A4R.cif.gz,False,1
1SFE,A,A,165,0,1SFE.cif.gz,False,1
6GQE,A,A,165,0,6GQE.cif.gz,False,1
1F3Y,A,A,165,0,1F3Y.cif.gz,False,25
6EMQ,A,A,165,0,6EMQ.cif.gz,False,40
1BGC,A,A,165,0,1BGC.cif.gz,False,1
4ZQV,A,A,165,0,4ZQV.cif.gz,False,1
2LKN,A,A,165,0,2LKN.cif.gz,False,20
3RF2,A,A,165,0,3RF2.cif.gz,False,1
2KVP,A,A,165,0,2KVP.cif.gz,False,20
1K95,A,A,165,0,1K95.cif.gz,False,1
3BCI,A,A,165,0,3BCI.cif.gz,False,1
2ARF,A,A,165,0,2ARF.cif.gz,False,10
2O4E,A,A,165,0,2O4E.cif.gz,False,20
2Y6Y,A,A,166,0,2Y6Y.cif.gz,False,1
5DAZ,A,A,166,0,5DAZ.cif.gz,False,1
1EQ1,A,A,166,0,1EQ1.cif.gz,False,25
3C64,A,A,166,0,3C64.cif.gz,False,1
6M7W,A,A,166,0,6M7W.cif.gz,False,1
2KY6,A,A,166,0,2KY6.cif.gz,False,25
1YOY,A,A,166,0,1YOY.cif.gz,False,1
2M1W,A,A,166,0,2M1W.cif.gz,False,20
6A2W,A,A,166,0,6A2W.cif.gz,True,1
5KC0,A,A,166,0,5KC0.cif.gz,True,1
2X3M,A,A,166,0,2X3M.cif.gz,False,1
1ALU,A,A,166,0,1ALU.cif.gz,False,1
1J2A,A,A,166,0,1J2A.cif.gz,False,1
3EJF,A,A,166,0,3EJF.cif.gz,False,1
3O7K,A,A,166,0,3O7K.cif.gz,False,1
2BAF,A,A,166,0,2BAF.cif.gz,False,20
2D8B,A,A,166,0,2D8B.cif.gz,False,20
2N8X,A,A,166,0,2N8X.cif.gz,False,20
5DN4,A,A,166,0,5DN4.cif.gz,False,1
2KCU,A,A,166,0,2KCU.cif.gz,False,20
4A02,A,A,166,0,4A02.cif.gz,False,1
2N42,A,A,166,0,2N42.cif.gz,False,20
4MHL,A,A,166,0,4MHL.cif.gz,False,1
2BQX,A,A,166,0,2BQX.cif.gz,False,1
5IX3,A,A,166,0,5IX3.cif.gz,False,1
1BUY,A,A,166,0,1BUY.cif.gz,False,1
2HO9,A,A,167,0,2HO9.cif.gz,False,20
1HYB,A,A,167,0,1HYB.cif.gz,False,1
1PGV,A,A,167,0,1PGV.cif.gz,False,1
2LWJ,A,A,167,0,2LWJ.cif.gz,False,20
4ACJ,A,A,167,0,4ACJ.cif.gz,False,1
3D79,A,A,167,0,3D79.cif.gz,False,1
2AGM,A,A,167,0,2AGM.cif.gz,False,20
2G7H,A,A,167,0,2G7H.cif.gz,False,10
3HVV,A,A,167,0,3HVV.cif.gz,False,1
3G39,A,A,167,0,3G39.cif.gz,False,1
2JSY,A,A,167,0,2JSY.cif.gz,False,21
1WLF,A,A,167,0,1WLF.cif.gz,False,1
2LYI,A,A,167,0,2LYI.cif.gz,False,10
6NX4,A,A,167,0,6NX4.cif.gz,False,20
3EWQ,A,A,167,0,3EWQ.cif.gz,False,1
5HIH,A,A,167,0,5HIH.cif.gz,False,1
4R7V,A,A,167,0,4R7V.cif.gz,False,1
1YCK,A,A,167,0,1YCK.cif.gz,False,1
2MVG,A,A,167,0,2MVG.cif.gz,False,10
2JQG,A,R,167,0,2JQG.cif.gz,False,5
5EF9,A,A,168,0,5EF9.cif.gz,False,1
2B3W,A,A,168,0,2B3W.cif.gz,False,20
2L7N,A,A,168,0,2L7N.cif.gz,False,20
1H6Q,A,A,168,0,1H6Q.cif.gz,False,1
4E2U,A,A,168,0,4E2U.cif.gz,False,1
1FTG,A,A,168,0,1FTG.cif.gz,False,1
2ELL,A,A,168,0,2ELL.cif.gz,False,20
2LQU,A,A,168,0,2LQU.cif.gz,False,10
1BU9,A,A,168,0,1BU9.cif.gz,False,21
6HFO,A,A,168,0,6HFO.cif.gz,False,1
1K42,A,A,168,0,1K42.cif.gz,False,12
1T5I,A,A,168,0,1T5I.cif.gz,False,1
3H6Q,A,A,168,0,3H6Q.cif.gz,False,1
1R6E,A,A,168,0,1R6E.cif.gz,False,20
1NWA,A,A,168,0,1NWA.cif.gz,False,1
2JWY,A,A,168,0,2JWY.cif.gz,False,20
2YUE,A,A,168,0,2YUE.cif.gz,False,20
4P9I,A,A,168,0,4P9I.cif.gz,False,1
1R4K,A,A,168,0,1R4K.cif.gz,False,1
6GV8,A,A,168,0,6GV8.cif.gz,False,1
3MYI,A,A,169,0,3MYI.cif.gz,False,1
1O4V,A,A,169,0,1O4V.cif.gz,False,1
2RKQ,A,A,169,0,2RKQ.cif.gz,False,1
4ILU,A,A,169,0,4ILU.cif.gz,False,1
6FRE,A,A,169,0,6FRE.cif.gz,False,1
2IFS,A,A,169,0,2IFS.cif.gz,False,20
3ZQD,A,A,169,0,3ZQD.cif.gz,False,20
1MGT,A,A,169,0,1MGT.cif.gz,False,1
1IHC,A,A,169,0,1IHC.cif.gz,False,1
5HLJ,A,A,169,0,5HLJ.cif.gz,False,1
2MGY,A,A,169,0,2MGY.cif.gz,True,20
6E7E,A,A,169,0,6E7E.cif.gz,False,1
3BQE,A,A,169,0,3BQE.cif.gz,False,1
1F2H,A,A,169,0,1F2H.cif.gz,False,1
1V7Q,A,A,169,0,1V7Q.cif.gz,False,1
6ANR,A,A,169,0,6ANR.cif.gz,False,1
2RRL,A,A,169,0,2RRL.cif.gz,False,15
4KOQ,A,A,169,0,4KOQ.cif.gz,False,1
5E1W,A,A,169,0,5E1W.cif.gz,False,1
1OXJ,A,A,170,0,1OXJ.cif.gz,False,1
2E63,A,A,170,0,2E63.cif.gz,False,20
2LW7,A,A,170,0,2LW7.cif.gz,False,20
2ZA7,A,A,170,0,2ZA7.cif.gz,False,1
6I50,A,A,170,0,6I50.cif.gz,False,1
4BXP,A,A,170,0,4BXP.cif.gz,False,1
1OW1,A,A,170,0,1OW1.cif.gz,False,1
2JKF,A,A,170,0,2JKF.cif.gz,False,1
2KUA,A,A,170,0,2KUA.cif.gz,False,20
2LNJ,A,A,170,0,2LNJ.cif.gz,False,20
4UET,A,A,170,0,4UET.cif.gz,False,20
2DVK,A,A,170,0,2DVK.cif.gz,False,1
6A02,A,A,170,0,6A02.cif.gz,False,1
1YDU,A,A,170,0,1YDU.cif.gz,False,20
2JE2,A,A,170,0,2JE2.cif.gz,False,1
1XPN,A,A,170,0,1XPN.cif.gz,False,20
2BT7,A,A,170,0,2BT7.cif.gz,False,1
2M9V,A,A,170,0,2M9V.cif.gz,False,20
1QJP,A,A,171,0,1QJP.cif.gz,True,1
1WWY,A,A,171,0,1WWY.cif.gz,False,20
2GS3,A,A,171,0,2GS3.cif.gz,False,1
2X5Y,A,A,171,0,2X5Y.cif.gz,False,1
2OVA,A,A,171,0,2OVA.cif.gz,False,1
1KXO,A,A,171,0,1KXO.cif.gz,False,1
2EC4,A,A,171,0,2EC4.cif.gz,False,20
6CWM,A,A,171,0,6CWM.cif.gz,False,1
1TXJ,A,A,171,0,1TXJ.cif.gz,False,1
2ROP,A,A,171,0,2ROP.cif.gz,False,20
1QNT,A,A,171,0,1QNT.cif.gz,False,1
1WBA,A,A,171,0,1WBA.cif.gz,False,1
1QZN,A,A,171,0,1QZN.cif.gz,False,1
2NCJ,A,A,171,0,2NCJ.cif.gz,False,20
5A3G,A,A,171,0,5A3G.cif.gz,False,15
1Q27,A,A,171,0,1Q27.cif.gz,False,10
2NC8,A,A,171,0,2NC8.cif.gz,False,30
2K8I,A,A,171,0,2K8I.cif.gz,False,10
3EO5,A,A,171,0,3EO5.cif.gz,False,1
4QFT,A,A,171,0,4QFT.cif.gz,False,1
3RT2,A,A,171,0,3RT2.cif.gz,False,1
3QWX,A,X,171,0,3QWX.cif.gz,False,1
5GMB,A,A,171,0,5GMB.cif.gz,False,1
1LKI,A,A,172,0,1LKI.cif.gz,False,1
1RFL,A,A,172,0,1RFL.cif.gz,False,20
1YSP,A,A,172,0,1YSP.cif.gz,False,1
2MXC,A,A,172,0,2MXC.cif.gz,False,20
2N6D,A,A,172,0,2N6D.cif.gz,False,19
2LD4,A,A,172,0,2LD4.cif.gz,False,30
1KOE,A,A,172,0,1KOE.cif.gz,False,1
3IRA,A,A,172,0,3IRA.cif.gz,False,1
6BT4,A,A,172,0,6BT4.cif.gz,False,1
2CP6,A,A,172,0,2CP6.cif.gz,False,20
2E3U,A,A,172,0,2E3U.cif.gz,False,1
2K6V,A,A,172,0,2K6V.cif.gz,False,31
2LDK,A,A,172,0,2LDK.cif.gz,False,20
1Q59,A,A,172,0,1Q59.cif.gz,False,1
3MK9,A,A,173,0,3MK9.cif.gz,False,1
1H4A,A,X,173,0,1H4A.cif.gz,False,1
2OB4,A,A,173,0,2OB4.cif.gz,False,1
6N5Y,A,A,173,0,6N5Y.cif.gz,False,1
1FEW,A,A,173,0,1FEW.cif.gz,False,1
2MTB,A,A,173,0,2MTB.cif.gz,False,20
2ND4,A,A,173,0,2ND4.cif.gz,False,1
1TWL,A,A,173,0,1TWL.cif.gz,False,1
4EUN,A,A,173,0,4EUN.cif.gz,False,1
2YRQ,A,A,173,0,2YRQ.cif.gz,False,20
4L0W,A,A,173,0,4L0W.cif.gz,False,1
6E5D,A,A,173,0,6E5D.cif.gz,False,1
2GT5,A,A,173,0,2GT5.cif.gz,False,30
2EDI,A,A,173,0,2EDI.cif.gz,False,20
1BPR,A,A,173,0,1BPR.cif.gz,False,1
2FCB,A,A,173,0,2FCB.cif.gz,False,1
3PM2,A,A,173,0,3PM2.cif.gz,False,1
2PRD,A,A,174,0,2PRD.cif.gz,False,1
1ON4,A,A,174,0,1ON4.cif.gz,False,30
1AK6,A,A,174,0,1AK6.cif.gz,False,1
1RTT,A,A,174,0,1RTT.cif.gz,False,1
1G2P,A,A,174,0,1G2P.cif.gz,False,1
1Q80,A,A,174,0,1Q80.cif.gz,False,17
2KXT,A,A,174,0,2KXT.cif.gz,False,20
3LAA,A,A,174,0,3LAA.cif.gz,False,1
1JAJ,A,A,174,0,1JAJ.cif.gz,False,25
4O6G,A,A,174,0,4O6G.cif.gz,False,1
2IDC,A,A,174,0,2IDC.cif.gz,False,1
2KBB,A,A,174,0,2KBB.cif.gz,False,20
1L3K,A,A,174,0,1L3K.cif.gz,False,1
3C8X,A,A,174,0,3C8X.cif.gz,False,1
1Q42,A,A,174,0,1Q42.cif.gz,False,1
2KRR,A,A,174,0,2KRR.cif.gz,False,20
2JWP,A,A,174,0,2JWP.cif.gz,False,10
2LMD,A,A,174,0,2LMD.cif.gz,False,20
2XP1,A,A,175,0,2XP1.cif.gz,False,1
1Z27,A,A,175,0,1Z27.cif.gz,False,1
6CKH,A,A,175,0,6CKH.cif.gz,False,1
2G40,A,A,175,0,2G40.cif.gz,False,1
4AF2,A,A,175,0,4AF2.cif.gz,False,1
2L5P,A,A,175,0,2L5P.cif.gz,False,20
5YOZ,A,A,175,0,5YOZ.cif.gz,False,10
2IYS,A,A,175,0,2IYS.cif.gz,False,1
2JA9,A,A,175,0,2JA9.cif.gz,False,1
3IIK,A,A,175,0,3IIK.cif.gz,False,1
4EM2,A,A,175,0,4EM2.cif.gz,False,1
5HA8,A,A,175,0,5HA8.cif.gz,False,1
5NU2,A,A,175,0,5NU2.cif.gz,False,1
2L4O,A,A,175,0,2L4O.cif.gz,False,20
2A2K,A,A,175,0,2A2K.cif.gz,False,1
2LF2,A,A,175,0,2LF2.cif.gz,False,20
5E0G,A,A,175,0,5E0G.cif.gz,False,1
2K07,A,A,175,0,2K07.cif.gz,False,20
4PWS,A,A,176,0,4PWS.cif.gz,False,1
1S21,A,A,176,0,1S21.cif.gz,False,1
2LDY,A,A,176,0,2LDY.cif.gz,False,21
5O19,A,A,176,0,5O19.cif.gz,False,1
2YT0,A,A,176,0,2YT0.cif.gz,False,20
2BMJ,A,A,176,0,2BMJ.cif.gz,False,1
1YZ7,A,A,176,0,1YZ7.cif.gz,False,1
4ANN,A,A,176,0,4ANN.cif.gz,False,1
6NEN,A,A,176,0,6NEN.cif.gz,False,1
1SQW,A,A,176,0,1SQW.cif.gz,False,1
2KR6,A,A,176,0,2KR6.cif.gz,False,20
2N1I,A,A,176,0,2N1I.cif.gz,False,20
2L81,A,A,176,0,2L81.cif.gz,False,20
2F7N,A,A,176,0,2F7N.cif.gz,False,1
5Z7Q,A,A,176,0,5Z7Q.cif.gz,False,1
2MRI,A,A,176,0,2MRI.cif.gz,False,20
1NG2,A,A,176,0,1NG2.cif.gz,False,1
2L6G,A,A,176,0,2L6G.cif.gz,False,20
4P09,A,A,177,0,4P09.cif.gz,False,1
1ZJ6,A,A,177,0,1ZJ6.cif.gz,False,1
1AVU,A,A,177,0,1AVU.cif.gz,False,1
6I9B,A,A,177,0,6I9B.cif.gz,False,20
6NDV,A,B,177,0,6NDV.cif.gz,False,1
2LQ8,A,A,177,0,2LQ8.cif.gz,False,20
5OUW,A,A,177,0,5OUW.cif.gz,False,1
4WDC,A,A,177,0,4WDC.cif.gz,False,1
5E1L,A,A,177,0,5E1L.cif.gz,False,1
3FN7,A,A,177,0,3FN7.cif.gz,False,1
2HCU,A,A,177,0,2HCU.cif.gz,False,1
5VH1,A,A,177,0,5VH1.cif.gz,False,1
2F1S,A,A,177,0,2F1S.cif.gz,False,1
3FI7,A,A,177,0,3FI7.cif.gz,False,1
1YW5,A,A,177,0,1YW5.cif.gz,False,1
2O6R,A,A,177,0,2O6R.cif.gz,False,1
1O9Z,A,A,177,0,1O9Z.cif.gz,False,1
1S7K,A,A,177,0,1S7K.cif.gz,False,1
5U4U,A,A,178,0,5U4U.cif.gz,False,1
1MK3,A,A,178,0,1MK3.cif.gz,False,10
3OFJ,A,A,178,0,3OFJ.cif.gz,False,1
2LHF,A,A,178,0,2LHF.cif.gz,True,20
2LKC,A,A,178,0,2LKC.cif.gz,False,20
6T84,A,A,178,0,6T84.cif.gz,False,1
4UYT,A,A,178,0,4UYT.cif.gz,False,1
6Q44,A,A,178,0,6Q44.cif.gz,False,20
2NX2,A,A,178,0,2NX2.cif.gz,False,1
2ADZ,A,A,178,0,2ADZ.cif.gz,False,20
3WJT,A,A,178,0,3WJT.cif.gz,False,1
1YG2,A,A,178,0,1YG2.cif.gz,False,1
1CDY,A,A,178,0,1CDY.cif.gz,False,1
3PYW,A,A,178,0,3PYW.cif.gz,False,1
2K23,A,A,178,0,2K23.cif.gz,False,15
2JRF,A,A,178,0,2JRF.cif.gz,False,20
1NFA,A,A,178,0,1NFA.cif.gz,False,10
2MIM,A,A,178,0,2MIM.cif.gz,False,10
2KMA,A,A,178,0,2KMA.cif.gz,False,20
2JYZ,A,A,179,0,2JYZ.cif.gz,False,15
1JRL,A,A,179,0,1JRL.cif.gz,False,1
4JQF,A,A,179,0,4JQF.cif.gz,False,1
5UFY,A,A,179,0,5UFY.cif.gz,False,1
5UG1,A,A,179,0,5UG1.cif.gz,False,1
5O1T,A,A,179,0,5O1T.cif.gz,False,20
1NGL,A,A,179,0,1NGL.cif.gz,False,1
2N84,A,A,179,0,2N84.cif.gz,False,10
1QU6,A,A,179,0,1QU6.cif.gz,False,21
2YUH,A,A,179,0,2YUH.cif.gz,False,20
4JKZ,A,A,179,0,4JKZ.cif.gz,False,1
5W60,A,A,179,0,5W60.cif.gz,False,1
1ILW,A,A,179,0,1ILW.cif.gz,False,1
5XBU,A,A,179,0,5XBU.cif.gz,False,1
6AGW,A,A,179,0,6AGW.cif.gz,False,1
2IU1,A,A,179,0,2IU1.cif.gz,False,1
3RE9,A,A,179,0,3RE9.cif.gz,False,1
2JMR,A,A,179,0,2JMR.cif.gz,False,20
5CTA,A,A,179,0,5CTA.cif.gz,False,1
2QWT,A,A,179,0,2QWT.cif.gz,False,1
1EYL,A,A,179,0,1EYL.cif.gz,False,1
2HWX,A,A,179,0,2HWX.cif.gz,False,1
4Y0A,A,A,179,0,4Y0A.cif.gz,False,1
2MXX,A,A,179,0,2MXX.cif.gz,False,20
2Z2I,A,A,179,0,2Z2I.cif.gz,False,1
4RZ9,A,A,179,0,4RZ9.cif.gz,False,1
4RZA,A,A,179,0,4RZA.cif.gz,False,1
5M1H,A,A,180,0,5M1H.cif.gz,False,20
3R2P,A,A,180,0,3R2P.cif.gz,False,1
2FD5,A,A,180,0,2FD5.cif.gz,False,1
3COU,A,A,180,0,3COU.cif.gz,False,1
1KN3,A,A,180,0,1KN3.cif.gz,False,1
4MWG,A,A,180,0,4MWG.cif.gz,False,1
4ZM7,A,A,180,0,4ZM7.cif.gz,False,1
2OIX,A,A,180,0,2OIX.cif.gz,False,1
2I5H,A,A,180,0,2I5H.cif.gz,False,1
5XPW,A,A,180,0,5XPW.cif.gz,False,1
4P82,A,A,180,0,4P82.cif.gz,False,1
2LY1,A,A,180,0,2LY1.cif.gz,False,20
2YUD,A,A,180,0,2YUD.cif.gz,False,20
1L1Q,A,A,181,0,1L1Q.cif.gz,False,1
6EWH,A,A,181,0,6EWH.cif.gz,False,1
2SGA,A,A,181,0,2SGA.cif.gz,False,1
2J8K,A,A,181,0,2J8K.cif.gz,False,1
1P4S,A,A,181,0,1P4S.cif.gz,False,20
1YTQ,A,A,181,0,1YTQ.cif.gz,False,1
3AS8,A,A,181,0,3AS8.cif.gz,False,1
2XOV,A,A,181,0,2XOV.cif.gz,True,1
1ZON,A,A,181,0,1ZON.cif.gz,False,1
1M1H,A,A,182,0,1M1H.cif.gz,False,1
3KSN,A,A,182,0,3KSN.cif.gz,False,1
3VOR,A,A,182,0,3VOR.cif.gz,False,1
2MPO,A,A,182,0,2MPO.cif.gz,False,1
3JV1,A,A,182,0,3JV1.cif.gz,False,1
3MOK,A,A,182,0,3MOK.cif.gz,False,1
5HXF,A,A,182,0,5HXF.cif.gz,False,1
6FFS,A,A,182,0,6FFS.cif.gz,False,1
1BR9,A,A,182,0,1BR9.cif.gz,False,1
1ZNW,A,A,182,0,1ZNW.cif.gz,False,1
3ZC8,A,A,182,0,3ZC8.cif.gz,False,1
1W24,A,A,182,0,1W24.cif.gz,False,1
1QU5,A,A,182,0,1QU5.cif.gz,False,16
2YVN,A,A,182,0,2YVN.cif.gz,False,1
5Y30,A,A,182,0,5Y30.cif.gz,False,1
1N4C,A,A,182,0,1N4C.cif.gz,False,20
2LUZ,A,A,182,0,2LUZ.cif.gz,False,20
5H7F,A,A,182,0,5H7F.cif.gz,False,1
4N30,A,A,182,0,4N30.cif.gz,False,1
4LEU,A,A,182,0,4LEU.cif.gz,False,1
2OML,A,A,182,0,2OML.cif.gz,False,1
1YZB,A,A,182,0,1YZB.cif.gz,False,10
6CMY,A,A,182,0,6CMY.cif.gz,False,20
2KWB,A,A,183,0,2KWB.cif.gz,False,20
2L22,A,A,183,0,2L22.cif.gz,False,20
3KEY,A,A,183,0,3KEY.cif.gz,False,1
5NL8,A,A,183,0,5NL8.cif.gz,False,1
1DGU,A,A,183,0,1DGU.cif.gz,False,1
4BMC,A,A,183,0,4BMC.cif.gz,False,1
4K47,A,A,183,0,4K47.cif.gz,False,1
4MB6,A,A,183,0,4MB6.cif.gz,False,1
2EJB,A,A,183,0,2EJB.cif.gz,False,1
3PAC,A,A,183,0,3PAC.cif.gz,False,1
3VCO,A,A,183,0,3VCO.cif.gz,False,1
2K73,A,A,183,0,2K73.cif.gz,True,20
1EP0,A,A,183,0,1EP0.cif.gz,False,1
6KTY,A,A,183,0,6KTY.cif.gz,False,1
2ML8,A,A,183,0,2ML8.cif.gz,False,20
4JER,A,A,183,0,4JER.cif.gz,False,1
2HP7,A,A,183,0,2HP7.cif.gz,False,1
3UV9,A,A,183,0,3UV9.cif.gz,False,1
4MBB,A,A,184,0,4MBB.cif.gz,False,1
1GE9,A,A,184,0,1GE9.cif.gz,False,15
3UC9,A,A,184,0,3UC9.cif.gz,False,1
1EVS,A,A,184,0,1EVS.cif.gz,False,1
2DVP,A,A,184,0,2DVP.cif.gz,False,1
4DVC,A,A,184,0,4DVC.cif.gz,False,1
1VDX,A,A,184,0,1VDX.cif.gz,False,1
3PPW,A,A,184,0,3PPW.cif.gz,False,1
2L3Y,A,A,184,0,2L3Y.cif.gz,False,52
6AO9,A,A,184,0,6AO9.cif.gz,False,1
2OFM,A,X,184,0,2OFM.cif.gz,False,1
3CXP,A,A,184,0,3CXP.cif.gz,False,1
1MFN,A,A,184,0,1MFN.cif.gz,False,20
2JTY,A,A,184,0,2JTY.cif.gz,False,20
2JOK,A,A,184,0,2JOK.cif.gz,False,20
1Y88,A,A,184,0,1Y88.cif.gz,False,1
2GOV,A,A,184,0,2GOV.cif.gz,False,20
2HE3,A,A,185,0,2HE3.cif.gz,False,1
2LPC,A,A,185,0,2LPC.cif.gz,False,21
1R8N,A,A,185,0,1R8N.cif.gz,False,1
5KQJ,A,A,185,0,5KQJ.cif.gz,False,15
1AD6,A,A,185,0,1AD6.cif.gz,False,1
2LG1,A,A,185,0,2LG1.cif.gz,False,20
1XNB,A,A,185,0,1XNB.cif.gz,False,1
2LCJ,A,A,185,0,2LCJ.cif.gz,False,20
2KMV,A,A,185,0,2KMV.cif.gz,False,20
2LNU,A,A,185,0,2LNU.cif.gz,False,20
1CZ4,A,A,185,0,1CZ4.cif.gz,False,1
5TVD,A,A,185,0,5TVD.cif.gz,False,1
5FZU,A,A,185,0,5FZU.cif.gz,False,1
2E8B,A,A,185,0,2E8B.cif.gz,False,1
2YSZ,A,A,185,0,2YSZ.cif.gz,False,20
1IS1,A,A,185,0,1IS1.cif.gz,False,1
6KO8,A,A,185,0,6KO8.cif.gz,False,1
2M88,A,A,185,0,2M88.cif.gz,False,20
3L9S,A,A,185,0,3L9S.cif.gz,False,1
4JG2,A,A,185,0,4JG2.cif.gz,False,1
2P65,A,A,185,0,2P65.cif.gz,False,1
2KSV,A,A,185,0,2KSV.cif.gz,False,20
2RJ2,A,A,185,0,2RJ2.cif.gz,False,1
1GBS,A,A,185,0,1GBS.cif.gz,False,1
1U3B,A,A,185,0,1U3B.cif.gz,False,1
1JH7,A,A,185,0,1JH7.cif.gz,False,1
1EX7,A,A,186,0,1EX7.cif.gz,False,1
5LNN,A,A,186,0,5LNN.cif.gz,False,1
5YFG,A,A,186,0,5YFG.cif.gz,False,20
2JMZ,A,A,186,0,2JMZ.cif.gz,False,20
3FRR,A,A,186,0,3FRR.cif.gz,False,1
2KSE,A,A,186,0,2KSE.cif.gz,True,20
1JBJ,A,A,186,0,1JBJ.cif.gz,False,18
2P8T,A,A,186,0,2P8T.cif.gz,False,1
1NQY,A,A,186,0,1NQY.cif.gz,False,1
1S3V,A,A,186,0,1S3V.cif.gz,False,1
5MJR,A,A,186,0,5MJR.cif.gz,False,1
2XS6,A,A,186,0,2XS6.cif.gz,False,1
2B0A,A,A,186,0,2B0A.cif.gz,False,1
2MJN,A,A,186,0,2MJN.cif.gz,False,10
1N81,A,A,186,0,1N81.cif.gz,False,1
6IHG,A,A,186,0,6IHG.cif.gz,False,1
1YSQ,A,A,187,0,1YSQ.cif.gz,False,1
1E5U,A,I,187,0,1E5U.cif.gz,False,1
5X12,A,A,187,0,5X12.cif.gz,False,1
4H86,A,A,187,0,4H86.cif.gz,False,1
1KXL,A,A,187,0,1KXL.cif.gz,False,10
1DUJ,A,A,187,0,1DUJ.cif.gz,False,1
2OQO,A,A,187,0,2OQO.cif.gz,True,1
1LMZ,A,A,187,0,1LMZ.cif.gz,False,25
6DNM,A,A,187,0,6DNM.cif.gz,False,1
5FDB,A,A,187,0,5FDB.cif.gz,False,1
2DHS,A,A,187,0,2DHS.cif.gz,False,7
2GZO,A,A,187,0,2GZO.cif.gz,False,20
2RK3,A,A,187,0,2RK3.cif.gz,False,1
5X88,A,A,187,0,5X88.cif.gz,False,1
2KBF,A,A,187,0,2KBF.cif.gz,False,20
5M1F,A,A,187,0,5M1F.cif.gz,False,1
3Q3F,A,A,188,0,3Q3F.cif.gz,False,1
5VO5,A,A,188,0,5VO5.cif.gz,False,1
2K7P,A,A,188,0,2K7P.cif.gz,False,40
1P6F,A,A,188,0,1P6F.cif.gz,False,1
2RCI,A,A,188,0,2RCI.cif.gz,False,1
5VHU,A,A,188,0,5VHU.cif.gz,False,1
2DO8,A,A,188,0,2DO8.cif.gz,False,20
4TR4,A,A,188,0,4TR4.cif.gz,False,1
6Q3V,A,A,188,0,6Q3V.cif.gz,False,1
2GEE,A,A,188,0,2GEE.cif.gz,False,1
6J2Y,A,A,188,0,6J2Y.cif.gz,False,20
3SXW,A,A,188,0,3SXW.cif.gz,False,1
1UKF,A,A,188,0,1UKF.cif.gz,False,1
2OS0,A,A,188,0,2OS0.cif.gz,False,1
5EIQ,A,A,188,0,5EIQ.cif.gz,False,1
2D7J,A,A,188,0,2D7J.cif.gz,False,1
2L8B,A,A,189,0,2L8B.cif.gz,False,20
3RLN,A,A,189,0,3RLN.cif.gz,False,1
5OEM,A,A,189,0,5OEM.cif.gz,False,1
1TUA,A,A,189,0,1TUA.cif.gz,False,1
1P9H,A,A,189,0,1P9H.cif.gz,False,1
2K8P,A,A,189,0,2K8P.cif.gz,False,36
6CI2,A,A,189,0,6CI2.cif.gz,False,1
6ITA,A,A,189,0,6ITA.cif.gz,False,1
2QVK,A,A,189,0,2QVK.cif.gz,False,1
2E6M,A,A,189,0,2E6M.cif.gz,False,1
2JSW,A,A,189,0,2JSW.cif.gz,False,20
3EIZ,A,A,189,0,3EIZ.cif.gz,False,1
2I3B,A,A,189,0,2I3B.cif.gz,False,20
2YWD,A,A,189,0,2YWD.cif.gz,False,1
3SFT,A,A,189,0,3SFT.cif.gz,False,1
2MX1,A,A,189,0,2MX1.cif.gz,False,20
4XU6,A,A,189,0,4XU6.cif.gz,True,1
1EQ6,A,A,189,0,1EQ6.cif.gz,False,1
6U3R,A,A,190,0,6U3R.cif.gz,False,10
1IAP,A,A,190,0,1IAP.cif.gz,False,1
3A2Z,A,A,190,0,3A2Z.cif.gz,False,1
2RR8,A,A,190,0,2RR8.cif.gz,False,20
6F6O,A,A,190,0,6F6O.cif.gz,False,1
1DI6,A,A,190,0,1DI6.cif.gz,False,1
1BK7,A,A,190,0,1BK7.cif.gz,False,1
2MBT,A,A,190,0,2MBT.cif.gz,False,20
1MJS,A,A,190,0,1MJS.cif.gz,False,1
2KR9,A,A,190,0,2KR9.cif.gz,False,15
3TSS,A,A,190,0,3TSS.cif.gz,False,1
3FZE,A,A,190,0,3FZE.cif.gz,False,1
2YUJ,A,A,190,0,2YUJ.cif.gz,False,20
2R77,A,A,191,0,2R77.cif.gz,False,1
1F7C,A,A,191,0,1F7C.cif.gz,False,1
1RYB,A,A,191,0,1RYB.cif.gz,False,1
2LOK,A,A,191,0,2LOK.cif.gz,False,20
1V2X,A,A,191,0,1V2X.cif.gz,False,1
2LA3,A,A,191,0,2LA3.cif.gz,False,20
2K7Q,A,A,191,0,2K7Q.cif.gz,False,20
2GF5,A,A,191,0,2GF5.cif.gz,False,25
2K5G,A,A,191,0,2K5G.cif.gz,False,20
1Z6G,A,A,191,0,1Z6G.cif.gz,False,1
1HUW,A,A,191,0,1HUW.cif.gz,False,1
5MOA,A,A,192,0,5MOA.cif.gz,False,1
3PR1,A,A,192,0,3PR1.cif.gz,False,1
4EF5,A,A,192,0,4EF5.cif.gz,False,1
6BXD,A,A,192,0,6BXD.cif.gz,False,1
2MHL,A,A,192,0,2MHL.cif.gz,False,20
1X9G,A,A,192,0,1X9G.cif.gz,False,1
4JMI,A,A,192,0,4JMI.cif.gz,False,1
3HZ8,A,A,192,0,3HZ8.cif.gz,False,1
6DUW,A,A,192,0,6DUW.cif.gz,False,1
1S6L,A,A,192,0,1S6L.cif.gz,False,20
2NR9,A,A,192,0,2NR9.cif.gz,True,1
6P28,A,A,192,0,6P28.cif.gz,True,1
2N4X,A,A,192,0,2N4X.cif.gz,True,15
2X5N,A,A,192,0,2X5N.cif.gz,False,1
3B21,A,A,192,0,3B21.cif.gz,False,1
5XLJ,A,A,192,0,5XLJ.cif.gz,False,1
3VZ6,A,A,193,0,3VZ6.cif.gz,False,1
5DVH,A,A,193,0,5DVH.cif.gz,False,1
4TNN,A,A,193,0,4TNN.cif.gz,False,1
1U53,A,A,193,0,1U53.cif.gz,False,1
5NIO,A,A,193,0,5NIO.cif.gz,False,1
2RAE,A,A,193,0,2RAE.cif.gz,False,1
4BFC,A,A,193,0,4BFC.cif.gz,False,1
3KB5,A,A,193,0,3KB5.cif.gz,False,1
4U6N,A,A,193,0,4U6N.cif.gz,False,1
2M3V,A,A,193,0,2M3V.cif.gz,False,20
1TEV,A,A,194,0,1TEV.cif.gz,False,1
5C30,A,A,194,0,5C30.cif.gz,True,1
3R2I,A,A,194,0,3R2I.cif.gz,False,1
1MF7,A,A,194,0,1MF7.cif.gz,False,1
2Z0Z,A,A,194,0,2Z0Z.cif.gz,False,1
5YXM,A,A,194,0,5YXM.cif.gz,False,1
3UMF,A,A,194,0,3UMF.cif.gz,False,1
2VGA,A,A,194,0,2VGA.cif.gz,False,1
4HU2,A,A,194,0,4HU2.cif.gz,False,1
3R0R,A,A,194,0,3R0R.cif.gz,False,1
3P2T,A,A,194,0,3P2T.cif.gz,False,1
1SOU,A,A,194,0,1SOU.cif.gz,False,20
5WUC,A,A,194,0,5WUC.cif.gz,True,1
4ME2,A,A,194,0,4ME2.cif.gz,False,1
4YTE,A,A,194,0,4YTE.cif.gz,False,1
3P2F,A,A,194,0,3P2F.cif.gz,False,1
1EL4,A,A,194,0,1EL4.cif.gz,False,1
1AJE,A,A,194,0,1AJE.cif.gz,False,20
3B02,A,A,195,0,3B02.cif.gz,False,1
1DDB,A,A,195,0,1DDB.cif.gz,False,20
2KGL,A,A,195,0,2KGL.cif.gz,False,20
1NKR,A,A,195,0,1NKR.cif.gz,False,1
2KN6,A,A,195,0,2KN6.cif.gz,False,20
1UN2,A,A,195,0,1UN2.cif.gz,False,1
3CH4,A,B,195,0,3CH4.cif.gz,False,1
1UCT,A,A,195,0,1UCT.cif.gz,False,1
1YZF,A,A,195,0,1YZF.cif.gz,False,1
2YH0,A,A,195,0,2YH0.cif.gz,False,10
2ILL,A,A,195,0,2ILL.cif.gz,False,1
3ERB,A,A,195,0,3ERB.cif.gz,False,1
1Q56,A,A,195,0,1Q56.cif.gz,False,15
2I5D,A,A,195,0,2I5D.cif.gz,False,1
3SH4,A,A,195,0,3SH4.cif.gz,False,1
1YZV,A,A,195,0,1YZV.cif.gz,False,1
2NPO,A,A,195,0,2NPO.cif.gz,False,1
1QHV,A,A,195,0,1QHV.cif.gz,False,1
2KFW,A,A,196,0,2KFW.cif.gz,False,20
5LBP,A,A,196,0,5LBP.cif.gz,False,1
6JGU,A,A,196,0,6JGU.cif.gz,False,1
1P1D,A,A,196,0,1P1D.cif.gz,False,20
2AP3,A,A,196,0,2AP3.cif.gz,False,1
3C7X,A,A,196,0,3C7X.cif.gz,False,1
2MZB,A,A,196,0,2MZB.cif.gz,False,20
2OSA,A,A,196,0,2OSA.cif.gz,False,1
2P52,A,A,196,0,2P52.cif.gz,False,1
1R2D,A,A,196,0,1R2D.cif.gz,False,1
3GMF,A,A,196,0,3GMF.cif.gz,False,1
2BFW,A,A,196,0,2BFW.cif.gz,False,1
4AE7,A,A,196,0,4AE7.cif.gz,False,1
3FAN,A,A,197,0,3FAN.cif.gz,False,1
1CEX,A,A,197,0,1CEX.cif.gz,False,1
3ILC,A,A,197,0,3ILC.cif.gz,False,1
3BCH,A,A,197,0,3BCH.cif.gz,False,1
2MII,A,A,197,0,2MII.cif.gz,False,20
4IGI,A,A,197,0,4IGI.cif.gz,False,1
2V9R,A,A,197,0,2V9R.cif.gz,False,1
5EDL,A,A,197,0,5EDL.cif.gz,True,1
2JEX,A,A,197,0,2JEX.cif.gz,False,1
3EXV,A,A,197,0,3EXV.cif.gz,False,1
6NUI,A,A,198,0,6NUI.cif.gz,False,20
4Z3I,A,A,198,0,4Z3I.cif.gz,False,1
4QQ0,A,A,198,0,4QQ0.cif.gz,False,1
1TAL,A,A,198,0,1TAL.cif.gz,False,1
2PLW,A,A,198,0,2PLW.cif.gz,False,1
1QM9,A,A,198,0,1QM9.cif.gz,False,1
4W1U,A,A,198,0,4W1U.cif.gz,False,1
4WT3,A,A,198,0,4WT3.cif.gz,False,1
1CHD,A,A,198,0,1CHD.cif.gz,False,1
3L9U,A,A,199,0,3L9U.cif.gz,False,1
2MU3,A,A,199,0,2MU3.cif.gz,False,20
3B6E,A,A,199,0,3B6E.cif.gz,False,1
5NH1,A,A,199,0,5NH1.cif.gz,False,1
2L3T,A,A,199,0,2L3T.cif.gz,False,20
3HRA,A,A,199,0,3HRA.cif.gz,False,1
2KXF,A,A,199,0,2KXF.cif.gz,False,20
1RW5,A,A,199,0,1RW5.cif.gz,False,20
5JI7,A,A,199,0,5JI7.cif.gz,False,1
1RGP,A,A,199,0,1RGP.cif.gz,False,1
2MZV,A,A,199,0,2MZV.cif.gz,False,20
4K7E,A,A,199,0,4K7E.cif.gz,False,1
1AM2,A,A,199,0,1AM2.cif.gz,False,1
4L5Q,A,A,199,0,4L5Q.cif.gz,False,1
3K6N,A,A,199,0,3K6N.cif.gz,True,1
2YLF,A,A,199,0,2YLF.cif.gz,False,1
5NOI,A,A,200,0,5NOI.cif.gz,False,1
4TR5,A,A,200,0,4TR5.cif.gz,False,1
1I39,A,A,200,0,1I39.cif.gz,False,1
1SGW,A,A,200,0,1SGW.cif.gz,False,1
2GWM,A,A,200,0,2GWM.cif.gz,False,1
6L1M,A,A,200,0,6L1M.cif.gz,False,1
4HQF,A,A,200,0,4HQF.cif.gz,False,1
1IAD,A,A,200,0,1IAD.cif.gz,False,1
3W6R,A,A,200,0,3W6R.cif.gz,False,1
4DDP,A,A,200,0,4DDP.cif.gz,False,1
6FMX,A,A,201,0,6FMX.cif.gz,True,1
2C8B,A,X,201,0,2C8B.cif.gz,False,1
4TTR,A,A,201,0,4TTR.cif.gz,False,1
1PJZ,A,A,201,0,1PJZ.cif.gz,False,20
6AIB,A,A,201,0,6AIB.cif.gz,False,1
3P4L,A,A,201,0,3P4L.cif.gz,False,1
1IQV,A,A,201,0,1IQV.cif.gz,False,1
2QGZ,A,A,201,0,2QGZ.cif.gz,False,1
2JZC,A,A,201,0,2JZC.cif.gz,False,10
6EWY,A,A,201,0,6EWY.cif.gz,False,1
2YD6,A,A,201,0,2YD6.cif.gz,False,1
2HA1,A,A,201,0,2HA1.cif.gz,False,39
6BQS,A,A,201,0,6BQS.cif.gz,False,21
2RIS,A,A,202,0,2RIS.cif.gz,False,1
1R3B,A,A,202,0,1R3B.cif.gz,False,20
2KW5,A,A,202,0,2KW5.cif.gz,False,20
1MP2,A,A,202,0,1MP2.cif.gz,False,1
4JJO,A,A,202,0,4JJO.cif.gz,False,1
1DTO,A,A,202,0,1DTO.cif.gz,False,1
2BV7,A,A,202,0,2BV7.cif.gz,False,1
2GSQ,A,A,202,0,2GSQ.cif.gz,False,1
1IJB,A,A,202,0,1IJB.cif.gz,False,1
1KUU,A,A,202,0,1KUU.cif.gz,False,1
2MKJ,A,A,202,0,2MKJ.cif.gz,False,20
1V77,A,A,202,0,1V77.cif.gz,False,1
5H0Q,A,A,202,0,5H0Q.cif.gz,False,1
2K7N,A,A,203,0,2K7N.cif.gz,False,20
4INK,A,A,203,0,4INK.cif.gz,False,1
1SDO,A,A,203,0,1SDO.cif.gz,False,1
3KT2,A,A,203,0,3KT2.cif.gz,False,1
2VFY,A,A,203,0,2VFY.cif.gz,False,1
5DXZ,A,A,203,0,5DXZ.cif.gz,False,1
2MLW,A,A,203,0,2MLW.cif.gz,False,20
1CUK,A,A,203,0,1CUK.cif.gz,False,1
1Z0C,A,A,203,0,1Z0C.cif.gz,False,1
6I6B,A,A,203,0,6I6B.cif.gz,True,1
6GZ0,A,A,203,0,6GZ0.cif.gz,False,1
5DFK,A,A,203,0,5DFK.cif.gz,False,1
2EYY,A,A,204,0,2EYY.cif.gz,False,1
1ET9,A,A,204,0,1ET9.cif.gz,False,1
2OUJ,A,A,204,0,2OUJ.cif.gz,False,1
2HHI,A,A,204,0,2HHI.cif.gz,False,24
2VY6,A,A,204,0,2VY6.cif.gz,False,1
4PMR,A,A,204,0,4PMR.cif.gz,False,1
3EDU,A,A,204,0,3EDU.cif.gz,False,1
4B2F,A,A,204,0,4B2F.cif.gz,False,1
4D5C,A,A,204,0,4D5C.cif.gz,False,1
4BMH,A,A,204,0,4BMH.cif.gz,False,1
1U4E,A,A,204,0,1U4E.cif.gz,False,1
4M98,A,A,205,0,4M98.cif.gz,False,1
5H7T,A,A,205,0,5H7T.cif.gz,False,1
4EW1,A,A,205,0,4EW1.cif.gz,False,1
1NSJ,A,A,205,0,1NSJ.cif.gz,False,1
5LQ6,A,A,205,0,5LQ6.cif.gz,False,1
5TPI,A,A,205,0,5TPI.cif.gz,False,1
2LM3,A,A,205,0,2LM3.cif.gz,False,10
5EOV,A,A,205,0,5EOV.cif.gz,False,1
1BF8,A,A,205,0,1BF8.cif.gz,False,20
5OA9,A,A,205,0,5OA9.cif.gz,False,1
3SW3,A,A,205,0,3SW3.cif.gz,False,1
4K82,A,A,205,0,4K82.cif.gz,False,1
1XKR,A,A,205,0,1XKR.cif.gz,False,1
3W90,A,A,205,0,3W90.cif.gz,False,1
5Y08,A,A,205,0,5Y08.cif.gz,False,20
2ZCX,A,A,205,0,2ZCX.cif.gz,False,1
6EMR,A,A,206,0,6EMR.cif.gz,False,40
1GSM,A,A,206,0,1GSM.cif.gz,False,1
1AN8,A,A,206,0,1AN8.cif.gz,False,1
5AVG,A,A,206,0,5AVG.cif.gz,False,1
1TFB,A,A,206,0,1TFB.cif.gz,False,20
5O0T,A,A,206,0,5O0T.cif.gz,True,1
1QRF,A,A,206,0,1QRF.cif.gz,False,1
3O0P,A,A,206,0,3O0P.cif.gz,False,1
3KI0,A,A,206,0,3KI0.cif.gz,False,1
5MY3,A,A,206,0,5MY3.cif.gz,False,1
3IM6,A,A,206,0,3IM6.cif.gz,False,1
1S2B,A,A,206,0,1S2B.cif.gz,False,1
5LD0,A,A,206,0,5LD0.cif.gz,False,1
1SGL,A,A,206,0,1SGL.cif.gz,False,1
2FZ4,A,A,206,0,2FZ4.cif.gz,False,1
1MIX,A,A,206,0,1MIX.cif.gz,False,1
4JZ5,A,A,206,0,4JZ5.cif.gz,False,1
1N3H,A,A,207,0,1N3H.cif.gz,False,1
1H2F,A,A,207,0,1H2F.cif.gz,False,1
2G7E,A,A,207,0,2G7E.cif.gz,False,1
3IG0,A,A,207,0,3IG0.cif.gz,False,1
4B6V,A,A,207,0,4B6V.cif.gz,False,10
6M9M,A,A,207,0,6M9M.cif.gz,False,1
2DCH,A,X,207,0,2DCH.cif.gz,False,1
2GXU,A,A,207,0,2GXU.cif.gz,False,1
4PGR,A,A,207,0,4PGR.cif.gz,True,1
3BOR,A,A,207,0,3BOR.cif.gz,False,1
5T5S,A,A,207,0,5T5S.cif.gz,False,1
4PBO,A,A,207,0,4PBO.cif.gz,False,1
2PB7,A,A,207,0,2PB7.cif.gz,False,1
3ZQU,A,A,207,0,3ZQU.cif.gz,False,1
2HLY,A,A,207,0,2HLY.cif.gz,False,1
1OTM,A,A,207,0,1OTM.cif.gz,False,1
1BS9,A,A,207,0,1BS9.cif.gz,False,1
1JSX,A,A,207,0,1JSX.cif.gz,False,1
4AAJ,A,A,207,0,4AAJ.cif.gz,False,1
1WM5,A,A,207,0,1WM5.cif.gz,False,1
5A9C,A,A,207,0,5A9C.cif.gz,False,1
2CL3,A,A,207,0,2CL3.cif.gz,False,1
4Q4G,A,X,207,0,4Q4G.cif.gz,False,1
2EVZ,A,A,208,0,2EVZ.cif.gz,False,20
4NQT,A,A,208,0,4NQT.cif.gz,False,1
1ZC1,A,A,208,0,1ZC1.cif.gz,False,15
4AU1,A,A,208,0,4AU1.cif.gz,False,1
5A4A,A,A,208,0,5A4A.cif.gz,False,1
1DIX,A,A,208,0,1DIX.cif.gz,False,1
3MX1,A,A,208,0,3MX1.cif.gz,False,1
3NE0,A,A,208,0,3NE0.cif.gz,False,1
1JCU,A,A,208,0,1JCU.cif.gz,False,20
2VGE,A,A,208,0,2VGE.cif.gz,False,1
1IMJ,A,A,208,0,1IMJ.cif.gz,False,1
1F5X,A,A,208,0,1F5X.cif.gz,False,20
2FL7,A,A,208,0,2FL7.cif.gz,False,1
2MSN,A,A,208,0,2MSN.cif.gz,False,20
1FP5,A,A,208,0,1FP5.cif.gz,False,1
3DLM,A,A,208,0,3DLM.cif.gz,False,1
3ERF,A,A,208,0,3ERF.cif.gz,False,1
5J80,A,A,208,0,5J80.cif.gz,False,1
6AVX,A,A,208,0,6AVX.cif.gz,False,1
4BH9,A,A,209,0,4BH9.cif.gz,False,20
5A9B,A,A,209,0,5A9B.cif.gz,False,1
4U4H,A,A,209,0,4U4H.cif.gz,False,1
5YDV,A,A,209,0,5YDV.cif.gz,False,1
3F6F,A,A,209,0,3F6F.cif.gz,False,1
1QNX,A,A,209,0,1QNX.cif.gz,False,1
1IM4,A,A,209,0,1IM4.cif.gz,False,1
2ERF,A,A,209,0,2ERF.cif.gz,False,1
1BY1,A,A,209,0,1BY1.cif.gz,False,20
6IO9,A,A,209,0,6IO9.cif.gz,False,1
2GAR,A,A,209,0,2GAR.cif.gz,False,1
2P0K,A,A,209,0,2P0K.cif.gz,False,1
2EE4,A,A,209,0,2EE4.cif.gz,False,20
5M4S,A,A,209,0,5M4S.cif.gz,False,1
4V0P,A,A,209,0,4V0P.cif.gz,False,1
3L39,A,A,209,0,3L39.cif.gz,False,1
2K0L,A,A,210,0,2K0L.cif.gz,True,20
3TUA,A,A,210,0,3TUA.cif.gz,False,1
2Z84,A,A,210,0,2Z84.cif.gz,False,1
2QHT,A,A,210,0,2QHT.cif.gz,False,1
1KZF,A,A,210,0,1KZF.cif.gz,False,1
5VTL,A,A,210,0,5VTL.cif.gz,False,1
6MFK,A,A,210,0,6MFK.cif.gz,False,1
4R9P,A,A,210,0,4R9P.cif.gz,False,1
2R57,A,A,210,0,2R57.cif.gz,False,1
4DBD,A,A,210,0,4DBD.cif.gz,False,1
5OJ8,A,A,210,0,5OJ8.cif.gz,False,1
3KZX,A,A,210,0,3KZX.cif.gz,False,1
4EA9,A,A,210,0,4EA9.cif.gz,False,1
4Y6W,A,A,211,0,4Y6W.cif.gz,False,1
1WJ9,A,A,211,0,1WJ9.cif.gz,False,1
2GT3,A,A,211,0,2GT3.cif.gz,False,20
1L0B,A,A,211,0,1L0B.cif.gz,False,1
5D9T,A,A,211,0,5D9T.cif.gz,False,1
4IBN,A,A,211,0,4IBN.cif.gz,False,1
1S35,A,A,211,0,1S35.cif.gz,False,1
6MHH,A,A,211,0,6MHH.cif.gz,False,1
4Z85,A,A,211,0,4Z85.cif.gz,False,1
5HFG,A,A,211,0,5HFG.cif.gz,False,1
1DZF,A,A,211,0,1DZF.cif.gz,False,1
1FZT,A,A,211,0,1FZT.cif.gz,False,21
5TJA,A,A,212,0,5TJA.cif.gz,True,1
2X27,A,X,212,0,2X27.cif.gz,True,1
3OQV,A,A,212,0,3OQV.cif.gz,False,1
1ES9,A,A,212,0,1ES9.cif.gz,False,1
6MVI,A,A,212,0,6MVI.cif.gz,False,1
6GGP,A,A,212,0,6GGP.cif.gz,False,1
1N6U,A,A,212,0,1N6U.cif.gz,False,22
1OJQ,A,A,212,0,1OJQ.cif.gz,False,1
1I6A,A,A,212,0,1I6A.cif.gz,False,1
2IUE,A,A,212,0,2IUE.cif.gz,False,20
5ZBT,A,A,212,0,5ZBT.cif.gz,False,1
1ZD8,A,A,212,0,1ZD8.cif.gz,False,1
1ENF,A,A,212,0,1ENF.cif.gz,False,1
2MKH,A,A,212,0,2MKH.cif.gz,False,20
1YHP,A,A,212,0,1YHP.cif.gz,False,10
3GNU,A,P,212,0,3GNU.cif.gz,False,1
3AUF,A,A,212,0,3AUF.cif.gz,False,1
4X5U,A,A,213,0,4X5U.cif.gz,False,1
4JNF,A,A,213,0,4JNF.cif.gz,False,1
1MV3,A,A,213,0,1MV3.cif.gz,False,20
1IO2,A,A,213,0,1IO2.cif.gz,False,1
4PYI,A,A,213,0,4PYI.cif.gz,False,1
5WL5,A,A,213,0,5WL5.cif.gz,False,1
1CJS,A,A,213,0,1CJS.cif.gz,False,1
1QZ4,A,A,213,0,1QZ4.cif.gz,False,1
4F80,A,A,213,0,4F80.cif.gz,False,1
1MO7,A,A,213,0,1MO7.cif.gz,False,20
5MMO,A,A,213,0,5MMO.cif.gz,False,1
2IBB,A,A,213,0,2IBB.cif.gz,False,1
1BAM,A,A,213,0,1BAM.cif.gz,False,1
3QC1,A,A,213,0,3QC1.cif.gz,False,1
2YCD,A,A,213,0,2YCD.cif.gz,False,1
1SFS,A,A,213,0,1SFS.cif.gz,False,1
2FBQ,A,A,213,0,2FBQ.cif.gz,False,1
4FUV,A,A,213,0,4FUV.cif.gz,False,1
4NTZ,A,A,213,0,4NTZ.cif.gz,False,1
4M5B,A,A,214,0,4M5B.cif.gz,True,1
2WJR,A,A,214,0,2WJR.cif.gz,True,1
3M3H,A,A,214,0,3M3H.cif.gz,False,1
3TG8,A,A,214,0,3TG8.cif.gz,False,1
5EWO,A,A,214,0,5EWO.cif.gz,False,1
2D4X,A,A,214,0,2D4X.cif.gz,False,1
2OSE,A,A,214,0,2OSE.cif.gz,False,1
6RZE,A,A,214,0,6RZE.cif.gz,False,1
5F1S,A,A,214,0,5F1S.cif.gz,False,1
1QRJ,A,A,214,0,1QRJ.cif.gz,False,20
3VZH,A,A,214,0,3VZH.cif.gz,False,1
4CBE,A,A,214,0,4CBE.cif.gz,False,1
2F7B,A,A,214,0,2F7B.cif.gz,False,1
2FM9,A,A,215,0,2FM9.cif.gz,False,1
1P3C,A,A,215,0,1P3C.cif.gz,False,1
2L6F,A,A,215,0,2L6F.cif.gz,False,20
2N03,A,A,215,0,2N03.cif.gz,False,20
5K9A,A,A,215,0,5K9A.cif.gz,False,1
5XFT,A,A,215,0,5XFT.cif.gz,False,1
1SUR,A,A,215,0,1SUR.cif.gz,False,1
1K49,A,A,215,0,1K49.cif.gz,False,1
4QPT,A,A,215,0,4QPT.cif.gz,False,1
1TTE,A,A,215,0,1TTE.cif.gz,False,21
1G7O,A,A,215,0,1G7O.cif.gz,False,21
1JG2,A,A,215,0,1JG2.cif.gz,False,1
6A4C,A,A,215,0,6A4C.cif.gz,False,20
1TOL,A,A,216,0,1TOL.cif.gz,False,1
3VNF,A,A,216,0,3VNF.cif.gz,False,1
6F2X,A,A,216,0,6F2X.cif.gz,False,20
3CTA,A,A,216,0,3CTA.cif.gz,False,1
5ZQI,A,A,216,0,5ZQI.cif.gz,False,1
4NUX,A,A,216,0,4NUX.cif.gz,False,1
2PHC,A,B,216,0,2PHC.cif.gz,False,1
1MXS,A,A,216,0,1MXS.cif.gz,False,1
2AFR,A,A,216,0,2AFR.cif.gz,False,1
1P88,A,A,216,0,1P88.cif.gz,False,11
5VQJ,A,A,216,0,5VQJ.cif.gz,False,1
3I87,A,A,216,0,3I87.cif.gz,False,1
4NU2,A,A,216,0,4NU2.cif.gz,False,1
6PYM,A,A,216,0,6PYM.cif.gz,False,1
1HAR,A,A,216,0,1HAR.cif.gz,False,1
4JMN,A,A,216,0,4JMN.cif.gz,False,1
2KRG,A,A,216,0,2KRG.cif.gz,False,20
2MMC,A,A,216,0,2MMC.cif.gz,False,10
5YFK,A,A,217,0,5YFK.cif.gz,False,1
3LGU,A,A,217,0,3LGU.cif.gz,False,1
5AE0,A,A,217,0,5AE0.cif.gz,False,1
2NRT,A,A,217,0,2NRT.cif.gz,False,1
5YGB,A,A,217,0,5YGB.cif.gz,False,1
2JAY,A,A,217,0,2JAY.cif.gz,False,1
1V8E,A,A,217,0,1V8E.cif.gz,False,1
1IEZ,A,A,217,0,1IEZ.cif.gz,False,10
1C1K,A,A,217,0,1C1K.cif.gz,False,1
1JFX,A,A,217,0,1JFX.cif.gz,False,1
2GPQ,A,A,217,0,2GPQ.cif.gz,False,10
1B4P,A,A,217,0,1B4P.cif.gz,False,1
4FQE,A,A,217,0,4FQE.cif.gz,True,1
5GLX,A,A,217,0,5GLX.cif.gz,False,1
3AJC,A,A,218,0,3AJC.cif.gz,False,1
6QNV,A,A,218,0,6QNV.cif.gz,False,1
2FUK,A,A,218,0,2FUK.cif.gz,False,1
3QV0,A,A,218,0,3QV0.cif.gz,False,1
4FD6,A,A,218,0,4FD6.cif.gz,False,1
4AXZ,A,A,218,0,4AXZ.cif.gz,False,1
5N6R,A,A,218,0,5N6R.cif.gz,False,20
4Q7K,A,A,218,0,4Q7K.cif.gz,True,1
4JZC,A,A,218,0,4JZC.cif.gz,False,1
2ODU,A,A,218,0,2ODU.cif.gz,False,1
2HFT,A,A,218,0,2HFT.cif.gz,False,1
4X1O,A,A,219,0,4X1O.cif.gz,False,1
3WY8,A,A,219,0,3WY8.cif.gz,False,1
5JPA,A,A,219,0,5JPA.cif.gz,False,1
3QAP,A,A,219,0,3QAP.cif.gz,True,1
3O16,A,A,219,0,3O16.cif.gz,False,1
3QAV,A,A,219,0,3QAV.cif.gz,False,1
4U9S,A,C,219,0,4U9S.cif.gz,True,1
3VP7,A,A,219,0,3VP7.cif.gz,False,1
4Y1W,A,A,220,0,4Y1W.cif.gz,False,1
2MOU,A,A,220,0,2MOU.cif.gz,False,20
4NCD,A,A,220,0,4NCD.cif.gz,False,1
3C38,A,A,220,0,3C38.cif.gz,False,1
2LVV,A,A,220,0,2LVV.cif.gz,False,10
3INP,A,A,220,0,3INP.cif.gz,False,1
5HXN,A,A,220,0,5HXN.cif.gz,False,1
3A7S,A,A,220,0,3A7S.cif.gz,False,1
4FHZ,A,A,220,0,4FHZ.cif.gz,False,1
1WNH,A,A,220,0,1WNH.cif.gz,False,1
1MW7,A,A,220,0,1MW7.cif.gz,False,1
1AK2,A,A,220,0,1AK2.cif.gz,False,1
1D1D,A,A,220,0,1D1D.cif.gz,False,20
3KG4,A,A,221,0,3KG4.cif.gz,False,1
5F18,A,A,221,0,5F18.cif.gz,False,1
3PKV,A,A,221,0,3PKV.cif.gz,False,1
6Q6E,A,A,221,0,6Q6E.cif.gz,False,10
4UUC,A,A,221,0,4UUC.cif.gz,False,1
4UML,A,A,221,0,4UML.cif.gz,False,1
5EKZ,A,A,221,0,5EKZ.cif.gz,False,1
3VL8,A,A,221,0,3VL8.cif.gz,False,1
1DV7,A,A,221,0,1DV7.cif.gz,False,1
2I9I,A,A,221,0,2I9I.cif.gz,False,1
6M97,A,A,221,0,6M97.cif.gz,True,1
2N62,A,L,221,0,2N62.cif.gz,False,3
2RFA,A,A,222,0,2RFA.cif.gz,False,1
3U0V,A,A,222,0,3U0V.cif.gz,False,1
3KR9,A,A,222,0,3KR9.cif.gz,False,1
6ISA,A,A,222,0,6ISA.cif.gz,False,1
1OA4,A,A,222,0,1OA4.cif.gz,False,1
3FTJ,A,A,222,0,3FTJ.cif.gz,False,1
5A24,A,A,222,0,5A24.cif.gz,False,1
3T9L,A,A,222,0,3T9L.cif.gz,False,1
1TGN,A,A,222,0,1TGN.cif.gz,False,1
2A6Z,A,A,222,0,2A6Z.cif.gz,False,1
1BOL,A,A,222,0,1BOL.cif.gz,False,1
2I3E,A,A,222,0,2I3E.cif.gz,False,10
1QHL,A,A,222,0,1QHL.cif.gz,False,1
1H99,A,A,222,0,1H99.cif.gz,False,1
5KWM,A,A,222,0,5KWM.cif.gz,False,1
2AHN,A,A,222,0,2AHN.cif.gz,False,1
1E2X,A,A,222,0,1E2X.cif.gz,False,1
2YHC,A,A,223,0,2YHC.cif.gz,True,1
3GD8,A,A,223,0,3GD8.cif.gz,True,1
2GAU,A,A,223,0,2GAU.cif.gz,False,1
3WO9,A,A,223,0,3WO9.cif.gz,False,1
6TZX,A,A,223,0,6TZX.cif.gz,False,1
2LCU,A,A,223,0,2LCU.cif.gz,False,15
4Z5S,A,A,223,0,4Z5S.cif.gz,False,1
4PSD,A,A,223,0,4PSD.cif.gz,False,1
3CKF,A,A,223,0,3CKF.cif.gz,False,1
1OIS,A,A,223,0,1OIS.cif.gz,False,1
1GY0,A,A,223,0,1GY0.cif.gz,False,1
1KS5,A,A,223,0,1KS5.cif.gz,False,1
1UAI,A,A,223,0,1UAI.cif.gz,False,1
5B5H,A,A,223,0,5B5H.cif.gz,False,1
1GVL,A,A,223,0,1GVL.cif.gz,False,1
1Q3T,A,A,223,0,1Q3T.cif.gz,False,1
6DR3,A,A,223,0,6DR3.cif.gz,False,1
1UOH,A,A,223,0,1UOH.cif.gz,False,1
1U7U,A,A,224,0,1U7U.cif.gz,False,1
5ZFH,A,A,224,0,5ZFH.cif.gz,False,1
1TJE,A,A,224,0,1TJE.cif.gz,False,1
5NN1,A,A,224,0,5NN1.cif.gz,False,1
6JO0,A,A,224,0,6JO0.cif.gz,True,1
2ZZ9,A,A,224,0,2ZZ9.cif.gz,True,1
5VKV,A,A,224,0,5VKV.cif.gz,True,10
2QQ9,A,A,224,0,2QQ9.cif.gz,False,1
3WP9,A,A,224,0,3WP9.cif.gz,False,1
4KDC,A,A,224,0,4KDC.cif.gz,False,1
1PQ7,A,A,224,0,1PQ7.cif.gz,False,1
2JO7,A,A,224,0,2JO7.cif.gz,False,10
5OJX,A,A,224,0,5OJX.cif.gz,False,1
5EDJ,A,A,224,0,5EDJ.cif.gz,False,1
2JMU,A,A,224,0,2JMU.cif.gz,False,20
2MPH,A,A,224,0,2MPH.cif.gz,False,20
1BYI,A,A,224,0,1BYI.cif.gz,False,1
6TZO,A,A,224,0,6TZO.cif.gz,False,1
5B0T,A,A,224,0,5B0T.cif.gz,False,1
5OWG,A,A,224,0,5OWG.cif.gz,False,1
1D2T,A,A,224,0,1D2T.cif.gz,False,1
6KRY,A,A,224,0,6KRY.cif.gz,False,1
1YGS,A,A,225,0,1YGS.cif.gz,False,1
1CKE,A,A,225,0,1CKE.cif.gz,False,1
4EUG,A,A,225,0,4EUG.cif.gz,False,1
5ZKN,A,A,225,0,5ZKN.cif.gz,False,1
2L5A,A,A,225,0,2L5A.cif.gz,False,20
6GYH,A,A,225,0,6GYH.cif.gz,True,1
5ZLE,A,A,225,0,5ZLE.cif.gz,True,1
5DDV,A,A,225,0,5DDV.cif.gz,False,1
1XIO,A,A,226,0,1XIO.cif.gz,True,1
1O1Z,A,A,226,0,1O1Z.cif.gz,False,1
1IIW,A,A,226,0,1IIW.cif.gz,False,1
5BOI,A,A,226,0,5BOI.cif.gz,False,1
6NI4,A,A,226,0,6NI4.cif.gz,False,1
1UCH,A,A,226,0,1UCH.cif.gz,False,1
2AFJ,A,A,226,0,2AFJ.cif.gz,False,20
2KBE,A,A,226,0,2KBE.cif.gz,False,20
5NR1,A,A,226,0,5NR1.cif.gz,False,1
5NAZ,A,A,226,0,5NAZ.cif.gz,False,1
6IYX,A,A,226,0,6IYX.cif.gz,True,1
3BVS,A,A,227,0,3BVS.cif.gz,False,1
2ZFY,A,A,227,0,2ZFY.cif.gz,False,1
4G54,A,A,227,0,4G54.cif.gz,False,1
3K6Y,A,A,227,0,3K6Y.cif.gz,False,1
4MYB,A,A,227,0,4MYB.cif.gz,False,1
3U55,A,A,227,0,3U55.cif.gz,False,1
1G8A,A,A,227,0,1G8A.cif.gz,False,1
4Y5J,A,A,227,0,4Y5J.cif.gz,False,1
3R9K,A,A,227,0,3R9K.cif.gz,False,1
2FXQ,A,A,227,0,2FXQ.cif.gz,False,1
4PIA,A,A,227,0,4PIA.cif.gz,False,1
5ZIM,A,A,228,0,5ZIM.cif.gz,True,1
3H7M,A,A,228,0,3H7M.cif.gz,False,1
1K1A,A,A,228,0,1K1A.cif.gz,False,1
1UDG,A,A,228,0,1UDG.cif.gz,False,1
3WP4,A,A,228,0,3WP4.cif.gz,False,1
4WPK,A,A,228,0,4WPK.cif.gz,False,1
1GV9,A,A,228,0,1GV9.cif.gz,False,1
2ZBS,A,A,228,0,2ZBS.cif.gz,False,1
4J2P,A,A,228,0,4J2P.cif.gz,False,1
4ECC,A,A,228,0,4ECC.cif.gz,False,1
2K18,A,A,228,0,2K18.cif.gz,False,10
4ERN,A,A,229,0,4ERN.cif.gz,False,1
4EEK,A,A,229,0,4EEK.cif.gz,False,1
1YHH,A,A,229,0,1YHH.cif.gz,False,1
4RXV,A,A,229,0,4RXV.cif.gz,False,1
1GPP,A,A,229,0,1GPP.cif.gz,False,1
1IXV,A,A,229,0,1IXV.cif.gz,False,1
6BZS,A,A,230,0,6BZS.cif.gz,False,1
1A41,A,A,230,0,1A41.cif.gz,False,1
5J4L,A,A,230,0,5J4L.cif.gz,False,1
5HC6,A,A,230,0,5HC6.cif.gz,False,1
5V7O,A,A,230,0,5V7O.cif.gz,False,1
4B89,A,A,230,0,4B89.cif.gz,False,1
4MF7,A,A,230,0,4MF7.cif.gz,False,1
1SH6,A,A,230,0,1SH6.cif.gz,False,1
3PG4,A,A,230,0,3PG4.cif.gz,False,1
5LJA,A,A,230,0,5LJA.cif.gz,True,1
5JEQ,A,A,230,0,5JEQ.cif.gz,True,1
5MQH,A,A,231,0,5MQH.cif.gz,False,1
4V10,A,A,231,0,4V10.cif.gz,False,20
4DA7,A,A,231,0,4DA7.cif.gz,False,1
5COH,A,A,231,0,5COH.cif.gz,False,1
4P54,A,A,231,0,4P54.cif.gz,False,1
2M64,A,A,231,0,2M64.cif.gz,False,10
2ZGC,A,A,231,0,2ZGC.cif.gz,False,1
2PET,A,A,231,0,2PET.cif.gz,False,1
4C3Z,A,A,231,0,4C3Z.cif.gz,False,1
3DG9,A,A,232,0,3DG9.cif.gz,False,1
1ORF,A,A,232,0,1ORF.cif.gz,False,1
4FNB,A,A,232,0,4FNB.cif.gz,False,1
5MPI,A,A,232,0,5MPI.cif.gz,False,1
4E16,A,A,232,0,4E16.cif.gz,False,1
3WO6,A,A,232,0,3WO6.cif.gz,True,1
1XXG,A,A,233,0,1XXG.cif.gz,False,1
2Z42,A,A,233,0,2Z42.cif.gz,False,1
1YJE,A,A,233,0,1YJE.cif.gz,False,1
4P92,A,A,233,0,4P92.cif.gz,False,1
1P9Q,A,C,233,0,1P9Q.cif.gz,False,1
4M9K,A,A,233,0,4M9K.cif.gz,False,1
1SCZ,A,A,233,0,1SCZ.cif.gz,False,1
1Y6I,A,A,233,0,1Y6I.cif.gz,False,1
2O9G,A,A,233,0,2O9G.cif.gz,True,1
2MAF,A,A,233,0,2MAF.cif.gz,True,20
2E3S,A,A,234,0,2E3S.cif.gz,False,1
2XLG,A,A,234,0,2XLG.cif.gz,False,1
4DAP,A,A,234,0,4DAP.cif.gz,False,1
4W8Q,A,A,234,0,4W8Q.cif.gz,False,1
5H0J,A,A,234,0,5H0J.cif.gz,False,1
2EYI,A,A,234,0,2EYI.cif.gz,False,1
3WQJ,A,A,234,0,3WQJ.cif.gz,True,1
5EIK,A,A,234,0,5EIK.cif.gz,True,1
5AX0,A,A,234,0,5AX0.cif.gz,True,1
2G5X,A,A,234,0,2G5X.cif.gz,False,1
2X47,A,A,235,0,2X47.cif.gz,False,1
5LVZ,A,A,235,0,5LVZ.cif.gz,False,1
5NNH,A,A,235,0,5NNH.cif.gz,False,1
4JMP,A,A,235,0,4JMP.cif.gz,False,1
6F4M,A,A,235,0,6F4M.cif.gz,False,1
4OXP,A,A,235,0,4OXP.cif.gz,False,1
2X8X,A,X,235,0,2X8X.cif.gz,True,1
2WNK,A,A,235,0,2WNK.cif.gz,False,1
1FX2,A,A,235,0,1FX2.cif.gz,False,1
4QYX,A,A,235,0,4QYX.cif.gz,False,1
2L6X,A,A,235,0,2L6X.cif.gz,True,20
3D9H,A,A,235,0,3D9H.cif.gz,False,1
5E0N,A,X,236,0,5E0N.cif.gz,False,1
4QMH,A,A,236,0,4QMH.cif.gz,False,1
3DSH,A,A,236,0,3DSH.cif.gz,False,1
4LFU,A,A,236,0,4LFU.cif.gz,False,1
3O3T,A,A,236,0,3O3T.cif.gz,False,1
1QCD,A,A,236,0,1QCD.cif.gz,False,1
5X5V,A,A,236,0,5X5V.cif.gz,False,1
6FSF,A,A,236,0,6FSF.cif.gz,False,1
5C2M,A,A,237,0,5C2M.cif.gz,False,1
3DU1,A,X,237,0,3DU1.cif.gz,False,1
3CJW,A,A,237,0,3CJW.cif.gz,False,1
4NFE,A,A,237,0,4NFE.cif.gz,False,1
5WJP,A,A,237,0,5WJP.cif.gz,False,1
3GYP,A,A,237,0,3GYP.cif.gz,False,1
2HOQ,A,A,237,0,2HOQ.cif.gz,False,1
1DQ0,A,A,237,0,1DQ0.cif.gz,False,1
1WR2,A,A,237,0,1WR2.cif.gz,False,1
1AL3,A,A,237,0,1AL3.cif.gz,False,1
5G3X,A,A,237,0,5G3X.cif.gz,False,1
3CN5,A,A,237,0,3CN5.cif.gz,True,1
3PHS,A,A,238,0,3PHS.cif.gz,False,1
5I32,A,A,238,0,5I32.cif.gz,True,1
3SEB,A,A,238,0,3SEB.cif.gz,False,1
2ANY,A,A,238,0,2ANY.cif.gz,False,1
2Y2Z,A,A,238,0,2Y2Z.cif.gz,False,1
4I62,A,A,238,0,4I62.cif.gz,False,1
4FBZ,A,A,238,0,4FBZ.cif.gz,True,1
2LAO,A,A,238,0,2LAO.cif.gz,False,1
4N77,A,A,238,0,4N77.cif.gz,False,1
5W2G,A,A,238,0,5W2G.cif.gz,False,1
1BEC,A,A,238,0,1BEC.cif.gz,False,1
1Z3Y,A,A,238,0,1Z3Y.cif.gz,False,1
5UMS,A,A,238,0,5UMS.cif.gz,False,1
1VPL,A,A,238,0,1VPL.cif.gz,False,1
1XDZ,A,A,239,0,1XDZ.cif.gz,False,1
4PII,A,A,239,0,4PII.cif.gz,False,1
5V3Q,A,A,239,0,5V3Q.cif.gz,False,1
1X1E,A,A,239,0,1X1E.cif.gz,False,1
1E59,A,A,239,0,1E59.cif.gz,False,1
6K93,A,A,239,0,6K93.cif.gz,False,1
5AOY,A,A,239,0,5AOY.cif.gz,False,1
4LON,A,B,239,0,4LON.cif.gz,False,1
1MZA,A,A,240,0,1MZA.cif.gz,False,1
6UXF,A,A,240,0,6UXF.cif.gz,False,1
3FTD,A,A,240,0,3FTD.cif.gz,False,1
4EO9,A,A,240,0,4EO9.cif.gz,False,1
4K2O,A,A,240,0,4K2O.cif.gz,False,1
4RVC,A,A,240,0,4RVC.cif.gz,False,1
3H13,A,A,240,0,3H13.cif.gz,False,1
5AVD,A,A,240,0,5AVD.cif.gz,False,1
6MWD,A,B,240,0,6MWD.cif.gz,True,1
4RAX,A,A,240,0,4RAX.cif.gz,True,1
3DYI,A,A,240,0,3DYI.cif.gz,False,1
1EAX,A,A,241,0,1EAX.cif.gz,False,1
5A8T,A,A,241,0,5A8T.cif.gz,False,1
6JDP,A,A,241,0,6JDP.cif.gz,False,1
5N2P,A,A,241,0,5N2P.cif.gz,False,1
5UFB,A,A,241,0,5UFB.cif.gz,False,1
3C02,A,A,242,0,3C02.cif.gz,True,1
2JAF,A,A,242,0,2JAF.cif.gz,True,1
4E1S,A,A,242,0,4E1S.cif.gz,True,1
4E8B,A,A,242,0,4E8B.cif.gz,False,1
3K9G,A,A,242,0,3K9G.cif.gz,False,1
1DUA,A,A,242,0,1DUA.cif.gz,False,1
1TQH,A,A,242,0,1TQH.cif.gz,False,1
5YWZ,A,A,242,0,5YWZ.cif.gz,False,1
3KVD,A,D,242,0,3KVD.cif.gz,False,1
5C10,A,A,242,0,5C10.cif.gz,False,1
5Y6F,A,A,242,0,5Y6F.cif.gz,False,1
2RON,A,A,242,0,2RON.cif.gz,False,20
2A6Y,A,A,242,0,2A6Y.cif.gz,False,1
6NIF,A,A,242,0,6NIF.cif.gz,False,1
1RV9,A,A,242,0,1RV9.cif.gz,False,1
2WA5,A,A,243,0,2WA5.cif.gz,False,1
3I4H,A,X,243,0,3I4H.cif.gz,False,1
3I94,A,A,243,0,3I94.cif.gz,False,1
4FBN,A,A,243,0,4FBN.cif.gz,False,1
1QX3,A,A,243,0,1QX3.cif.gz,False,1
4AO6,A,A,243,0,4AO6.cif.gz,False,1
5NYP,A,A,243,0,5NYP.cif.gz,False,1
3UFC,A,X,243,0,3UFC.cif.gz,False,1
1WCV,A,1,244,0,1WCV.cif.gz,False,1
1RWZ,A,A,244,0,1RWZ.cif.gz,False,1
6NVM,A,A,244,0,6NVM.cif.gz,False,1
1KON,A,A,244,0,1KON.cif.gz,False,1
6B22,A,A,244,0,6B22.cif.gz,False,1
3DD6,A,A,245,0,3DD6.cif.gz,False,1
4E40,A,A,245,0,4E40.cif.gz,False,1
1YUB,A,A,245,0,1YUB.cif.gz,False,1
5FSZ,A,A,245,0,5FSZ.cif.gz,False,1
4TM8,A,A,245,0,4TM8.cif.gz,False,1
3FLB,A,A,245,0,3FLB.cif.gz,False,1
2F2B,A,A,245,0,2F2B.cif.gz,True,1
5DKO,A,A,245,0,5DKO.cif.gz,False,1
4TX7,A,A,245,0,4TX7.cif.gz,False,1
2HQ1,A,A,245,0,2HQ1.cif.gz,False,1
4D77,A,A,245,0,4D77.cif.gz,False,1
2VAN,A,A,245,0,2VAN.cif.gz,False,1
6NWD,A,A,246,0,6NWD.cif.gz,True,1
2P8R,A,A,246,0,2P8R.cif.gz,False,1
1MRI,A,A,246,0,1MRI.cif.gz,False,1
6A9B,A,A,246,0,6A9B.cif.gz,False,1
4F85,A,A,246,0,4F85.cif.gz,False,1
3WOY,A,A,246,0,3WOY.cif.gz,False,1
1IZ4,A,A,246,0,1IZ4.cif.gz,False,1
1U2C,A,A,246,0,1U2C.cif.gz,False,1
1AHC,A,A,246,0,1AHC.cif.gz,False,1
1XTZ,A,A,246,0,1XTZ.cif.gz,False,1
3EMV,A,A,246,0,3EMV.cif.gz,False,1
3GYW,A,A,247,0,3GYW.cif.gz,False,1
1QTS,A,A,247,0,1QTS.cif.gz,False,1
2VDF,A,A,247,0,2VDF.cif.gz,False,1
3ESU,A,F,247,0,3ESU.cif.gz,False,1
1RJX,A,B,247,0,1RJX.cif.gz,False,1
5G2I,A,A,247,0,5G2I.cif.gz,False,1
5EWT,A,A,247,0,5EWT.cif.gz,False,1
6QZI,A,A,247,0,6QZI.cif.gz,True,1
1IXZ,A,A,247,0,1IXZ.cif.gz,False,1
4X2R,A,A,248,0,4X2R.cif.gz,False,1
3CTK,A,A,248,0,3CTK.cif.gz,False,1
4PP4,A,A,248,0,4PP4.cif.gz,False,1
2BJV,A,A,248,0,2BJV.cif.gz,False,1
1GS4,A,A,248,0,1GS4.cif.gz,False,1
1YR6,A,A,248,0,1YR6.cif.gz,False,1
2FWM,A,X,248,0,2FWM.cif.gz,False,1
3DFJ,A,A,248,0,3DFJ.cif.gz,False,1
4J4R,A,A,248,0,4J4R.cif.gz,False,1
5WOY,A,A,248,0,5WOY.cif.gz,False,10
6PDK,A,A,248,0,6PDK.cif.gz,False,1
2K6H,A,A,248,0,2K6H.cif.gz,False,10
1SO8,A,A,248,0,1SO8.cif.gz,False,1
3FS3,A,A,249,0,3FS3.cif.gz,False,1
1K24,A,A,249,0,1K24.cif.gz,True,1
1J4N,A,A,249,0,1J4N.cif.gz,True,1
4ES6,A,A,249,0,4ES6.cif.gz,False,1
1BWM,A,A,249,0,1BWM.cif.gz,False,15
3GS3,A,A,249,0,3GS3.cif.gz,False,1
2OG4,A,A,249,0,2OG4.cif.gz,False,1
1O0X,A,A,249,0,1O0X.cif.gz,False,1
6BA9,A,A,249,0,6BA9.cif.gz,False,1
1O9H,A,A,249,0,1O9H.cif.gz,False,1
3G9G,A,A,250,0,3G9G.cif.gz,False,1
1SEF,A,A,250,0,1SEF.cif.gz,False,1
1V9F,A,A,250,0,1V9F.cif.gz,False,1
3LP5,A,A,250,0,3LP5.cif.gz,False,1
2FBO,A,J,250,0,2FBO.cif.gz,False,1
1P4X,A,A,250,0,1P4X.cif.gz,False,1
5MY5,A,A,250,0,5MY5.cif.gz,False,1
6MRN,A,A,250,0,6MRN.cif.gz,False,1
4YPN,A,A,250,0,4YPN.cif.gz,False,1
5DN7,A,A,250,0,5DN7.cif.gz,False,1
6IS6,A,A,250,0,6IS6.cif.gz,True,1
3ZDE,A,A,250,0,3ZDE.cif.gz,False,1
4OOB,A,A,250,0,4OOB.cif.gz,False,1
2MHK,A,A,250,0,2MHK.cif.gz,False,20
4Y8F,A,A,251,0,4Y8F.cif.gz,False,1
4LHL,A,A,251,0,4LHL.cif.gz,False,1
3GFO,A,A,251,0,3GFO.cif.gz,False,1
1XNH,A,A,251,0,1XNH.cif.gz,False,1
3PF9,A,A,251,0,3PF9.cif.gz,False,1
1MML,A,A,251,0,1MML.cif.gz,False,1
3TC7,A,A,251,0,3TC7.cif.gz,False,1
2C07,A,A,251,0,2C07.cif.gz,False,1
4O4V,A,A,251,0,4O4V.cif.gz,False,1
1QWG,A,A,251,0,1QWG.cif.gz,False,1
3QKY,A,A,251,0,3QKY.cif.gz,False,1
1GQN,A,A,252,0,1GQN.cif.gz,False,1
5JD6,A,A,252,0,5JD6.cif.gz,False,1
3HC7,A,A,252,0,3HC7.cif.gz,False,1
1B73,A,A,252,0,1B73.cif.gz,False,1
2KDO,A,A,252,0,2KDO.cif.gz,False,20
2L26,A,A,252,0,2L26.cif.gz,False,10
1VIN,A,A,252,0,1VIN.cif.gz,False,1
3MX8,A,A,252,0,3MX8.cif.gz,False,1
3RFW,A,A,252,0,3RFW.cif.gz,False,1
1RI5,A,A,252,0,1RI5.cif.gz,False,1
4XSJ,A,A,253,0,4XSJ.cif.gz,False,1
1THF,A,D,253,0,1THF.cif.gz,False,1
5TCB,A,A,253,0,5TCB.cif.gz,False,1
3D8R,A,A,253,0,3D8R.cif.gz,False,1
1XQO,A,A,253,0,1XQO.cif.gz,False,1
3E7P,A,A,253,0,3E7P.cif.gz,False,1
2JTC,A,A,253,0,2JTC.cif.gz,False,20
2F1N,A,A,253,0,2F1N.cif.gz,False,1
4FCU,A,A,253,0,4FCU.cif.gz,False,1
3U62,A,A,253,0,3U62.cif.gz,False,1
2BSY,A,A,253,0,2BSY.cif.gz,False,1
2NXC,A,A,254,0,2NXC.cif.gz,False,1
1UAJ,A,A,254,0,1UAJ.cif.gz,False,1
2AYX,A,A,254,0,2AYX.cif.gz,False,20
3KJE,A,A,254,0,3KJE.cif.gz,False,1
3P91,A,A,254,0,3P91.cif.gz,False,1
1V6T,A,A,254,0,1V6T.cif.gz,False,1
3B0T,A,A,254,0,3B0T.cif.gz,False,1
1LDF,A,A,254,0,1LDF.cif.gz,True,1
4BZA,A,A,254,0,4BZA.cif.gz,True,1
5YSC,A,A,255,0,5YSC.cif.gz,False,1
2PBP,A,A,255,0,2PBP.cif.gz,False,1
5ZDA,A,A,255,0,5ZDA.cif.gz,False,1
1AOA,A,A,255,0,1AOA.cif.gz,False,1
1RL0,A,A,255,0,1RL0.cif.gz,False,1
6AMV,A,A,255,0,6AMV.cif.gz,False,20
3VN5,A,A,255,0,3VN5.cif.gz,False,1
5I7E,A,A,255,0,5I7E.cif.gz,False,1
5JO8,A,A,256,0,5JO8.cif.gz,False,1
2K7Z,A,A,256,0,2K7Z.cif.gz,False,20
1YB6,A,A,256,0,1YB6.cif.gz,False,1
1KCM,A,A,256,0,1KCM.cif.gz,False,1
4Y9M,A,A,256,0,4Y9M.cif.gz,False,1
6HXP,A,A,256,0,6HXP.cif.gz,False,1
5KHL,A,B,257,0,5KHL.cif.gz,False,1
1GHP,A,A,257,0,1GHP.cif.gz,False,1
4N81,A,A,257,0,4N81.cif.gz,False,1
6NCQ,A,A,257,0,6NCQ.cif.gz,False,1
1QGO,A,A,257,0,1QGO.cif.gz,False,1
6BHF,A,A,257,0,6BHF.cif.gz,False,1
4HK1,A,A,257,0,4HK1.cif.gz,False,1
4RSX,A,A,257,0,4RSX.cif.gz,False,1
3E9L,A,A,257,0,3E9L.cif.gz,False,1
3SK9,A,A,257,0,3SK9.cif.gz,False,1
1WXJ,A,A,257,0,1WXJ.cif.gz,False,1
4U3V,A,A,257,0,4U3V.cif.gz,False,1
1FR4,A,A,257,0,1FR4.cif.gz,False,1
5TSA,A,A,257,0,5TSA.cif.gz,True,1
3MC8,A,A,257,0,3MC8.cif.gz,True,1
1QD5,A,A,257,0,1QD5.cif.gz,True,1
2AUD,A,A,257,0,2AUD.cif.gz,False,1
4Q7M,A,B,258,0,4Q7M.cif.gz,True,1
4CFI,A,A,258,0,4CFI.cif.gz,False,1
4XZ0,A,A,258,0,4XZ0.cif.gz,False,1
6BQI,A,A,258,0,6BQI.cif.gz,False,10
3B6Q,A,A,258,0,3B6Q.cif.gz,False,1
5JOQ,A,A,258,0,5JOQ.cif.gz,False,1
4ZNK,A,A,258,0,4ZNK.cif.gz,False,1
3UJ8,A,A,258,0,3UJ8.cif.gz,False,1
4IOY,A,X,258,0,4IOY.cif.gz,False,1
2YN0,A,A,258,0,2YN0.cif.gz,False,1
1TK1,A,A,258,0,1TK1.cif.gz,False,1
2XQH,A,A,258,0,2XQH.cif.gz,False,1
6AIG,A,A,258,0,6AIG.cif.gz,False,1
1EZA,A,A,259,0,1EZA.cif.gz,False,1
3I47,A,A,259,0,3I47.cif.gz,False,1
5MLP,A,A,259,0,5MLP.cif.gz,False,1
6I3R,A,A,259,0,6I3R.cif.gz,False,10
2B49,A,A,259,0,2B49.cif.gz,False,1
4MUA,A,A,259,0,4MUA.cif.gz,False,1
1XQ1,A,A,259,0,1XQ1.cif.gz,False,1
1JCM,A,P,259,0,1JCM.cif.gz,False,1
2D05,A,A,259,0,2D05.cif.gz,False,1
5CMM,A,A,259,0,5CMM.cif.gz,True,1
5JBW,A,A,259,0,5JBW.cif.gz,False,1
5VB3,A,A,259,0,5VB3.cif.gz,False,1
4F1R,A,A,259,0,4F1R.cif.gz,False,1
1VPQ,A,A,260,0,1VPQ.cif.gz,False,1
1EG3,A,A,260,0,1EG3.cif.gz,False,1
1ES5,A,A,260,0,1ES5.cif.gz,False,1
5YCX,A,A,260,0,5YCX.cif.gz,False,1
4LAT,A,A,260,0,4LAT.cif.gz,False,1
5Y33,A,A,260,0,5Y33.cif.gz,False,1
4F47,A,A,260,0,4F47.cif.gz,False,1
2QQ5,A,A,260,0,2QQ5.cif.gz,False,1
4QAY,A,A,260,0,4QAY.cif.gz,False,1
6IJ6,A,A,261,0,6IJ6.cif.gz,True,1
2PJZ,A,A,261,0,2PJZ.cif.gz,False,1
1T6L,A,A,261,0,1T6L.cif.gz,False,1
5XGP,A,A,261,0,5XGP.cif.gz,False,1
2F33,A,A,261,0,2F33.cif.gz,False,10
2ZQ7,A,A,261,0,2ZQ7.cif.gz,False,1
2ILR,A,A,261,0,2ILR.cif.gz,False,1
6FF0,A,A,261,0,6FF0.cif.gz,False,1
3SKY,A,A,261,0,3SKY.cif.gz,False,1
1APA,A,A,261,0,1APA.cif.gz,False,1
4JG3,A,A,262,0,4JG3.cif.gz,False,1
2CC1,A,A,262,0,2CC1.cif.gz,False,1
4ZB3,A,A,262,0,4ZB3.cif.gz,False,1
4YAP,A,A,262,0,4YAP.cif.gz,False,1
4Z9X,A,A,262,0,4Z9X.cif.gz,False,1
4P5U,A,A,262,0,4P5U.cif.gz,False,1
6MU9,A,A,263,0,6MU9.cif.gz,False,1
3JXH,A,C,263,0,3JXH.cif.gz,False,1
1MN4,A,A,263,0,1MN4.cif.gz,False,1
5JDD,A,A,263,0,5JDD.cif.gz,False,1
3ZOJ,A,A,263,0,3ZOJ.cif.gz,True,1
1ARB,A,A,263,0,1ARB.cif.gz,False,1
1UQ5,A,A,263,0,1UQ5.cif.gz,False,1
1ALQ,A,A,263,0,1ALQ.cif.gz,False,1
1Z87,A,A,263,0,1Z87.cif.gz,False,15
1HF8,A,A,263,0,1HF8.cif.gz,False,1
1IPA,A,A,263,0,1IPA.cif.gz,False,1
4CG1,A,A,263,0,4CG1.cif.gz,False,1
4TVE,A,A,263,0,4TVE.cif.gz,False,1
5H28,A,A,263,0,5H28.cif.gz,False,1
3FYD,A,A,263,0,3FYD.cif.gz,False,1
1XEU,A,A,263,0,1XEU.cif.gz,False,1
5G28,A,A,264,0,5G28.cif.gz,True,1
5HVX,A,A,264,0,5HVX.cif.gz,True,1
1SPX,A,A,264,0,1SPX.cif.gz,False,1
3HPD,A,A,264,0,3HPD.cif.gz,False,1
5JKP,A,A,264,0,5JKP.cif.gz,False,1
2XH8,A,A,264,0,2XH8.cif.gz,False,1
5Z2D,A,A,264,0,5Z2D.cif.gz,False,1
3CSS,A,A,264,0,3CSS.cif.gz,False,1
4WE2,A,A,264,0,4WE2.cif.gz,False,1
1H4U,A,A,265,0,1H4U.cif.gz,False,1
1OUV,A,A,265,0,1OUV.cif.gz,False,1
3ILS,A,A,265,0,3ILS.cif.gz,False,1
5JGJ,A,A,265,0,5JGJ.cif.gz,False,1
6E0T,A,X,265,0,6E0T.cif.gz,False,1
3TCQ,A,A,265,0,3TCQ.cif.gz,False,1
1EDT,A,A,265,0,1EDT.cif.gz,False,1
1BUE,A,A,265,0,1BUE.cif.gz,False,1
6EQE,A,A,265,0,6EQE.cif.gz,False,1
3NY4,A,A,265,0,3NY4.cif.gz,False,1
2MBG,A,A,265,0,2MBG.cif.gz,False,35
1ZCV,A,A,266,0,1ZCV.cif.gz,False,1
4DW8,A,A,266,0,4DW8.cif.gz,False,1
1FSF,A,A,266,0,1FSF.cif.gz,False,1
4FBR,A,A,266,0,4FBR.cif.gz,False,1
3F49,A,S,266,0,3F49.cif.gz,False,1
1O54,A,A,266,0,1O54.cif.gz,False,1
2XMZ,A,A,266,0,2XMZ.cif.gz,False,1
2OF3,A,A,266,0,2OF3.cif.gz,False,1
1G6A,A,A,266,0,1G6A.cif.gz,False,1
5H3X,A,A,267,0,5H3X.cif.gz,False,1
4TRK,A,A,267,0,4TRK.cif.gz,False,1
6E16,A,A,267,0,6E16.cif.gz,False,1
3M7G,A,A,267,0,3M7G.cif.gz,False,1
6EMS,A,A,267,0,6EMS.cif.gz,False,1
1EQF,A,A,267,0,1EQF.cif.gz,False,1
6B2V,A,A,267,0,6B2V.cif.gz,False,1
3QJA,A,A,267,0,3QJA.cif.gz,False,1
1AKO,A,A,268,0,1AKO.cif.gz,False,1
5Z8P,A,A,268,0,5Z8P.cif.gz,False,1
3I9Y,A,A,268,0,3I9Y.cif.gz,False,1
5OH5,A,A,268,0,5OH5.cif.gz,False,1
1J1I,A,A,268,0,1J1I.cif.gz,False,1
1UEK,A,A,268,0,1UEK.cif.gz,False,1
3LA8,A,A,268,0,3LA8.cif.gz,False,1
4MLO,A,A,268,0,4MLO.cif.gz,False,1
6BDX,A,A,268,0,6BDX.cif.gz,False,1
4WK5,A,A,269,0,4WK5.cif.gz,False,1
1TIB,A,A,269,0,1TIB.cif.gz,False,1
1JOV,A,A,269,0,1JOV.cif.gz,False,1
2H6D,A,A,269,0,2H6D.cif.gz,False,1
5HW3,A,A,269,0,5HW3.cif.gz,False,1
3P1B,A,A,269,0,3P1B.cif.gz,False,1
5XPD,A,A,269,0,5XPD.cif.gz,True,1
3G40,A,A,269,0,3G40.cif.gz,False,1
3DXN,A,A,269,0,3DXN.cif.gz,False,1
5GV1,A,A,270,0,5GV1.cif.gz,False,1
2XJ4,A,A,270,0,2XJ4.cif.gz,False,1
6CB2,A,A,270,0,6CB2.cif.gz,True,1
3M66,A,A,270,0,3M66.cif.gz,False,1
5G5C,A,A,270,0,5G5C.cif.gz,False,1
4LCB,A,A,270,0,4LCB.cif.gz,False,1
6DRM,A,A,270,0,6DRM.cif.gz,False,1
3U64,A,A,271,0,3U64.cif.gz,False,1
2GSJ,A,A,271,0,2GSJ.cif.gz,False,1
3R8Q,A,A,271,0,3R8Q.cif.gz,False,1
2D0D,A,A,271,0,2D0D.cif.gz,False,1
6RF6,A,A,271,0,6RF6.cif.gz,True,1
3NFT,A,A,271,0,3NFT.cif.gz,False,1
1PZD,A,A,271,0,1PZD.cif.gz,False,1
1PZT,A,A,271,0,1PZT.cif.gz,False,1
2OO3,A,A,271,0,2OO3.cif.gz,False,1
5NXZ,A,A,271,0,5NXZ.cif.gz,False,1
2YCI,A,X,271,0,2YCI.cif.gz,False,1
3PWZ,A,A,271,0,3PWZ.cif.gz,False,1
6MPT,A,A,272,0,6MPT.cif.gz,False,1
6A6O,A,A,272,0,6A6O.cif.gz,False,1
3I4T,A,A,272,0,3I4T.cif.gz,False,1
2VFB,A,A,272,0,2VFB.cif.gz,False,1
2KUI,A,A,272,0,2KUI.cif.gz,False,28
6FUC,A,A,272,0,6FUC.cif.gz,False,1
1YWF,A,A,272,0,1YWF.cif.gz,False,1
2JFU,A,A,272,0,2JFU.cif.gz,False,1
6QWQ,A,A,272,0,6QWQ.cif.gz,False,1
4XH3,A,A,272,0,4XH3.cif.gz,False,1
4XXN,A,A,272,0,4XXN.cif.gz,False,1
3H04,A,A,272,0,3H04.cif.gz,False,1
6Q1C,A,A,272,0,6Q1C.cif.gz,False,1
5DCF,A,A,273,0,5DCF.cif.gz,False,1
3MU7,A,A,273,0,3MU7.cif.gz,False,1
1CG6,A,A,273,0,1CG6.cif.gz,False,1
3ODG,A,A,273,0,3ODG.cif.gz,False,1
1FY7,A,A,273,0,1FY7.cif.gz,False,1
6HPA,A,A,273,0,6HPA.cif.gz,False,1
2LGZ,A,A,273,0,2LGZ.cif.gz,False,10
1WTA,A,A,273,0,1WTA.cif.gz,False,1
1A8S,A,A,273,0,1A8S.cif.gz,False,1
1GQZ,A,A,274,0,1GQZ.cif.gz,False,1
2PLC,A,A,274,0,2PLC.cif.gz,False,1
4PWN,A,A,274,0,4PWN.cif.gz,False,1
6ECB,A,A,274,0,6ECB.cif.gz,False,1
2CI3,A,A,274,0,2CI3.cif.gz,False,1
1A8Q,A,A,274,0,1A8Q.cif.gz,False,1
1XBA,A,A,274,0,1XBA.cif.gz,False,1
3SIH,A,A,274,0,3SIH.cif.gz,False,1
5XKL,A,A,275,0,5XKL.cif.gz,False,1
6DN4,A,A,275,0,6DN4.cif.gz,False,1
1S2W,A,A,275,0,1S2W.cif.gz,False,1
6MFH,A,A,275,0,6MFH.cif.gz,False,1
3EL6,A,A,275,0,3EL6.cif.gz,False,1
4RK4,A,A,275,0,4RK4.cif.gz,False,1
1IZZ,A,A,276,0,1IZZ.cif.gz,False,1
3BHY,A,A,276,0,3BHY.cif.gz,False,1
2I75,A,A,276,0,2I75.cif.gz,False,1
4LXH,A,A,276,0,4LXH.cif.gz,False,1
4OTK,A,A,276,0,4OTK.cif.gz,False,1
6RTX,A,A,276,0,6RTX.cif.gz,True,1
2WQO,A,A,277,0,2WQO.cif.gz,False,1
1BRT,A,A,277,0,1BRT.cif.gz,False,1
5CEM,A,A,277,0,5CEM.cif.gz,False,1
2YMO,A,A,277,0,2YMO.cif.gz,False,1
1CR0,A,A,277,0,1CR0.cif.gz,False,1
4F0G,A,A,277,0,4F0G.cif.gz,False,1
6NL1,A,A,277,0,6NL1.cif.gz,False,1
4LZI,A,A,277,0,4LZI.cif.gz,False,1
1W4T,A,A,278,0,1W4T.cif.gz,False,1
6GIE,A,A,278,0,6GIE.cif.gz,True,1
2X9K,A,A,278,0,2X9K.cif.gz,True,1
1E25,A,A,278,0,1E25.cif.gz,False,1
1XUB,A,A,278,0,1XUB.cif.gz,False,1
4M67,A,A,278,0,4M67.cif.gz,False,1
3BZG,A,A,278,0,3BZG.cif.gz,False,1
6BIO,A,A,278,0,6BIO.cif.gz,False,1
4UHC,A,A,278,0,4UHC.cif.gz,False,1
5GYC,A,A,278,0,5GYC.cif.gz,False,1
4DK2,A,A,279,0,4DK2.cif.gz,False,1
5VD5,A,A,279,0,5VD5.cif.gz,False,1
5AMX,A,A,279,0,5AMX.cif.gz,False,1
1NW6,A,A,279,0,1NW6.cif.gz,False,1
1V4I,A,A,279,0,1V4I.cif.gz,False,1
3EG4,A,A,279,0,3EG4.cif.gz,False,1
3TEF,A,A,279,0,3TEF.cif.gz,False,1
6GQ0,A,A,280,0,6GQ0.cif.gz,False,1
3ELD,A,A,280,0,3ELD.cif.gz,False,1
3SMZ,A,A,280,0,3SMZ.cif.gz,False,1
2C2Y,A,A,280,0,2C2Y.cif.gz,False,1
2FK7,A,A,280,0,2FK7.cif.gz,False,1
2VDJ,A,A,280,0,2VDJ.cif.gz,False,1
5L40,A,A,280,0,5L40.cif.gz,False,1
4XFD,A,A,280,0,4XFD.cif.gz,False,1
3S6D,A,A,281,0,3S6D.cif.gz,False,1
1C4X,A,A,281,0,1C4X.cif.gz,False,1
4Z2N,A,A,281,0,4Z2N.cif.gz,False,1
1OEM,A,X,281,0,1OEM.cif.gz,False,1
4QEK,A,A,281,0,4QEK.cif.gz,False,1
2WQM,A,A,281,0,2WQM.cif.gz,False,1
4IKC,A,A,281,0,4IKC.cif.gz,False,1
4CIL,A,A,281,0,4CIL.cif.gz,False,1
5CEN,A,A,281,0,5CEN.cif.gz,False,1
4B6L,A,A,281,0,4B6L.cif.gz,False,1
2XMS,A,A,281,0,2XMS.cif.gz,False,1
4XAP,A,A,281,0,4XAP.cif.gz,False,1
4GRZ,A,A,282,0,4GRZ.cif.gz,False,1
3RGI,A,A,282,0,3RGI.cif.gz,False,1
4OOK,A,A,282,0,4OOK.cif.gz,False,1
6BJJ,A,A,282,0,6BJJ.cif.gz,False,1
4YAA,A,A,282,0,4YAA.cif.gz,False,1
3ZM1,A,A,282,0,3ZM1.cif.gz,False,1
6FNL,A,A,282,0,6FNL.cif.gz,False,1
3ZXY,A,A,282,0,3ZXY.cif.gz,False,1
1AJ2,A,A,282,0,1AJ2.cif.gz,False,1
1EOK,A,A,282,0,1EOK.cif.gz,False,1
1F00,A,I,282,0,1F00.cif.gz,False,1
1SR8,A,A,282,0,1SR8.cif.gz,False,1
5QF3,A,A,282,0,5QF3.cif.gz,True,1
2RI6,A,A,283,0,2RI6.cif.gz,False,1
2WI8,A,A,283,0,2WI8.cif.gz,False,1
6D21,A,A,283,0,6D21.cif.gz,False,1
2HE7,A,A,283,0,2HE7.cif.gz,False,1
6OBT,A,A,283,0,6OBT.cif.gz,False,1
2RIK,A,A,283,0,2RIK.cif.gz,False,1
1CFR,A,A,283,0,1CFR.cif.gz,False,1
5JH1,A,A,283,0,5JH1.cif.gz,False,1
4C69,A,X,283,0,4C69.cif.gz,True,1
5E05,A,A,284,0,5E05.cif.gz,False,1
3BH0,A,A,284,0,3BH0.cif.gz,False,1
5CXQ,A,A,284,0,5CXQ.cif.gz,False,1
4PNP,A,A,284,0,4PNP.cif.gz,False,1
1LTU,A,A,284,0,1LTU.cif.gz,False,1
4M1F,A,A,284,0,4M1F.cif.gz,False,1
2ZCO,A,A,284,0,2ZCO.cif.gz,False,1
1BHS,A,A,284,0,1BHS.cif.gz,False,1
5H4S,A,A,284,0,5H4S.cif.gz,False,1
2BV9,A,A,284,0,2BV9.cif.gz,False,1
5YQ4,A,A,284,0,5YQ4.cif.gz,False,1
5AZB,A,A,284,0,5AZB.cif.gz,True,1
5E3P,A,A,284,0,5E3P.cif.gz,False,1
6NOK,A,A,285,0,6NOK.cif.gz,False,1
4OQZ,A,A,285,0,4OQZ.cif.gz,False,1
4OZX,A,A,285,0,4OZX.cif.gz,False,1
2BOE,A,X,285,0,2BOE.cif.gz,False,1
4P6Q,A,A,286,0,4P6Q.cif.gz,False,1
3E9A,A,A,286,0,3E9A.cif.gz,False,1
4NS4,A,A,286,0,4NS4.cif.gz,False,1
2YKF,A,A,286,0,2YKF.cif.gz,False,1
6MBH,A,A,286,0,6MBH.cif.gz,False,1
6D2K,A,A,286,0,6D2K.cif.gz,False,1
5X1R,A,A,286,0,5X1R.cif.gz,False,1
1Q1Z,A,A,286,0,1Q1Z.cif.gz,False,1
3W9U,A,A,286,0,3W9U.cif.gz,False,1
6DUD,A,A,287,0,6DUD.cif.gz,False,1
2YB4,A,A,287,0,2YB4.cif.gz,False,1
6GRL,A,A,287,0,6GRL.cif.gz,False,1
4GLF,A,A,287,0,4GLF.cif.gz,False,1
4LP8,A,A,287,0,4LP8.cif.gz,True,1
2AD1,A,A,287,0,2AD1.cif.gz,False,1
1OI7,A,A,288,0,1OI7.cif.gz,False,1
4HO3,A,A,288,0,4HO3.cif.gz,False,1
6G49,A,A,288,0,6G49.cif.gz,False,1
2OC3,A,A,288,0,2OC3.cif.gz,False,1
6CAF,A,A,288,0,6CAF.cif.gz,False,1
6H8R,A,A,288,0,6H8R.cif.gz,False,1
3T57,A,A,288,0,3T57.cif.gz,False,1
1L6N,A,A,288,0,1L6N.cif.gz,False,20
5GLC,A,A,288,0,5GLC.cif.gz,False,1
4KCC,A,A,288,0,4KCC.cif.gz,False,1
1N5D,A,A,288,0,1N5D.cif.gz,False,1
1KWB,A,B,288,0,1KWB.cif.gz,False,1
6MD5,A,A,288,0,6MD5.cif.gz,False,1
5ITQ,A,A,289,0,5ITQ.cif.gz,False,1
4M9P,A,A,289,0,4M9P.cif.gz,False,1
4I92,A,A,289,0,4I92.cif.gz,False,1
3KSX,A,A,289,0,3KSX.cif.gz,False,1
1NAR,A,A,289,0,1NAR.cif.gz,False,1
3PRN,A,A,289,0,3PRN.cif.gz,True,1
5LF9,A,A,289,0,5LF9.cif.gz,False,1
2HRW,A,A,290,0,2HRW.cif.gz,False,1
2HC1,A,A,290,0,2HC1.cif.gz,False,1
1MTZ,A,A,290,0,1MTZ.cif.gz,False,1
2OPW,A,A,290,0,2OPW.cif.gz,False,1
1X2J,A,A,290,0,1X2J.cif.gz,False,1
3G87,A,A,290,0,3G87.cif.gz,False,1
1QZ1,A,A,290,0,1QZ1.cif.gz,False,1
2EF4,A,A,290,0,2EF4.cif.gz,False,1
3SQH,A,E,290,0,3SQH.cif.gz,False,1
1NH1,A,A,290,0,1NH1.cif.gz,False,1
1LC0,A,A,290,0,1LC0.cif.gz,False,1
5NJL,A,A,290,0,5NJL.cif.gz,False,1
2X55,A,A,290,0,2X55.cif.gz,True,1
4WY9,A,A,290,0,4WY9.cif.gz,False,1
5IPX,A,A,291,0,5IPX.cif.gz,False,1
1KS9,A,A,291,0,1KS9.cif.gz,False,1
4NC6,A,A,291,0,4NC6.cif.gz,False,1
2Q18,A,X,291,0,2Q18.cif.gz,False,1
1Y08,A,A,291,0,1Y08.cif.gz,False,1
1OKC,A,A,292,0,1OKC.cif.gz,True,1
5U5O,A,A,292,0,5U5O.cif.gz,False,1
6B7L,A,A,292,0,6B7L.cif.gz,False,1
3DOJ,A,A,292,0,3DOJ.cif.gz,False,1
2M6K,A,A,292,0,2M6K.cif.gz,False,30
4F5Z,A,A,292,0,4F5Z.cif.gz,False,1
3EIW,A,A,292,0,3EIW.cif.gz,False,1
6COK,A,A,292,0,6COK.cif.gz,False,1
1U2K,A,A,292,0,1U2K.cif.gz,False,1
1NNH,A,A,293,0,1NNH.cif.gz,False,1
1YHV,A,A,293,0,1YHV.cif.gz,False,1
1CV2,A,A,293,0,1CV2.cif.gz,False,1
2H7O,A,A,293,0,2H7O.cif.gz,False,1
3UG9,A,A,294,0,3UG9.cif.gz,True,1
4YFS,A,A,294,0,4YFS.cif.gz,False,1
4EVF,A,A,294,0,4EVF.cif.gz,False,1
5T8C,A,A,294,0,5T8C.cif.gz,False,1
4YSA,A,A,294,0,4YSA.cif.gz,False,1
3SV0,A,A,294,0,3SV0.cif.gz,False,1
4D8L,A,A,294,0,4D8L.cif.gz,False,1
6IN8,A,A,294,0,6IN8.cif.gz,False,1
3C2E,A,A,294,0,3C2E.cif.gz,False,1
1YM5,A,A,294,0,1YM5.cif.gz,False,1
3OC5,A,A,294,0,3OC5.cif.gz,False,1
4YA6,A,A,295,0,4YA6.cif.gz,False,1
4BVN,A,A,295,0,4BVN.cif.gz,True,1
4NMI,A,A,295,0,4NMI.cif.gz,False,1
3BK8,A,A,295,0,3BK8.cif.gz,False,1
1HQ0,A,A,295,0,1HQ0.cif.gz,False,1
1R6F,A,A,295,0,1R6F.cif.gz,False,1
1KJW,A,A,295,0,1KJW.cif.gz,False,1
6A9W,A,A,295,0,6A9W.cif.gz,False,1
1J8M,A,F,295,0,1J8M.cif.gz,False,1
6E0K,A,A,295,0,6E0K.cif.gz,False,1
4Y25,A,A,296,0,4Y25.cif.gz,True,1
2LNL,A,A,296,0,2LNL.cif.gz,True,10
2HQQ,A,A,296,0,2HQQ.cif.gz,False,1
1GZK,A,A,296,0,1GZK.cif.gz,False,1
3WQK,A,A,296,0,3WQK.cif.gz,False,1
3JUG,A,A,296,0,3JUG.cif.gz,False,1
3K8W,A,A,296,0,3K8W.cif.gz,False,1
3SGC,A,A,296,0,3SGC.cif.gz,False,1
2PTD,A,A,296,0,2PTD.cif.gz,False,1
2CWC,A,A,296,0,2CWC.cif.gz,False,1
3FAK,A,A,297,0,3FAK.cif.gz,False,1
4QQT,A,A,297,0,4QQT.cif.gz,False,1
1RWR,A,A,297,0,1RWR.cif.gz,False,1
4BB0,A,A,297,0,4BB0.cif.gz,False,1
4MYL,A,A,297,0,4MYL.cif.gz,False,1
3VUU,A,A,297,0,3VUU.cif.gz,False,1
2UYO,A,A,297,0,2UYO.cif.gz,False,1
5L7Z,A,A,297,0,5L7Z.cif.gz,False,1
2PBN,A,A,297,0,2PBN.cif.gz,False,1
2QLU,A,A,297,0,2QLU.cif.gz,False,1
2LCK,A,A,297,0,2LCK.cif.gz,True,15
5J5D,A,A,297,0,5J5D.cif.gz,False,1
5KTM,A,A,298,0,5KTM.cif.gz,False,1
5ANO,A,A,298,0,5ANO.cif.gz,False,1
5O1S,A,A,298,0,5O1S.cif.gz,False,1
2X4L,A,A,298,0,2X4L.cif.gz,False,1
6KFN,A,A,298,0,6KFN.cif.gz,False,1
2CHL,A,A,298,0,2CHL.cif.gz,False,1
4ZYO,A,A,298,0,4ZYO.cif.gz,True,1
1UYN,A,X,299,0,1UYN.cif.gz,True,1
1LKF,A,A,299,0,1LKF.cif.gz,True,1
2JZ4,A,A,299,0,2JZ4.cif.gz,False,20
6HU8,A,A,299,0,6HU8.cif.gz,False,1
4EMD,A,A,299,0,4EMD.cif.gz,False,1
4ASZ,A,A,299,0,4ASZ.cif.gz,False,1
2H8O,A,A,300,0,2H8O.cif.gz,False,1
2QY9,A,A,300,0,2QY9.cif.gz,False,1
2DYL,A,A,300,0,2DYL.cif.gz,False,1
1YRW,A,A,300,0,1YRW.cif.gz,False,1
2IXM,A,A,300,0,2IXM.cif.gz,False,1
1A3H,A,A,300,0,1A3H.cif.gz,False,1
4ETX,A,A,300,0,4ETX.cif.gz,False,1
1Q8K,A,A,300,0,1Q8K.cif.gz,False,15
2POR,A,A,301,0,2POR.cif.gz,True,1
6QFL,A,A,301,0,6QFL.cif.gz,False,1
4CEK,A,A,301,0,4CEK.cif.gz,False,1
5E8S,A,A,301,0,5E8S.cif.gz,False,1
4HZO,A,A,301,0,4HZO.cif.gz,False,1
1LUF,A,A,301,0,1LUF.cif.gz,False,1
3H7I,A,A,302,0,3H7I.cif.gz,False,1
1BQC,A,A,302,0,1BQC.cif.gz,False,1
3H2X,A,A,302,0,3H2X.cif.gz,False,1
1ESC,A,A,302,0,1ESC.cif.gz,False,1
3MFT,A,A,302,0,3MFT.cif.gz,False,1
1E0W,A,A,302,0,1E0W.cif.gz,False,1
1K6A,A,A,302,0,1K6A.cif.gz,False,1
4NG7,A,A,302,0,4NG7.cif.gz,False,1
6OH2,A,A,303,0,6OH2.cif.gz,True,1
3H20,A,A,303,0,3H20.cif.gz,False,1
3V16,A,A,303,0,3V16.cif.gz,False,1
2H14,A,A,303,0,2H14.cif.gz,False,1
1QOY,A,A,303,0,1QOY.cif.gz,False,1
1BCO,A,A,303,0,1BCO.cif.gz,False,1
2EYZ,A,A,304,0,2EYZ.cif.gz,False,1
5JJX,A,A,304,0,5JJX.cif.gz,False,1
3UTN,A,X,304,0,3UTN.cif.gz,False,1
3VXG,A,A,304,0,3VXG.cif.gz,False,1
2RHH,A,A,304,0,2RHH.cif.gz,False,1
4P9N,A,A,304,0,4P9N.cif.gz,False,1
2II2,A,A,304,0,2II2.cif.gz,False,1
5ZTJ,A,A,304,0,5ZTJ.cif.gz,False,1
3EAY,A,A,304,0,3EAY.cif.gz,False,1
2F68,A,X,304,0,2F68.cif.gz,False,1
5HYA,A,A,304,0,5HYA.cif.gz,True,1
1SUU,A,A,304,0,1SUU.cif.gz,False,1
3M9W,A,A,305,0,3M9W.cif.gz,False,1
4MX6,A,A,305,0,4MX6.cif.gz,False,1
1MLA,A,A,305,0,1MLA.cif.gz,False,1
2IM9,A,A,305,0,2IM9.cif.gz,False,1
1RKA,A,A,305,0,1RKA.cif.gz,False,1
5GVA,A,A,305,0,5GVA.cif.gz,False,1
5E7L,A,A,305,0,5E7L.cif.gz,False,1
4MNC,A,A,305,0,4MNC.cif.gz,False,1
2X7I,A,A,305,0,2X7I.cif.gz,False,1
3SLT,A,A,305,0,3SLT.cif.gz,True,1
1NTY,A,A,305,0,1NTY.cif.gz,False,1
1P14,A,A,306,0,1P14.cif.gz,False,1
3C5V,A,A,306,0,3C5V.cif.gz,False,1
5HUS,A,A,306,0,5HUS.cif.gz,False,1
5IHS,A,A,306,0,5IHS.cif.gz,False,1
1YJL,A,A,306,0,1YJL.cif.gz,False,1
1GHR,A,A,306,0,1GHR.cif.gz,False,1
2H2Z,A,A,306,0,2H2Z.cif.gz,False,1
3V3T,A,A,306,0,3V3T.cif.gz,False,1
3JSN,A,A,306,0,3JSN.cif.gz,False,1
5DML,A,A,307,0,5DML.cif.gz,False,1
3NPM,A,A,307,0,3NPM.cif.gz,False,1
6FIQ,A,A,307,0,6FIQ.cif.gz,False,1
6Q8E,A,A,307,0,6Q8E.cif.gz,False,1
1R3F,A,A,307,0,1R3F.cif.gz,False,1
3GH0,A,A,307,0,3GH0.cif.gz,False,1
1ARL,A,A,307,0,1ARL.cif.gz,False,1
4MAG,A,A,307,0,4MAG.cif.gz,False,1
2EGU,A,A,308,0,2EGU.cif.gz,False,1
1AK1,A,A,308,0,1AK1.cif.gz,False,1
3FWK,A,A,308,0,3FWK.cif.gz,False,1
1WCH,A,A,308,0,1WCH.cif.gz,False,1
2X0C,A,A,308,0,2X0C.cif.gz,False,1
2HM7,A,A,308,0,2HM7.cif.gz,False,1
2XBG,A,A,308,0,2XBG.cif.gz,False,1
1H6U,A,A,308,0,1H6U.cif.gz,False,1
2D0A,A,A,308,0,2D0A.cif.gz,False,1
3ZUX,A,A,308,0,3ZUX.cif.gz,True,1
6A2J,A,A,309,0,6A2J.cif.gz,True,1
2BW0,A,A,309,0,2BW0.cif.gz,False,1
5YSX,A,A,309,0,5YSX.cif.gz,False,1
4XA8,A,A,309,0,4XA8.cif.gz,False,1
1D9V,A,A,309,0,1D9V.cif.gz,False,1
1ZU4,A,A,309,0,1ZU4.cif.gz,False,1
1SBP,A,A,309,0,1SBP.cif.gz,False,1
4ANL,A,A,309,0,4ANL.cif.gz,False,1
4G3N,A,A,309,0,4G3N.cif.gz,False,1
5XCB,A,A,309,0,5XCB.cif.gz,False,1
5O7G,A,A,310,0,5O7G.cif.gz,False,1
4B5Z,A,A,310,0,4B5Z.cif.gz,False,1
6GEU,A,A,310,0,6GEU.cif.gz,False,1
2O6X,A,A,310,0,2O6X.cif.gz,False,1
3ADO,A,A,310,0,3ADO.cif.gz,False,1
5GY3,A,A,310,0,5GY3.cif.gz,False,1
3EVT,A,A,310,0,3EVT.cif.gz,False,1
4LG8,A,A,310,0,4LG8.cif.gz,False,1
2IY9,A,A,310,0,2IY9.cif.gz,False,1
2QOL,A,A,310,0,2QOL.cif.gz,False,1
5WM0,A,A,310,0,5WM0.cif.gz,False,1
3RJY,A,A,310,0,3RJY.cif.gz,False,1
4ND7,A,A,310,0,4ND7.cif.gz,False,1
4HBK,A,A,310,0,4HBK.cif.gz,False,1
2YXP,A,X,310,0,2YXP.cif.gz,False,1
2Z2U,A,A,311,0,2Z2U.cif.gz,False,1
1R1W,A,A,311,0,1R1W.cif.gz,False,1
2YLH,A,A,311,0,2YLH.cif.gz,False,1
1DCS,A,A,311,0,1DCS.cif.gz,False,1
1PGS,A,A,311,0,1PGS.cif.gz,False,1
3T8J,A,A,311,0,3T8J.cif.gz,False,1
3NEP,A,X,312,0,3NEP.cif.gz,False,1
1CJL,A,A,312,0,1CJL.cif.gz,False,1
5AN4,A,A,312,0,5AN4.cif.gz,False,1
5LRU,A,A,312,0,5LRU.cif.gz,False,1
1QWK,A,A,312,0,1QWK.cif.gz,False,1
3K6U,A,A,312,0,3K6U.cif.gz,False,1
3BA1,A,A,312,0,3BA1.cif.gz,False,1
2CYG,A,A,312,0,2CYG.cif.gz,False,1
6IYY,A,A,312,0,6IYY.cif.gz,False,1
3LQE,A,A,313,0,3LQE.cif.gz,False,1
3M73,A,A,313,0,3M73.cif.gz,True,1
4YPV,A,A,313,0,4YPV.cif.gz,False,1
1PVV,A,A,313,0,1PVV.cif.gz,False,1
6Q4S,A,A,313,0,6Q4S.cif.gz,False,1
6EVU,A,A,313,0,6EVU.cif.gz,False,1
4D6V,A,A,313,0,4D6V.cif.gz,False,1
4U7X,A,A,313,0,4U7X.cif.gz,False,1
5HS4,A,A,313,0,5HS4.cif.gz,False,1
2ONS,A,A,314,0,2ONS.cif.gz,True,1
1TM2,A,A,314,0,1TM2.cif.gz,False,1
2ORX,A,A,314,0,2ORX.cif.gz,False,1
4E9L,A,A,314,0,4E9L.cif.gz,False,1
4GGA,A,A,314,0,4GGA.cif.gz,False,1
1QTR,A,A,314,0,1QTR.cif.gz,False,1
5IHW,A,A,314,0,5IHW.cif.gz,False,1
5Y1A,A,A,314,0,5Y1A.cif.gz,False,1
3QH4,A,A,314,0,3QH4.cif.gz,False,1
5NLG,A,A,314,0,5NLG.cif.gz,False,1
4CQH,A,A,314,0,4CQH.cif.gz,False,1
2C0Y,A,A,314,0,2C0Y.cif.gz,False,1
2BX6,A,A,314,0,2BX6.cif.gz,False,1
3VOY,A,A,315,0,3VOY.cif.gz,False,1
2OY7,A,A,315,0,2OY7.cif.gz,False,1
1XGD,A,A,315,0,1XGD.cif.gz,False,1
4LUN,A,U,315,0,4LUN.cif.gz,False,1
1GYD,A,B,315,0,1GYD.cif.gz,False,1
6I9K,A,A,316,0,6I9K.cif.gz,True,1
1GSH,A,A,316,0,1GSH.cif.gz,False,1
3CIV,A,A,316,0,3CIV.cif.gz,False,1
4OFX,A,A,316,0,4OFX.cif.gz,False,1
5HOS,A,A,316,0,5HOS.cif.gz,False,1
3PTW,A,A,316,0,3PTW.cif.gz,False,1
4Z9P,A,A,316,0,4Z9P.cif.gz,False,1
1QLM,A,A,316,0,1QLM.cif.gz,False,1
2HHC,A,A,316,0,2HHC.cif.gz,False,1
6F8P,A,A,316,0,6F8P.cif.gz,False,1
1BIA,A,A,317,0,1BIA.cif.gz,False,1
1LZL,A,A,317,0,1LZL.cif.gz,False,1
5LYE,A,A,317,0,5LYE.cif.gz,False,1
4XTQ,A,A,317,0,4XTQ.cif.gz,False,1
3WP8,A,A,317,0,3WP8.cif.gz,False,1
4K5Q,A,A,317,0,4K5Q.cif.gz,False,1
1GFS,A,A,317,0,1GFS.cif.gz,False,1
1NIJ,A,A,317,0,1NIJ.cif.gz,False,1
1HNK,A,A,317,0,1HNK.cif.gz,False,1
2PT1,A,A,317,0,2PT1.cif.gz,False,1
5YNL,A,A,318,0,5YNL.cif.gz,False,1
1VLV,A,A,318,0,1VLV.cif.gz,False,1
1Y9U,A,A,318,0,1Y9U.cif.gz,False,1
5Y6Y,A,B,318,0,5Y6Y.cif.gz,False,1
6D0S,A,A,318,0,6D0S.cif.gz,False,1
3V0I,A,A,318,0,3V0I.cif.gz,False,1
6RNV,A,A,318,0,6RNV.cif.gz,False,1
1N00,A,A,318,0,1N00.cif.gz,False,1
3LGK,A,A,318,0,3LGK.cif.gz,False,1
3SBS,A,A,318,0,3SBS.cif.gz,False,1
2AZP,A,A,318,0,2AZP.cif.gz,False,1
4JNQ,A,A,318,0,4JNQ.cif.gz,False,1
4LSW,A,A,318,0,4LSW.cif.gz,False,1
2WOZ,A,A,318,0,2WOZ.cif.gz,False,1
1ZXX,A,A,319,0,1ZXX.cif.gz,False,1
1W7B,A,A,319,0,1W7B.cif.gz,False,1
2V84,A,A,319,0,2V84.cif.gz,False,1
3EVN,A,A,319,0,3EVN.cif.gz,False,1
2TS1,A,A,319,0,2TS1.cif.gz,False,1
4QUK,A,A,319,0,4QUK.cif.gz,False,1
5TO1,A,A,320,0,5TO1.cif.gz,False,1
6HZQ,A,A,320,0,6HZQ.cif.gz,False,1
4P47,A,A,320,0,4P47.cif.gz,False,1
1FHU,A,A,320,0,1FHU.cif.gz,False,1
3HJL,A,A,321,0,3HJL.cif.gz,False,1
3BB7,A,A,321,0,3BB7.cif.gz,False,1
3RKX,A,A,321,0,3RKX.cif.gz,False,1
3CRM,A,A,321,0,3CRM.cif.gz,False,1
2OG5,A,A,321,0,2OG5.cif.gz,False,1
3LPZ,A,A,321,0,3LPZ.cif.gz,False,1
1IXH,A,A,321,0,1IXH.cif.gz,False,1
3VPZ,A,A,322,0,3VPZ.cif.gz,False,1
2P4H,A,X,322,0,2P4H.cif.gz,False,1
6MTK,A,A,322,0,6MTK.cif.gz,False,1
3LY7,A,A,322,0,3LY7.cif.gz,False,1
1VZO,A,A,322,0,1VZO.cif.gz,False,1
2FB9,A,A,322,0,2FB9.cif.gz,False,1
1X8X,A,A,322,0,1X8X.cif.gz,False,1
4AA8,A,A,323,0,4AA8.cif.gz,False,1
4O1G,A,A,323,0,4O1G.cif.gz,False,1
1DS0,A,A,323,0,1DS0.cif.gz,False,1
1O89,A,A,323,0,1O89.cif.gz,False,1
6IIX,A,A,323,0,6IIX.cif.gz,False,1
1GXN,A,A,323,0,1GXN.cif.gz,False,1
3R2G,A,A,323,0,3R2G.cif.gz,False,1
5JS7,A,A,323,0,5JS7.cif.gz,False,10
3N28,A,A,323,0,3N28.cif.gz,False,1
2P01,A,A,323,0,2P01.cif.gz,False,20
2YDV,A,A,323,0,2YDV.cif.gz,True,1
2F84,A,A,323,0,2F84.cif.gz,False,1
3PT5,A,A,323,0,3PT5.cif.gz,False,1
4D51,A,A,324,0,4D51.cif.gz,True,1
2Z1E,A,A,324,0,2Z1E.cif.gz,False,1
1FCU,A,A,324,0,1FCU.cif.gz,False,1
1WER,A,A,324,0,1WER.cif.gz,False,1
1OZ2,A,A,324,0,1OZ2.cif.gz,False,1
3BIG,A,A,324,0,3BIG.cif.gz,False,1
3VMV,A,A,324,0,3VMV.cif.gz,False,1
1XFK,A,A,324,0,1XFK.cif.gz,False,1
3W24,A,A,324,0,3W24.cif.gz,False,1
5KNK,A,B,324,0,5KNK.cif.gz,True,1
5ET5,A,A,324,0,5ET5.cif.gz,False,1
4MEE,A,A,325,0,4MEE.cif.gz,True,1
6EHD,A,A,325,0,6EHD.cif.gz,True,1
3N11,A,A,325,0,3N11.cif.gz,False,1
3JYL,A,A,325,0,3JYL.cif.gz,False,1
1UH9,A,A,325,0,1UH9.cif.gz,False,1
3IM1,A,A,325,0,3IM1.cif.gz,False,1
5L16,A,A,325,0,5L16.cif.gz,False,1
4RL1,A,A,326,0,4RL1.cif.gz,False,1
4MHP,A,A,326,0,4MHP.cif.gz,False,1
2Z01,A,A,326,0,2Z01.cif.gz,False,1
4CZI,A,A,326,0,4CZI.cif.gz,False,1
1IK6,A,A,326,0,1IK6.cif.gz,False,1
4JXN,A,A,326,0,4JXN.cif.gz,False,1
5KUK,A,A,326,0,5KUK.cif.gz,True,1
5SVJ,A,A,326,0,5SVJ.cif.gz,True,1
5I5H,A,A,327,0,5I5H.cif.gz,True,1
3N2T,A,A,327,0,3N2T.cif.gz,False,1
5V2M,A,A,327,0,5V2M.cif.gz,False,1
4IQM,A,A,327,0,4IQM.cif.gz,False,1
4J87,A,A,327,0,4J87.cif.gz,False,1
1B8P,A,A,327,0,1B8P.cif.gz,False,1
5ZN1,A,A,327,0,5ZN1.cif.gz,False,1
4XEH,A,A,327,0,4XEH.cif.gz,False,1
1PTA,A,A,327,0,1PTA.cif.gz,False,1
3QOW,A,A,327,0,3QOW.cif.gz,False,1
4QLO,A,A,327,0,4QLO.cif.gz,False,1
2RH8,A,A,328,0,2RH8.cif.gz,False,1
2P67,A,A,328,0,2P67.cif.gz,False,1
1TFA,A,A,329,0,1TFA.cif.gz,False,1
4JXY,A,A,330,0,4JXY.cif.gz,False,1
5JNQ,A,A,330,0,5JNQ.cif.gz,True,1
2FGQ,A,X,330,0,2FGQ.cif.gz,True,1
4OAI,A,Z,330,0,4OAI.cif.gz,False,1
1S7C,A,A,330,0,1S7C.cif.gz,False,1
4YUC,A,A,330,0,4YUC.cif.gz,False,1
4EPI,A,A,330,0,4EPI.cif.gz,False,1
1RY6,A,A,330,0,1RY6.cif.gz,False,1
3HVM,A,A,330,0,3HVM.cif.gz,False,1
5P70,A,A,330,0,5P70.cif.gz,False,1
5W99,A,A,330,0,5W99.cif.gz,False,1
6MZN,A,A,330,0,6MZN.cif.gz,False,1
4LA5,A,A,330,0,4LA5.cif.gz,False,1
4BFM,A,A,330,0,4BFM.cif.gz,False,1
2C3F,A,A,330,0,2C3F.cif.gz,False,1
1LF4,A,A,331,0,1LF4.cif.gz,False,1
5O51,A,A,331,0,5O51.cif.gz,False,1
2Z0M,A,A,331,0,2Z0M.cif.gz,False,1
3GMS,A,A,331,0,3GMS.cif.gz,False,1
4R1B,A,A,331,0,4R1B.cif.gz,False,1
5YWL,A,A,331,0,5YWL.cif.gz,False,1
5E71,A,A,331,0,5E71.cif.gz,False,1
2QV2,A,A,331,0,2QV2.cif.gz,False,1
1XDW,A,A,331,0,1XDW.cif.gz,False,1
3FM0,A,A,332,0,3FM0.cif.gz,False,1
6HZI,A,A,332,0,6HZI.cif.gz,False,1
1WLY,A,A,332,0,1WLY.cif.gz,False,1
4LJ6,A,A,332,0,4LJ6.cif.gz,False,1
4J0W,A,A,332,0,4J0W.cif.gz,False,1
3M5C,A,A,332,0,3M5C.cif.gz,False,1
5HN3,A,A,332,0,5HN3.cif.gz,False,1
4N02,A,A,332,0,4N02.cif.gz,False,1
4ORF,A,A,332,0,4ORF.cif.gz,False,1
2YX0,A,A,332,0,2YX0.cif.gz,False,1
2QDF,A,A,332,0,2QDF.cif.gz,True,1
1RI6,A,A,333,0,1RI6.cif.gz,False,1
1J33,A,A,333,0,1J33.cif.gz,False,1
4K8L,A,A,333,0,4K8L.cif.gz,False,1
1G8P,A,A,333,0,1G8P.cif.gz,False,1
5N8F,A,A,333,0,5N8F.cif.gz,False,1
5WY4,A,A,333,0,5WY4.cif.gz,False,1
4NQ0,A,A,334,0,4NQ0.cif.gz,False,1
6FYO,A,A,334,0,6FYO.cif.gz,False,1
4OQ1,A,A,334,0,4OQ1.cif.gz,False,1
1FHL,A,A,334,0,1FHL.cif.gz,False,1
5DZ9,A,A,334,0,5DZ9.cif.gz,False,1
5I7N,A,A,334,0,5I7N.cif.gz,False,1
4Z1P,A,A,334,0,4Z1P.cif.gz,False,1
5D91,A,A,335,0,5D91.cif.gz,True,1
2CU2,A,A,335,0,2CU2.cif.gz,False,1
3VJ8,A,A,335,0,3VJ8.cif.gz,False,1
3DR3,A,A,335,0,3DR3.cif.gz,False,1
4REG,A,A,335,0,4REG.cif.gz,False,1
4OZW,A,A,335,0,4OZW.cif.gz,False,1
1XIX,A,A,335,0,1XIX.cif.gz,False,1
3TMA,A,A,336,0,3TMA.cif.gz,False,1
3LMD,A,A,336,0,3LMD.cif.gz,False,1
2PIC,A,A,336,0,2PIC.cif.gz,False,1
3MBD,A,A,336,0,3MBD.cif.gz,False,1
3K3F,A,A,336,0,3K3F.cif.gz,True,1
5O77,A,A,337,0,5O77.cif.gz,True,1
4L9R,A,A,337,0,4L9R.cif.gz,False,1
3V0U,A,A,337,0,3V0U.cif.gz,False,1
4M36,A,A,337,0,4M36.cif.gz,False,1
1U9T,A,A,337,0,1U9T.cif.gz,False,1
3NF2,A,A,338,0,3NF2.cif.gz,False,1
3SKP,A,A,338,0,3SKP.cif.gz,True,1
3FK5,A,A,338,0,3FK5.cif.gz,False,1
4FH3,A,A,338,0,4FH3.cif.gz,False,1
4XYW,A,A,338,0,4XYW.cif.gz,False,1
1H09,A,A,338,0,1H09.cif.gz,False,1
4NCI,A,A,339,0,4NCI.cif.gz,False,1
6INX,A,A,339,0,6INX.cif.gz,False,1
6QK4,A,B,339,0,6QK4.cif.gz,False,1
4QQ3,A,A,339,0,4QQ3.cif.gz,False,1
5THL,A,A,339,0,5THL.cif.gz,False,1
3UAH,A,A,340,0,3UAH.cif.gz,False,1
5YAE,A,A,340,0,5YAE.cif.gz,False,1
4LF0,A,A,340,0,4LF0.cif.gz,False,1
4BOK,A,A,340,0,4BOK.cif.gz,False,1
5UY7,A,A,340,0,5UY7.cif.gz,False,1
2BJQ,A,A,340,0,2BJQ.cif.gz,False,1
1SI7,A,A,340,0,1SI7.cif.gz,False,1
3PST,A,A,340,0,3PST.cif.gz,False,1
1L4B,A,A,340,0,1L4B.cif.gz,False,1
4DQN,A,A,340,0,4DQN.cif.gz,False,1
6AKY,A,A,340,0,6AKY.cif.gz,True,1
5CKR,A,A,340,0,5CKR.cif.gz,True,1
2ZFG,A,A,340,0,2ZFG.cif.gz,True,1
1CEO,A,A,340,0,1CEO.cif.gz,False,1
4GYG,A,A,341,0,4GYG.cif.gz,False,1
5ZWU,A,A,341,0,5ZWU.cif.gz,False,1
5HQG,A,A,341,0,5HQG.cif.gz,False,1
1GKX,A,A,341,0,1GKX.cif.gz,False,1
4LDU,A,A,341,0,4LDU.cif.gz,False,1
3BV4,A,A,341,0,3BV4.cif.gz,False,1
4XQR,A,F,341,0,4XQR.cif.gz,False,1
3VZT,A,X,341,0,3VZT.cif.gz,True,1
4LK4,A,A,341,0,4LK4.cif.gz,False,1
3HR8,A,A,342,0,3HR8.cif.gz,False,1
2BLL,A,A,342,0,2BLL.cif.gz,False,1
2OKT,A,A,342,0,2OKT.cif.gz,False,1
3ETV,A,A,342,0,3ETV.cif.gz,False,1
3ORY,A,A,342,0,3ORY.cif.gz,False,1
4NPH,A,A,343,0,4NPH.cif.gz,False,1
5B6K,A,A,343,0,5B6K.cif.gz,False,1
2BLE,A,A,343,0,2BLE.cif.gz,False,1
1J93,A,A,343,0,1J93.cif.gz,False,1
1N93,A,X,343,0,1N93.cif.gz,False,1
2ROQ,A,A,343,0,2ROQ.cif.gz,False,20
4MKX,A,A,343,0,4MKX.cif.gz,False,1
6EOU,A,A,343,0,6EOU.cif.gz,False,1
3A3J,A,A,344,0,3A3J.cif.gz,False,1
1HH2,A,P,344,0,1HH2.cif.gz,False,1
1FO9,A,A,344,0,1FO9.cif.gz,False,1
1X0A,A,A,344,0,1X0A.cif.gz,False,1
1WRU,A,A,344,0,1WRU.cif.gz,False,1
2B0J,A,A,344,0,2B0J.cif.gz,False,1
6FLF,A,A,344,0,6FLF.cif.gz,False,1
3N54,A,B,344,0,3N54.cif.gz,False,1
4XNV,A,A,345,0,4XNV.cif.gz,True,1
1A8Y,A,A,345,0,1A8Y.cif.gz,False,1
4AF8,A,A,345,0,4AF8.cif.gz,False,1
1I9Y,A,A,345,0,1I9Y.cif.gz,False,1
5MXE,A,A,345,0,5MXE.cif.gz,False,1
5X89,A,A,346,0,5X89.cif.gz,False,1
3WPA,A,A,346,0,3WPA.cif.gz,False,1
1USG,A,A,346,0,1USG.cif.gz,False,1
6JCH,A,A,346,0,6JCH.cif.gz,False,1
6EFW,A,A,347,0,6EFW.cif.gz,False,1
3BQW,A,A,347,0,3BQW.cif.gz,False,1
3PTE,A,A,347,0,3PTE.cif.gz,False,1
5GIU,A,A,348,0,5GIU.cif.gz,False,1
3IPC,A,A,348,0,3IPC.cif.gz,False,1
4LNS,A,A,348,0,4LNS.cif.gz,False,1
3MYD,A,A,348,0,3MYD.cif.gz,False,1
3CML,A,A,348,0,3CML.cif.gz,False,1
5HJJ,A,A,348,0,5HJJ.cif.gz,False,1
2PAW,A,A,348,0,2PAW.cif.gz,False,1
3I2N,A,A,349,0,3I2N.cif.gz,False,1
5CI4,A,A,349,0,5CI4.cif.gz,False,1
5Z4C,A,A,349,0,5Z4C.cif.gz,False,1
5TZI,A,C,349,0,5TZI.cif.gz,False,1
4AD1,A,A,349,0,4AD1.cif.gz,False,1
4GTN,A,A,349,0,4GTN.cif.gz,False,1
4YNO,A,A,350,0,4YNO.cif.gz,False,1
3CMN,A,A,350,0,3CMN.cif.gz,False,1
1X19,A,A,350,0,1X19.cif.gz,False,1
1K6I,A,A,350,0,1K6I.cif.gz,False,1
2XHC,A,A,350,0,2XHC.cif.gz,False,1
6G7O,A,A,350,0,6G7O.cif.gz,True,1
1QAZ,A,A,351,0,1QAZ.cif.gz,False,1
3UGU,A,A,351,0,3UGU.cif.gz,False,1
6CNH,A,A,351,0,6CNH.cif.gz,False,1
4W7G,A,A,351,0,4W7G.cif.gz,False,1
2WB8,A,A,352,0,2WB8.cif.gz,False,1
5A10,A,A,352,0,5A10.cif.gz,False,1
1AIR,A,A,352,0,1AIR.cif.gz,False,1
4S31,A,A,352,0,4S31.cif.gz,False,1
1NJ4,A,A,353,0,1NJ4.cif.gz,False,1
2C0H,A,A,353,0,2C0H.cif.gz,False,1
3AAP,A,A,353,0,3AAP.cif.gz,False,1
5NOA,A,A,354,0,5NOA.cif.gz,False,1
6G7W,A,A,354,0,6G7W.cif.gz,False,1
6BAR,A,A,354,0,6BAR.cif.gz,True,1
5MLZ,A,A,355,0,5MLZ.cif.gz,True,1
3CAX,A,A,355,0,3CAX.cif.gz,False,1
4HDJ,A,A,355,0,4HDJ.cif.gz,False,1
4YZK,A,A,355,0,4YZK.cif.gz,False,1
1B6R,A,A,355,0,1B6R.cif.gz,False,1
4D7R,A,A,355,0,4D7R.cif.gz,False,1
1LC5,A,A,355,0,1LC5.cif.gz,False,1
6QD5,A,A,356,0,6QD5.cif.gz,True,1
2MR3,A,A,356,0,2MR3.cif.gz,False,20
2J4O,A,A,356,0,2J4O.cif.gz,False,1
6FM6,A,A,356,0,6FM6.cif.gz,False,1
1BG6,A,A,356,0,1BG6.cif.gz,False,1
3ZPJ,A,A,356,0,3ZPJ.cif.gz,False,1
16VP,A,A,356,0,16VP.cif.gz,False,1
3PG1,A,A,356,0,3PG1.cif.gz,False,1
4AM1,A,A,356,0,4AM1.cif.gz,False,1
4P4U,A,A,356,0,4P4U.cif.gz,False,1
3RFY,A,A,356,0,3RFY.cif.gz,False,1
1MPP,A,A,357,0,1MPP.cif.gz,False,1
3GW3,A,A,357,0,3GW3.cif.gz,False,1
4QP0,A,A,357,0,4QP0.cif.gz,False,1
5N7Z,A,A,357,0,5N7Z.cif.gz,False,1
1DB3,A,A,357,0,1DB3.cif.gz,False,1
1F2J,A,A,357,0,1F2J.cif.gz,False,1
3Q1C,A,A,357,0,3Q1C.cif.gz,False,1
3PZ9,A,A,357,0,3PZ9.cif.gz,False,1
5XCY,A,A,358,0,5XCY.cif.gz,False,1
2CYA,A,A,358,0,2CYA.cif.gz,False,1
4WZU,A,A,358,0,4WZU.cif.gz,False,1
2O5V,A,A,358,0,2O5V.cif.gz,False,1
6E31,A,A,358,0,6E31.cif.gz,False,1
3ZY4,A,A,358,0,3ZY4.cif.gz,False,1
2YYZ,A,A,358,0,2YYZ.cif.gz,False,1
4UTK,A,A,359,0,4UTK.cif.gz,False,1
3NYT,A,A,359,0,3NYT.cif.gz,False,1
3E5N,A,A,359,0,3E5N.cif.gz,False,1
4PK9,A,A,359,0,4PK9.cif.gz,False,1
1QCX,A,A,359,0,1QCX.cif.gz,False,1
3MIX,A,A,359,0,3MIX.cif.gz,False,1
3LD1,A,A,359,0,3LD1.cif.gz,False,1
1YHK,A,A,360,0,1YHK.cif.gz,False,1
2KTY,A,A,360,0,2KTY.cif.gz,False,20
3R5E,A,A,360,0,3R5E.cif.gz,False,1
2JDW,A,A,360,0,2JDW.cif.gz,False,1
6GXR,A,A,360,0,6GXR.cif.gz,False,1
6FHF,A,A,360,0,6FHF.cif.gz,False,1
1X7F,A,A,361,0,1X7F.cif.gz,False,1
1PJB,A,A,361,0,1PJB.cif.gz,False,1
4EXQ,A,A,361,0,4EXQ.cif.gz,False,1
2LAV,A,A,361,0,2LAV.cif.gz,False,20
1WOS,A,A,361,0,1WOS.cif.gz,False,1
1EUR,A,A,361,0,1EUR.cif.gz,False,1
5EPD,A,A,361,0,5EPD.cif.gz,False,1
1JTA,A,A,361,0,1JTA.cif.gz,False,1
3GIR,A,A,361,0,3GIR.cif.gz,False,1
1NQK,A,A,362,0,1NQK.cif.gz,False,1
3AGK,A,A,362,0,3AGK.cif.gz,False,1
1VLC,A,A,362,0,1VLC.cif.gz,False,1
5MQI,A,A,362,0,5MQI.cif.gz,False,1
3THI,A,A,362,0,3THI.cif.gz,False,1
3B9W,A,A,362,0,3B9W.cif.gz,True,1
3Q54,A,A,363,0,3Q54.cif.gz,False,1
1OQY,A,A,363,0,1OQY.cif.gz,False,12
6MFA,A,A,363,0,6MFA.cif.gz,False,1
1NC5,A,A,363,0,1NC5.cif.gz,False,1
4NF7,A,A,363,0,4NF7.cif.gz,False,1
1IS9,A,A,363,0,1IS9.cif.gz,False,1
6GO3,A,A,364,0,6GO3.cif.gz,False,1
2V6F,A,A,364,0,2V6F.cif.gz,False,1
3LNU,A,A,364,0,3LNU.cif.gz,False,1
3GD0,A,A,365,0,3GD0.cif.gz,False,1
2PNW,A,A,365,0,2PNW.cif.gz,False,1
2QRJ,A,A,365,0,2QRJ.cif.gz,False,1
5IC7,A,A,365,0,5IC7.cif.gz,False,1
2F8H,A,A,366,0,2F8H.cif.gz,False,1
3KCI,A,A,366,0,3KCI.cif.gz,False,1
3AYR,A,A,366,0,3AYR.cif.gz,False,1
4NLB,A,A,366,0,4NLB.cif.gz,False,1
1K30,A,A,366,0,1K30.cif.gz,False,1
2AEU,A,A,366,0,2AEU.cif.gz,False,1
2PGE,A,A,366,0,2PGE.cif.gz,False,1
4PMH,A,A,366,0,4PMH.cif.gz,False,1
2PRL,A,A,367,0,2PRL.cif.gz,True,1
1VPK,A,A,367,0,1VPK.cif.gz,False,1
5BTB,A,A,367,0,5BTB.cif.gz,False,1
2VX5,A,A,367,0,2VX5.cif.gz,False,1
5Z67,A,A,367,0,5Z67.cif.gz,False,1
5NY0,A,A,368,0,5NY0.cif.gz,False,1
3IVF,A,A,368,0,3IVF.cif.gz,False,1
1FNF,A,A,368,0,1FNF.cif.gz,False,1
3T1W,A,A,368,0,3T1W.cif.gz,False,1
1G4W,A,R,369,0,1G4W.cif.gz,False,1
4C41,A,A,369,0,4C41.cif.gz,False,1
3IU0,A,A,369,0,3IU0.cif.gz,False,1
3KJT,A,A,370,0,3KJT.cif.gz,False,1
4KDS,A,A,370,0,4KDS.cif.gz,False,1
1RH9,A,A,370,0,1RH9.cif.gz,False,1
6OAF,A,A,370,0,6OAF.cif.gz,False,1
3PSG,A,A,370,0,3PSG.cif.gz,False,1
1OZA,A,A,371,0,1OZA.cif.gz,False,1
5JAH,A,A,371,0,5JAH.cif.gz,False,1
3DMF,A,A,371,0,3DMF.cif.gz,False,1
1R53,A,A,371,0,1R53.cif.gz,False,1
1C3P,A,A,372,0,1C3P.cif.gz,False,1
4F1V,A,A,372,0,4F1V.cif.gz,False,1
6JMF,A,A,372,0,6JMF.cif.gz,False,1
5EE0,A,A,372,0,5EE0.cif.gz,False,1
6CJ7,A,A,372,0,6CJ7.cif.gz,False,1
3Q7O,A,A,372,0,3Q7O.cif.gz,True,1
6I7U,A,A,372,0,6I7U.cif.gz,False,1
1VF8,A,A,373,0,1VF8.cif.gz,False,1
1TXD,A,A,373,0,1TXD.cif.gz,False,1
2HY7,A,A,373,0,2HY7.cif.gz,False,1
3LW2,A,A,373,0,3LW2.cif.gz,False,1
2PEF,A,A,373,0,2PEF.cif.gz,False,1
2FEZ,A,A,373,0,2FEZ.cif.gz,False,1
2CY7,A,A,373,0,2CY7.cif.gz,False,1
3V6P,A,A,373,0,3V6P.cif.gz,False,1
5GKV,A,A,373,0,5GKV.cif.gz,False,1
1QMN,A,A,374,0,1QMN.cif.gz,False,1
4KG7,A,A,374,0,4KG7.cif.gz,False,1
3GD6,A,A,374,0,3GD6.cif.gz,False,1
4YL7,A,A,374,0,4YL7.cif.gz,False,1
1SO7,A,A,374,0,1SO7.cif.gz,False,1
1ND7,A,A,374,0,1ND7.cif.gz,False,1
4RKI,A,A,374,0,4RKI.cif.gz,False,1
5WUS,A,A,375,0,5WUS.cif.gz,False,1
5H4E,A,A,375,0,5H4E.cif.gz,False,1
2Q13,A,A,375,0,2Q13.cif.gz,False,1
3OZQ,A,A,376,0,3OZQ.cif.gz,False,1
4XYG,A,A,376,0,4XYG.cif.gz,False,1
3GNF,A,B,376,0,3GNF.cif.gz,False,1
2I7Q,A,A,376,0,2I7Q.cif.gz,False,1
3KQ5,A,A,376,0,3KQ5.cif.gz,False,1
1BHE,A,A,376,0,1BHE.cif.gz,False,1
1SEK,A,A,376,0,1SEK.cif.gz,False,1
3M7D,A,A,377,0,3M7D.cif.gz,False,1
1S2M,A,A,377,0,1S2M.cif.gz,False,1
3QFP,A,A,377,0,3QFP.cif.gz,False,1
4HWG,A,A,377,0,4HWG.cif.gz,False,1
2CAV,A,A,377,0,2CAV.cif.gz,False,1
3I65,A,A,378,0,3I65.cif.gz,True,1
2ZQ5,A,A,378,0,2ZQ5.cif.gz,False,1
5GU6,A,A,378,0,5GU6.cif.gz,False,1
5W8N,A,A,379,0,5W8N.cif.gz,False,1
4WBX,A,C,379,0,4WBX.cif.gz,False,1
6BD4,A,A,379,0,6BD4.cif.gz,True,1
4JP0,A,A,380,0,4JP0.cif.gz,False,1
2BTZ,A,A,380,0,2BTZ.cif.gz,False,1
2P02,A,A,380,0,2P02.cif.gz,False,1
5WIU,A,A,380,0,5WIU.cif.gz,True,1
5OR1,A,A,380,0,5OR1.cif.gz,True,1
1G0W,A,A,380,0,1G0W.cif.gz,False,1
1EDG,A,A,380,0,1EDG.cif.gz,False,1
5NS1,A,A,381,0,5NS1.cif.gz,False,1
1BY7,A,A,381,0,1BY7.cif.gz,False,1
2SIL,A,A,381,0,2SIL.cif.gz,False,1
6D46,A,A,382,0,6D46.cif.gz,False,1
2RAJ,A,A,382,0,2RAJ.cif.gz,False,1
3V55,A,A,383,0,3V55.cif.gz,False,1
1BS0,A,A,383,0,1BS0.cif.gz,False,1
3PZF,A,A,383,0,3PZF.cif.gz,False,1
1XQF,A,A,384,0,1XQF.cif.gz,True,1
5BZ3,A,A,384,0,5BZ3.cif.gz,True,1
1E4F,A,T,384,0,1E4F.cif.gz,False,1
4P0F,A,A,384,0,4P0F.cif.gz,False,1
6L1K,A,A,384,0,6L1K.cif.gz,False,1
4G3T,A,A,384,0,4G3T.cif.gz,False,1
2B78,A,A,385,0,2B78.cif.gz,False,1
5TUL,A,A,386,0,5TUL.cif.gz,False,1
1R6X,A,A,386,0,1R6X.cif.gz,False,1
1V5C,A,A,386,0,1V5C.cif.gz,False,1
1FC9,A,A,386,0,1FC9.cif.gz,False,1
5AVH,A,A,386,0,5AVH.cif.gz,False,1
5GHE,A,A,386,0,5GHE.cif.gz,False,1
5YKH,A,A,386,0,5YKH.cif.gz,False,1
2B4E,A,A,386,0,2B4E.cif.gz,False,1
3H1D,A,A,387,0,3H1D.cif.gz,False,1
3GFC,A,A,387,0,3GFC.cif.gz,False,1
2ZHV,A,A,387,0,2ZHV.cif.gz,False,1
2HQ0,A,A,388,0,2HQ0.cif.gz,False,1
3G6L,A,A,388,0,3G6L.cif.gz,False,1
6A5C,A,A,388,0,6A5C.cif.gz,False,1
4ZK3,A,A,388,0,4ZK3.cif.gz,False,1
1PIE,A,A,388,0,1PIE.cif.gz,False,1
3ASA,A,A,388,0,3ASA.cif.gz,False,1
4V38,A,A,388,0,4V38.cif.gz,False,1
1WYC,A,A,388,0,1WYC.cif.gz,False,1
1D6F,A,A,389,0,1D6F.cif.gz,False,1
4IZO,A,A,389,0,4IZO.cif.gz,False,1
3WA1,A,A,389,0,3WA1.cif.gz,False,1
4XWU,A,A,389,0,4XWU.cif.gz,False,1
5T6O,A,A,389,0,5T6O.cif.gz,False,1
2IE8,A,A,390,0,2IE8.cif.gz,False,1
4UQB,A,A,390,0,4UQB.cif.gz,False,1
2HBJ,A,A,390,0,2HBJ.cif.gz,False,1
5JHE,A,A,390,0,5JHE.cif.gz,False,1
5ZKC,A,A,390,0,5ZKC.cif.gz,True,1
4IAR,A,A,390,0,4IAR.cif.gz,True,1
3SSZ,A,A,391,0,3SSZ.cif.gz,False,1
2B2H,A,A,391,0,2B2H.cif.gz,True,1
3K01,A,A,391,0,3K01.cif.gz,False,1
1ZJK,A,A,391,0,1ZJK.cif.gz,False,1
5WV8,A,A,391,0,5WV8.cif.gz,False,1
5BTH,A,A,391,0,5BTH.cif.gz,False,1
4DD5,A,A,391,0,4DD5.cif.gz,False,1
3GT5,A,A,391,0,3GT5.cif.gz,False,1
4XFK,A,A,391,0,4XFK.cif.gz,False,1
6A5B,A,A,391,0,6A5B.cif.gz,False,1
6CCA,A,A,392,0,6CCA.cif.gz,False,1
2G85,A,A,392,0,2G85.cif.gz,False,1
1R5M,A,A,392,0,1R5M.cif.gz,False,1
4BEU,A,A,392,0,4BEU.cif.gz,False,1
1XMB,A,A,392,0,1XMB.cif.gz,False,1
4ZP0,A,A,392,0,4ZP0.cif.gz,True,1
4GQ1,A,A,392,0,4GQ1.cif.gz,False,1
4L4U,A,A,392,0,4L4U.cif.gz,False,1
3SZV,A,A,393,0,3SZV.cif.gz,True,1
2WN4,A,A,393,0,2WN4.cif.gz,False,1
6DTR,A,A,393,0,6DTR.cif.gz,False,1
6D47,A,A,393,0,6D47.cif.gz,False,1
1SQ9,A,A,393,0,1SQ9.cif.gz,False,1
6RZ6,A,A,393,0,6RZ6.cif.gz,True,1
5IWZ,A,A,394,0,5IWZ.cif.gz,False,1
4R6H,A,A,394,0,4R6H.cif.gz,False,1
2OO6,A,A,394,0,2OO6.cif.gz,False,1
1CZ1,A,A,394,0,1CZ1.cif.gz,False,1
6FWZ,A,A,394,0,6FWZ.cif.gz,True,1
4IB4,A,A,394,0,4IB4.cif.gz,True,1
1IO1,A,A,395,0,1IO1.cif.gz,False,1
4Z35,A,A,396,0,4Z35.cif.gz,True,1
4R6K,A,A,396,0,4R6K.cif.gz,False,1
3H2G,A,A,396,0,3H2G.cif.gz,False,1
2D66,A,A,396,0,2D66.cif.gz,False,1
1JHD,A,A,396,0,1JHD.cif.gz,False,1
3T5B,A,A,396,0,3T5B.cif.gz,False,1
4PXZ,A,A,397,0,4PXZ.cif.gz,True,1
3GRH,A,A,397,0,3GRH.cif.gz,False,1
3H4T,A,A,397,0,3H4T.cif.gz,False,1
3ANJ,A,A,397,0,3ANJ.cif.gz,False,1
3PID,A,A,398,0,3PID.cif.gz,False,1
2I49,A,A,398,0,2I49.cif.gz,False,1
1UZ5,A,A,398,0,1UZ5.cif.gz,False,1
6D91,A,A,398,0,6D91.cif.gz,True,1
2FGT,A,A,398,0,2FGT.cif.gz,False,1
6JKZ,A,A,399,0,6JKZ.cif.gz,False,1
4AMM,A,A,401,0,4AMM.cif.gz,False,1
2GGO,A,A,401,0,2GGO.cif.gz,False,1
5NM4,A,A,401,0,5NM4.cif.gz,True,1
2G5D,A,A,402,0,2G5D.cif.gz,False,1
3G5B,A,A,402,0,3G5B.cif.gz,False,1
5DL7,A,A,402,0,5DL7.cif.gz,True,1
4NZP,A,A,403,0,4NZP.cif.gz,False,1
4DYL,A,A,403,0,4DYL.cif.gz,False,1
6S1L,A,A,403,0,6S1L.cif.gz,False,1
4MFI,A,A,403,0,4MFI.cif.gz,False,1
2C7Z,A,A,403,0,2C7Z.cif.gz,False,1
1XKS,A,A,403,0,1XKS.cif.gz,False,1
2UVG,A,A,403,0,2UVG.cif.gz,False,1
1X0M,A,A,403,0,1X0M.cif.gz,False,1
1H13,A,A,404,0,1H13.cif.gz,False,1
6J21,A,A,404,0,6J21.cif.gz,True,1
5MGV,A,A,405,0,5MGV.cif.gz,False,1
4CP6,A,A,405,0,4CP6.cif.gz,False,1
6EU6,A,A,405,0,6EU6.cif.gz,True,1
5TV2,A,A,405,0,5TV2.cif.gz,False,1
6H0C,A,A,406,0,6H0C.cif.gz,False,1
3RP9,A,A,406,0,3RP9.cif.gz,False,1
6NDN,A,A,406,0,6NDN.cif.gz,False,1
3IJ4,A,A,406,0,3IJ4.cif.gz,True,1
4N4A,A,A,406,0,4N4A.cif.gz,False,1
4NOM,A,A,407,0,4NOM.cif.gz,False,1
3WKF,A,A,407,0,3WKF.cif.gz,False,1
2KR0,A,A,407,0,2KR0.cif.gz,False,31
3LRF,A,A,407,0,3LRF.cif.gz,False,1
5LDV,A,A,408,0,5LDV.cif.gz,True,1
5XLS,A,A,408,0,5XLS.cif.gz,True,1
4N6H,A,A,408,0,4N6H.cif.gz,True,1
5Z33,A,A,408,0,5Z33.cif.gz,False,1
5YDA,A,A,409,0,5YDA.cif.gz,False,1
5MUK,A,A,409,0,5MUK.cif.gz,False,1
5SXO,A,A,409,0,5SXO.cif.gz,False,1
5U7W,A,A,409,0,5U7W.cif.gz,False,1
6N10,A,A,410,0,6N10.cif.gz,False,1
3FUQ,A,A,411,0,3FUQ.cif.gz,False,1
1BQG,A,A,411,0,1BQG.cif.gz,False,1
6A0P,A,A,411,0,6A0P.cif.gz,False,1
2C7T,A,A,412,0,2C7T.cif.gz,False,1
5OMP,A,A,412,0,5OMP.cif.gz,False,1
6IXO,A,A,412,0,6IXO.cif.gz,False,1
6QJ0,A,A,412,0,6QJ0.cif.gz,False,1
2RA1,A,A,412,0,2RA1.cif.gz,False,1
1LRZ,A,A,412,0,1LRZ.cif.gz,False,1
4PD6,A,A,412,0,4PD6.cif.gz,True,1
6FNW,A,A,412,0,6FNW.cif.gz,True,1
6D6Z,A,A,414,0,6D6Z.cif.gz,False,1
3OGG,A,A,414,0,3OGG.cif.gz,False,1
2BBC,A,A,414,0,2BBC.cif.gz,False,1
3O7Q,A,A,414,0,3O7Q.cif.gz,True,1
6OB7,A,A,414,0,6OB7.cif.gz,True,1
6BVZ,A,A,415,0,6BVZ.cif.gz,False,1
3ZU2,A,A,415,0,3ZU2.cif.gz,False,1
6HPT,A,A,416,0,6HPT.cif.gz,False,1
5DL5,A,A,416,0,5DL5.cif.gz,False,1
2YVW,A,A,416,0,2YVW.cif.gz,False,1
3DMS,A,A,417,0,3DMS.cif.gz,False,1
5H03,A,A,417,0,5H03.cif.gz,False,1
3ACP,A,A,417,0,3ACP.cif.gz,False,1
6BHC,A,A,417,0,6BHC.cif.gz,False,1
2CFQ,A,A,417,0,2CFQ.cif.gz,True,1
5GO4,A,A,418,0,5GO4.cif.gz,False,1
5SUI,A,A,418,0,5SUI.cif.gz,False,1
5KP5,A,A,418,0,5KP5.cif.gz,False,1
4PD0,A,A,418,0,4PD0.cif.gz,False,1
2VFV,A,A,418,0,2VFV.cif.gz,False,1
1YC9,A,A,418,0,1YC9.cif.gz,True,1
4MND,A,A,418,0,4MND.cif.gz,True,1
3VC5,A,A,419,0,3VC5.cif.gz,False,1
4XE7,A,A,419,0,4XE7.cif.gz,False,1
5HTJ,A,A,419,0,5HTJ.cif.gz,False,1
2DBN,A,A,420,0,2DBN.cif.gz,False,1
5AYN,A,A,420,0,5AYN.cif.gz,True,1
1H4V,A,B,420,0,1H4V.cif.gz,False,1
3SY7,A,A,421,0,3SY7.cif.gz,True,1
3LP8,A,A,421,0,3LP8.cif.gz,False,1
5MK6,A,A,421,0,5MK6.cif.gz,False,1
5H9X,A,A,421,0,5H9X.cif.gz,False,1
6EKT,A,A,422,0,6EKT.cif.gz,False,1
6E1I,A,A,422,0,6E1I.cif.gz,False,1
5TJ8,A,A,422,0,5TJ8.cif.gz,False,1
6IYR,A,A,423,0,6IYR.cif.gz,False,1
4F11,A,A,423,0,4F11.cif.gz,False,1
3BOK,A,A,423,0,3BOK.cif.gz,False,1
3J9C,A,A,423,0,3J9C.cif.gz,True,1
3H38,A,A,424,0,3H38.cif.gz,False,1
2O0D,A,A,424,0,2O0D.cif.gz,False,1
5HTR,A,A,424,0,5HTR.cif.gz,False,1
3GRE,A,A,424,0,3GRE.cif.gz,False,1
4MZD,A,A,424,0,4MZD.cif.gz,False,1
5XYH,A,A,424,0,5XYH.cif.gz,False,1
1SQG,A,A,424,0,1SQG.cif.gz,False,1
5CGD,A,A,424,0,5CGD.cif.gz,True,1
3U0B,A,A,425,0,3U0B.cif.gz,False,1
3PGU,A,A,425,0,3PGU.cif.gz,True,1
4USZ,A,A,425,0,4USZ.cif.gz,False,1
2GCB,A,A,425,0,2GCB.cif.gz,False,1
4RJW,A,A,426,0,4RJW.cif.gz,True,1
3CJ1,A,A,426,0,3CJ1.cif.gz,False,1
6GM7,A,A,426,0,6GM7.cif.gz,False,1
1GSO,A,A,428,0,1GSO.cif.gz,False,1
4OWD,A,A,428,0,4OWD.cif.gz,False,1
2E9Q,A,A,428,0,2E9Q.cif.gz,False,1
1VB3,A,A,428,0,1VB3.cif.gz,False,1
5FTD,A,A,429,0,5FTD.cif.gz,False,1
6ASK,A,A,430,0,6ASK.cif.gz,False,1
5LGG,A,A,430,0,5LGG.cif.gz,False,1
5E5B,A,A,431,0,5E5B.cif.gz,False,1
5H2D,A,A,431,0,5H2D.cif.gz,False,1
2PZ1,A,A,431,0,2PZ1.cif.gz,False,1
5EFR,A,A,431,0,5EFR.cif.gz,True,1
6BS7,A,A,431,0,6BS7.cif.gz,False,1
6D0A,A,A,431,0,6D0A.cif.gz,False,1
4HPZ,A,A,432,0,4HPZ.cif.gz,False,1
4S3K,A,A,433,0,4S3K.cif.gz,False,1
1KS8,A,A,433,0,1KS8.cif.gz,False,1
1D5T,A,A,433,0,1D5T.cif.gz,False,1
5GWN,A,A,433,0,5GWN.cif.gz,False,1
3MPP,A,G,433,0,3MPP.cif.gz,False,1
3FEW,A,X,433,0,3FEW.cif.gz,False,1
5BSB,A,A,433,0,5BSB.cif.gz,False,1
3BRZ,A,A,433,0,3BRZ.cif.gz,True,1
3GIA,A,A,433,0,3GIA.cif.gz,True,1
1X56,A,A,434,0,1X56.cif.gz,False,1
3L1L,A,A,434,0,3L1L.cif.gz,True,1
5DRU,A,A,435,0,5DRU.cif.gz,False,1
8OHM,A,A,435,0,8OHM.cif.gz,False,1
2JJF,A,A,435,0,2JJF.cif.gz,False,1
3TPD,A,A,436,0,3TPD.cif.gz,False,1
3ENL,A,A,436,0,3ENL.cif.gz,False,1
1E0D,A,A,437,0,1E0D.cif.gz,False,1
3C8T,A,A,438,0,3C8T.cif.gz,False,1
3H6J,A,A,438,0,3H6J.cif.gz,False,1
5ZG8,A,A,438,0,5ZG8.cif.gz,False,1
5EE7,A,A,438,0,5EE7.cif.gz,True,1
3NMO,A,A,439,0,3NMO.cif.gz,True,1
2X9Y,A,A,439,0,2X9Y.cif.gz,False,1
5ZKS,A,A,440,0,5ZKS.cif.gz,False,1
3BYL,A,A,440,0,3BYL.cif.gz,False,1
4K7R,A,A,440,0,4K7R.cif.gz,True,1
3VKW,A,A,440,0,3VKW.cif.gz,False,1
4US3,A,A,441,0,4US3.cif.gz,True,1
1D0H,A,A,441,0,1D0H.cif.gz,False,1
3CMJ,A,A,441,0,3CMJ.cif.gz,False,1
3CB6,A,A,441,0,3CB6.cif.gz,False,1
6OL9,A,A,442,0,6OL9.cif.gz,True,1
5JPS,A,A,442,0,5JPS.cif.gz,False,1
1B0Z,A,A,442,0,1B0Z.cif.gz,False,1
6A8M,A,A,442,0,6A8M.cif.gz,False,1
3HD6,A,A,443,0,3HD6.cif.gz,True,1
2F5U,A,A,444,0,2F5U.cif.gz,False,1
1Q5N,A,A,444,0,1Q5N.cif.gz,False,1
3DWO,A,X,444,0,3DWO.cif.gz,True,1
5AZO,A,A,444,0,5AZO.cif.gz,True,1
4YB9,A,D,444,0,4YB9.cif.gz,True,1
5K5V,A,A,445,0,5K5V.cif.gz,False,1
2CY8,A,A,445,0,2CY8.cif.gz,False,1
2AXQ,A,A,445,0,2AXQ.cif.gz,False,1
2GG6,A,A,445,0,2GG6.cif.gz,False,1
5TZR,A,A,445,0,5TZR.cif.gz,True,1
5C6N,A,A,446,0,5C6N.cif.gz,True,1
4MV8,A,A,446,0,4MV8.cif.gz,False,1
5CCF,A,A,446,0,5CCF.cif.gz,False,1
2XSA,A,A,447,0,2XSA.cif.gz,False,1
3GSE,A,A,447,0,3GSE.cif.gz,False,1
4IUJ,A,A,448,0,4IUJ.cif.gz,False,1
3IF5,A,A,448,0,3IF5.cif.gz,False,1
1R5B,A,A,448,0,1R5B.cif.gz,False,1
5LM4,A,A,448,0,5LM4.cif.gz,True,1
1K89,A,A,449,0,1K89.cif.gz,False,1
5ZKP,A,A,450,0,5ZKP.cif.gz,True,1
5YCK,A,A,450,0,5YCK.cif.gz,True,1
6NHI,A,A,450,0,6NHI.cif.gz,False,1
6AD3,A,A,450,0,6AD3.cif.gz,False,1
2F82,A,A,450,0,2F82.cif.gz,False,1
4Z3N,A,A,451,0,4Z3N.cif.gz,True,1
1G95,A,A,451,0,1G95.cif.gz,False,1
1L2L,A,A,451,0,1L2L.cif.gz,False,1
3W4T,A,A,451,0,3W4T.cif.gz,True,1
4RP9,A,A,451,0,4RP9.cif.gz,True,1
4U4V,A,A,451,0,4U4V.cif.gz,True,1
6GMM,A,A,452,0,6GMM.cif.gz,False,1
1PII,A,A,452,0,1PII.cif.gz,False,1
3QNE,A,A,452,0,3QNE.cif.gz,False,1
3SYB,A,A,452,0,3SYB.cif.gz,True,1
3TPO,A,A,453,0,3TPO.cif.gz,False,1
4AFK,A,A,454,0,4AFK.cif.gz,True,1
1DFA,A,A,454,0,1DFA.cif.gz,False,1
3WBJ,A,A,455,0,3WBJ.cif.gz,False,1
5AEZ,A,A,455,0,5AEZ.cif.gz,True,1
2ECE,A,A,455,0,2ECE.cif.gz,False,1
3T5A,A,A,456,0,3T5A.cif.gz,False,1
2R60,A,A,456,0,2R60.cif.gz,False,1
3TV2,A,A,457,0,3TV2.cif.gz,False,1
1NTH,A,A,457,0,1NTH.cif.gz,False,1
1TUO,A,A,457,0,1TUO.cif.gz,False,1
2QV3,A,A,457,0,2QV3.cif.gz,False,1
5G0M,A,A,457,0,5G0M.cif.gz,False,1
2E01,A,A,457,0,2E01.cif.gz,False,1
3LWT,A,X,457,0,3LWT.cif.gz,False,1
5XNY,A,A,457,0,5XNY.cif.gz,False,1
6C4L,A,C,457,0,6C4L.cif.gz,False,1
6IBD,A,A,458,0,6IBD.cif.gz,False,1
1ZCJ,A,A,459,0,1ZCJ.cif.gz,False,1
4Q4L,A,A,459,0,4Q4L.cif.gz,False,1
3RD8,A,A,459,0,3RD8.cif.gz,False,1
3OF7,A,A,459,0,3OF7.cif.gz,False,1
4QIN,A,A,459,0,4QIN.cif.gz,True,1
3ODN,A,A,460,0,3ODN.cif.gz,False,1
6IA8,A,A,461,0,6IA8.cif.gz,False,1
5KUC,A,A,461,0,5KUC.cif.gz,True,1
4ZPC,A,A,462,0,4ZPC.cif.gz,False,1
4QS8,A,A,462,0,4QS8.cif.gz,False,1
4IDH,A,A,463,0,4IDH.cif.gz,False,1
5XF7,A,A,464,0,5XF7.cif.gz,False,1
2JLN,A,A,464,0,2JLN.cif.gz,True,1
4M97,A,A,465,0,4M97.cif.gz,False,1
6M9T,A,A,466,0,6M9T.cif.gz,True,1
3WA6,A,A,466,0,3WA6.cif.gz,False,1
6IIU,A,A,466,0,6IIU.cif.gz,True,1
3ZFH,A,A,467,0,3ZFH.cif.gz,False,1
6S8T,A,A,468,0,6S8T.cif.gz,False,1
3GZH,A,A,469,0,3GZH.cif.gz,False,1
1IG8,A,A,469,0,1IG8.cif.gz,False,1
4HSC,A,X,469,0,4HSC.cif.gz,True,1
4B8J,A,A,470,0,4B8J.cif.gz,False,1
4ZW9,A,A,470,0,4ZW9.cif.gz,True,1
5SYT,A,A,471,0,5SYT.cif.gz,True,1
1PFO,A,A,471,0,1PFO.cif.gz,True,1
6QWT,A,A,472,0,6QWT.cif.gz,False,1
2PGD,A,A,473,0,2PGD.cif.gz,False,1
2PQ6,A,A,473,0,2PQ6.cif.gz,False,1
5JBO,A,A,475,0,5JBO.cif.gz,False,1
6NC9,A,A,475,0,6NC9.cif.gz,True,1
4GC0,A,A,475,0,4GC0.cif.gz,True,1
3F8T,A,A,475,0,3F8T.cif.gz,False,1
1U09,A,A,476,0,1U09.cif.gz,False,1
3I44,A,A,476,0,3I44.cif.gz,False,1
2YYG,A,A,476,0,2YYG.cif.gz,False,1
6BQM,A,A,477,0,6BQM.cif.gz,False,1
2HG2,A,A,477,0,2HG2.cif.gz,False,1
6HDW,A,A,478,0,6HDW.cif.gz,False,1
3U3I,A,A,479,0,3U3I.cif.gz,False,1
6I3G,A,A,479,0,6I3G.cif.gz,False,1
6E8J,A,A,479,0,6E8J.cif.gz,True,1
2W8N,A,A,480,0,2W8N.cif.gz,False,1
1VJS,A,A,480,0,1VJS.cif.gz,False,1
2II0,A,A,480,0,2II0.cif.gz,False,1
5XGC,A,A,480,0,5XGC.cif.gz,False,1
6HQJ,A,A,480,0,6HQJ.cif.gz,False,1
4J0U,A,A,480,0,4J0U.cif.gz,False,1
5D6N,A,A,480,0,5D6N.cif.gz,False,1
3IHJ,A,A,481,0,3IHJ.cif.gz,False,1
5EV7,A,A,482,0,5EV7.cif.gz,False,1
5C86,A,A,482,0,5C86.cif.gz,False,1
1AK5,A,A,482,0,1AK5.cif.gz,False,1
5NVA,A,A,482,0,5NVA.cif.gz,True,1
3IGH,A,X,483,0,3IGH.cif.gz,False,1
3UFB,A,A,484,0,3UFB.cif.gz,False,1
1H9B,A,A,485,0,1H9B.cif.gz,False,1
2WC7,A,A,485,0,2WC7.cif.gz,False,1
4J18,A,A,485,0,4J18.cif.gz,False,1
4WJS,A,A,485,0,4WJS.cif.gz,False,1
2JA2,A,A,485,0,2JA2.cif.gz,False,1
2BG1,A,A,485,0,2BG1.cif.gz,False,1
1EOV,A,A,487,0,1EOV.cif.gz,False,1
6H7D,A,A,487,0,6H7D.cif.gz,True,1
4ZOY,A,A,487,0,4ZOY.cif.gz,False,1
2Z5L,A,A,488,0,2Z5L.cif.gz,False,1
5ZA4,A,A,488,0,5ZA4.cif.gz,False,1
4CDB,A,A,488,0,4CDB.cif.gz,True,1
5AOF,A,A,488,0,5AOF.cif.gz,True,1
5T5X,A,A,489,0,5T5X.cif.gz,False,1
5NKS,A,A,490,0,5NKS.cif.gz,False,1
1CBG,A,A,490,0,1CBG.cif.gz,False,1
4RGJ,A,A,490,0,4RGJ.cif.gz,False,1
4IKV,A,A,492,0,4IKV.cif.gz,True,1
4WJ9,A,A,493,0,4WJ9.cif.gz,False,1
3VSR,A,A,493,0,3VSR.cif.gz,False,1
1WDP,A,A,493,0,1WDP.cif.gz,False,1
2NBI,A,A,494,0,2NBI.cif.gz,False,1
4ACO,A,A,494,0,4ACO.cif.gz,False,1
3NSF,A,A,495,0,3NSF.cif.gz,False,1
6FTH,A,A,496,0,6FTH.cif.gz,False,1
5T7Z,A,A,496,0,5T7Z.cif.gz,False,1
2CKW,A,A,496,0,2CKW.cif.gz,False,1
6G3E,A,A,497,0,6G3E.cif.gz,False,1
4W6V,A,A,499,0,4W6V.cif.gz,True,1
4U2S,A,A,499,0,4U2S.cif.gz,False,1
1CWY,A,A,500,0,1CWY.cif.gz,False,1
5XBJ,A,A,500,0,5XBJ.cif.gz,False,1
5EJY,A,A,500,0,5EJY.cif.gz,False,1
5N6M,A,A,501,0,5N6M.cif.gz,True,1
3C3V,A,A,501,0,3C3V.cif.gz,False,1
4PZP,A,A,501,0,4PZP.cif.gz,False,1
5WQC,A,A,502,0,5WQC.cif.gz,True,1
1SH2,A,A,502,0,1SH2.cif.gz,False,1
1F0I,A,A,504,0,1F0I.cif.gz,False,1
5VRH,A,A,504,0,5VRH.cif.gz,True,1
5MV7,A,A,505,0,5MV7.cif.gz,False,1
3HOL,A,A,505,0,3HOL.cif.gz,False,1
1RT8,A,A,505,0,1RT8.cif.gz,False,1
3TPA,A,A,507,0,3TPA.cif.gz,False,1
6IAB,A,A,507,0,6IAB.cif.gz,False,1
1ZJH,A,A,507,0,1ZJH.cif.gz,False,1
3F83,A,A,508,0,3F83.cif.gz,False,1
2WSW,A,A,508,0,2WSW.cif.gz,True,1
3A1K,A,A,508,0,3A1K.cif.gz,False,1
5ZBQ,A,A,509,0,5ZBQ.cif.gz,True,1
2A65,A,A,511,0,2A65.cif.gz,True,1
3GLK,A,A,511,0,3GLK.cif.gz,False,1
4PLA,A,A,512,0,4PLA.cif.gz,True,1
4YZP,A,A,513,0,4YZP.cif.gz,False,1
2Z5Y,A,A,513,0,2Z5Y.cif.gz,True,1
1LW3,A,A,513,0,1LW3.cif.gz,False,1
6EI3,A,A,514,0,6EI3.cif.gz,True,1
6HH6,A,A,514,0,6HH6.cif.gz,False,1
6CF8,A,A,514,0,6CF8.cif.gz,False,1
3TCH,A,A,517,0,3TCH.cif.gz,False,1
6HR4,A,A,517,0,6HR4.cif.gz,False,1
1EI5,A,A,518,0,1EI5.cif.gz,False,1
3GH4,A,A,519,0,3GH4.cif.gz,False,1
3FP3,A,A,519,0,3FP3.cif.gz,False,1
6EOC,A,A,520,0,6EOC.cif.gz,False,1
6BMQ,A,A,523,0,6BMQ.cif.gz,False,1
4OHI,A,A,526,0,4OHI.cif.gz,False,1
2B5D,A,X,528,0,2B5D.cif.gz,False,1
3E1S,A,A,528,0,3E1S.cif.gz,False,1
1ZTY,A,A,528,0,1ZTY.cif.gz,False,1
4LXJ,A,A,530,0,4LXJ.cif.gz,True,1
6A3X,A,A,530,0,6A3X.cif.gz,False,1
4F3A,A,A,530,0,4F3A.cif.gz,True,1
3NSJ,A,A,531,0,3NSJ.cif.gz,True,1
5E0C,A,A,531,0,5E0C.cif.gz,False,1
4AE0,A,A,531,0,4AE0.cif.gz,False,1
3A9U,A,A,531,0,3A9U.cif.gz,False,1
4K3C,A,A,532,0,4K3C.cif.gz,True,1
1CHU,A,A,532,0,1CHU.cif.gz,False,1
2VL7,A,A,532,0,2VL7.cif.gz,False,1
1QID,A,A,532,0,1QID.cif.gz,False,1
5UV0,A,A,533,0,5UV0.cif.gz,False,1
1YVR,A,A,533,0,1YVR.cif.gz,False,1
5I62,A,A,534,0,5I62.cif.gz,False,1
3UE3,A,A,534,0,3UE3.cif.gz,False,1
4GAX,A,A,534,0,4GAX.cif.gz,False,1
4H5Y,A,A,535,0,4H5Y.cif.gz,False,1
4JKQ,A,A,535,0,4JKQ.cif.gz,False,1
3U9R,A,B,536,0,3U9R.cif.gz,False,1
6ASN,A,A,536,0,6ASN.cif.gz,False,1
5IM1,A,A,536,0,5IM1.cif.gz,False,1
5FGN,A,A,536,0,5FGN.cif.gz,True,1
1VCN,A,A,537,0,1VCN.cif.gz,False,1
4DMV,A,A,537,0,4DMV.cif.gz,False,1
5LX8,A,A,539,0,5LX8.cif.gz,True,1
5KEI,A,A,539,0,5KEI.cif.gz,False,1
5KCN,A,A,540,0,5KCN.cif.gz,False,1
1EDQ,A,A,540,0,1EDQ.cif.gz,False,1
1LCI,A,A,541,0,1LCI.cif.gz,False,1
2Z6H,A,A,543,0,2Z6H.cif.gz,False,1
5EZM,A,A,551,0,5EZM.cif.gz,True,1
2YWE,A,A,551,0,2YWE.cif.gz,False,1
4QL0,A,A,552,0,4QL0.cif.gz,True,1
5ERX,A,A,553,0,5ERX.cif.gz,False,1
3GDE,A,A,553,0,3GDE.cif.gz,False,1
4C00,A,A,553,0,4C00.cif.gz,True,1
1QQ1,A,A,554,0,1QQ1.cif.gz,False,1
4E6H,A,A,555,0,4E6H.cif.gz,False,1
2WMF,A,A,555,0,2WMF.cif.gz,False,1
1IAT,A,A,556,0,1IAT.cif.gz,False,1
1M53,A,A,556,0,1M53.cif.gz,False,1
6AGS,A,A,557,0,6AGS.cif.gz,False,1
2B1E,A,A,557,0,2B1E.cif.gz,False,1
6G9P,A,A,557,0,6G9P.cif.gz,False,1
4D8O,A,A,557,0,4D8O.cif.gz,False,1
5XGB,A,A,557,0,5XGB.cif.gz,False,1
1UOK,A,A,558,0,1UOK.cif.gz,False,1
1H7B,A,A,562,0,1H7B.cif.gz,False,1
2XYM,A,A,563,0,2XYM.cif.gz,False,1
5JM7,A,A,563,0,5JM7.cif.gz,False,1
5H3K,A,A,564,0,5H3K.cif.gz,False,1
6MW4,A,A,564,0,6MW4.cif.gz,False,1
5CH3,A,A,566,0,5CH3.cif.gz,False,1
5NDD,A,A,567,0,5NDD.cif.gz,True,1
2PFT,A,A,568,0,2PFT.cif.gz,False,1
5YM0,A,A,570,0,5YM0.cif.gz,False,1
3ZDQ,A,A,570,0,3ZDQ.cif.gz,True,1
3NSM,A,A,572,0,3NSM.cif.gz,False,1
1OGM,A,X,572,0,1OGM.cif.gz,False,1
1VNS,A,A,574,0,1VNS.cif.gz,False,1
3PUI,A,A,574,0,3PUI.cif.gz,False,1
5ICQ,A,A,575,0,5ICQ.cif.gz,False,1
2FH7,A,A,576,0,2FH7.cif.gz,False,1
5O29,A,A,576,0,5O29.cif.gz,False,1
1CIY,A,A,577,0,1CIY.cif.gz,False,1
1DG3,A,A,578,0,1DG3.cif.gz,False,1
5FR0,A,A,579,0,5FR0.cif.gz,False,1
1XWL,A,A,580,0,1XWL.cif.gz,False,1
1C4O,A,A,582,0,1C4O.cif.gz,False,1
6HN1,A,A,583,0,6HN1.cif.gz,False,1
3GF3,A,A,585,0,3GF3.cif.gz,False,1
3OML,A,A,585,0,3OML.cif.gz,False,1
4RM9,A,A,586,0,4RM9.cif.gz,False,1
2NLK,A,A,586,0,2NLK.cif.gz,False,1
2E28,A,A,587,0,2E28.cif.gz,False,1
4D8M,A,A,587,0,4D8M.cif.gz,False,1
6E1Q,A,A,587,0,6E1Q.cif.gz,False,1
6NZS,A,A,587,0,6NZS.cif.gz,False,1
4ZAJ,A,A,588,0,4ZAJ.cif.gz,False,1
1JI6,A,A,589,0,1JI6.cif.gz,False,1
1ZRL,A,A,589,0,1ZRL.cif.gz,False,1
6A6M,A,A,589,0,6A6M.cif.gz,True,1
5JLD,A,A,590,0,5JLD.cif.gz,False,1
2HZ7,A,A,590,0,2HZ7.cif.gz,False,1
2HIV,A,A,590,0,2HIV.cif.gz,False,1
1MW9,A,X,591,0,1MW9.cif.gz,False,1
1IQ0,A,A,592,0,1IQ0.cif.gz,False,1
2GUF,A,A,594,0,2GUF.cif.gz,True,1
5J6Q,A,A,595,0,5J6Q.cif.gz,False,1
2X0P,A,A,596,0,2X0P.cif.gz,False,1
1T1U,A,A,597,0,1T1U.cif.gz,False,1
5YY3,A,A,598,0,5YY3.cif.gz,False,1
1T7N,A,A,599,0,1T7N.cif.gz,False,1
4BBA,A,A,600,0,4BBA.cif.gz,False,1
2BER,A,A,601,0,2BER.cif.gz,False,1
2ET6,A,A,602,0,2ET6.cif.gz,False,1
3WBI,A,A,602,0,3WBI.cif.gz,False,1
4MOA,A,A,602,0,4MOA.cif.gz,False,1
2HS3,A,A,602,0,2HS3.cif.gz,False,1
5LIZ,A,A,603,0,5LIZ.cif.gz,False,1
3GQ9,A,A,604,0,3GQ9.cif.gz,False,1
1IKP,A,A,605,0,1IKP.cif.gz,False,1
4UMW,A,A,607,0,4UMW.cif.gz,True,1
5WO7,A,A,609,0,5WO7.cif.gz,True,1
1UT9,A,A,609,0,1UT9.cif.gz,False,1
1PEV,A,A,610,0,1PEV.cif.gz,False,1
5OHU,A,A,613,0,5OHU.cif.gz,False,1
3G06,A,A,613,0,3G06.cif.gz,False,1
3GRL,A,A,615,0,3GRL.cif.gz,False,1
1AVK,A,A,620,0,1AVK.cif.gz,False,1
2QYU,A,A,620,0,2QYU.cif.gz,False,1
5NDX,A,A,621,0,5NDX.cif.gz,False,1
2WPG,A,A,633,0,2WPG.cif.gz,False,1
3VMN,A,A,633,0,3VMN.cif.gz,False,1
1I5P,A,A,633,0,1I5P.cif.gz,False,1
3LIG,A,A,634,0,3LIG.cif.gz,False,1
1N1S,A,A,634,0,1N1S.cif.gz,False,1
1GJU,A,A,636,0,1GJU.cif.gz,False,1
4CW4,A,A,639,0,4CW4.cif.gz,False,1
1GOG,A,A,639,0,1GOG.cif.gz,False,1
3FHH,A,A,640,0,3FHH.cif.gz,True,1
3LFU,A,A,645,0,3LFU.cif.gz,False,1
4GMO,A,A,651,0,4GMO.cif.gz,False,1
2WSK,A,A,654,0,2WSK.cif.gz,False,1
4XJZ,A,A,658,0,4XJZ.cif.gz,False,1
5YF6,A,A,659,0,5YF6.cif.gz,False,1
3WKW,A,A,659,0,3WKW.cif.gz,False,1
4FNV,A,A,659,0,4FNV.cif.gz,False,1
1KMO,A,A,661,0,1KMO.cif.gz,True,1
1LOX,A,A,662,0,1LOX.cif.gz,True,1
4BYG,A,A,663,0,4BYG.cif.gz,True,1
1XKW,A,A,665,0,1XKW.cif.gz,True,1
6E4V,A,A,672,0,6E4V.cif.gz,True,1
5DQQ,A,A,674,0,5DQQ.cif.gz,True,1
4NRE,A,A,675,0,4NRE.cif.gz,True,1
5I4I,A,A,676,0,5I4I.cif.gz,False,1
6I96,A,A,677,0,6I96.cif.gz,True,1
1SLL,A,A,679,0,1SLL.cif.gz,False,1
3SDB,A,A,680,0,3SDB.cif.gz,False,1
5U47,A,A,684,0,5U47.cif.gz,False,1
4B7O,A,A,685,0,4B7O.cif.gz,True,1
5UJ1,A,A,687,0,5UJ1.cif.gz,False,1
3EFM,A,A,687,0,3EFM.cif.gz,True,1
2D5L,A,A,688,0,2D5L.cif.gz,False,1
4AK1,A,A,688,0,4AK1.cif.gz,False,1
1CB6,A,A,691,0,1CB6.cif.gz,False,1
1BY3,A,A,695,0,1BY3.cif.gz,True,1
1XEZ,A,A,696,0,1XEZ.cif.gz,True,1
2ZJ8,A,A,700,0,2ZJ8.cif.gz,False,1
5FP1,A,A,701,0,5FP1.cif.gz,True,1
6N56,A,A,707,0,6N56.cif.gz,False,1
5M9B,A,A,707,0,5M9B.cif.gz,True,1
3WNU,A,A,710,0,3WNU.cif.gz,False,1
6BPN,A,A,711,0,6BPN.cif.gz,True,1
4FWD,A,A,712,0,4FWD.cif.gz,False,1
6Q4M,A,A,714,0,6Q4M.cif.gz,False,1
4WO8,A,A,716,0,4WO8.cif.gz,False,1
5UBL,A,A,718,0,5UBL.cif.gz,False,1
5H1J,A,A,719,0,5H1J.cif.gz,False,1
1N7O,A,A,721,0,1N7O.cif.gz,False,1
5WX1,A,A,722,0,5WX1.cif.gz,False,1
3K1D,A,A,722,0,3K1D.cif.gz,False,1
5H8P,A,A,724,0,5H8P.cif.gz,False,1
3VMA,A,A,729,0,3VMA.cif.gz,True,1
3BZC,A,A,730,0,3BZC.cif.gz,False,1
5XAP,A,A,732,0,5XAP.cif.gz,True,1
5YHF,A,A,734,0,5YHF.cif.gz,True,1
3WAI,A,A,737,0,3WAI.cif.gz,False,1
4FYE,A,A,739,0,4FYE.cif.gz,False,1
6CA8,A,A,741,0,6CA8.cif.gz,False,1
2NQ5,A,A,742,0,2NQ5.cif.gz,False,1
5AYK,A,A,750,0,5AYK.cif.gz,False,1
1QHT,A,A,750,0,1QHT.cif.gz,False,1
6MVT,A,A,751,0,6MVT.cif.gz,False,1
1X1H,A,A,752,0,1X1H.cif.gz,False,1
4L22,A,A,753,0,4L22.cif.gz,False,1
1RW9,A,A,754,0,1RW9.cif.gz,False,1
1FMV,A,A,758,0,1FMV.cif.gz,False,1
6QZH,A,A,759,0,6QZH.cif.gz,True,1
6OR2,A,A,761,0,6OR2.cif.gz,True,1
3AYF,A,A,761,0,3AYF.cif.gz,True,1
1LNS,A,A,763,0,1LNS.cif.gz,False,1
3PPF,A,A,764,0,3PPF.cif.gz,False,1
4K3B,A,A,772,0,4K3B.cif.gz,True,1
4YE6,A,A,772,0,4YE6.cif.gz,False,1
2PUS,A,A,778,0,2PUS.cif.gz,False,1
1Q8I,A,A,782,0,1Q8I.cif.gz,False,1
2OLS,A,A,789,0,2OLS.cif.gz,False,1
5K6M,A,A,795,0,5K6M.cif.gz,False,1
4MHC,A,A,805,0,4MHC.cif.gz,False,1
1WKB,A,A,807,0,1WKB.cif.gz,False,1
1F1S,A,A,814,0,1F1S.cif.gz,False,1
4RM6,A,A,816,0,4RM6.cif.gz,False,1
5DYL,A,A,817,0,5DYL.cif.gz,False,1
3S4C,A,A,822,0,3S4C.cif.gz,False,1
5VHA,A,A,828,0,5VHA.cif.gz,False,1
6EC7,A,A,841,0,6EC7.cif.gz,False,1
5HM5,A,A,851,0,5HM5.cif.gz,False,1
3WAJ,A,A,854,0,3WAJ.cif.gz,True,1
1QBA,A,A,858,0,1QBA.cif.gz,False,1
3ND2,A,A,861,0,3ND2.cif.gz,False,1
1KBL,A,A,872,0,1KBL.cif.gz,False,1
4FVM,A,A,880,0,4FVM.cif.gz,False,1
5BP1,A,A,884,0,5BP1.cif.gz,False,1
2HNH,A,A,910,0,2HNH.cif.gz,False,1
5WUG,A,A,930,0,5WUG.cif.gz,False,1
6AJG,A,A,934,0,6AJG.cif.gz,True,1
3TG7,A,A,940,0,3TG7.cif.gz,False,1
5DKX,A,A,949,0,5DKX.cif.gz,False,1
1E8Y,A,A,950,0,1E8Y.cif.gz,False,1
3SYJ,A,A,951,0,3SYJ.cif.gz,False,1
4OM9,A,A,962,0,4OM9.cif.gz,False,1
3SZE,A,A,968,0,3SZE.cif.gz,True,1
3VYC,A,A,987,0,3VYC.cif.gz,False,1
1SU4,A,A,994,0,1SU4.cif.gz,True,1
1HN0,A,A,997,0,1HN0.cif.gz,False,1
1T9X,A,A,1030,0,1T9X.cif.gz,True,1
3K07,A,A,1036,0,3K07.cif.gz,True,1
1WXR,A,A,1048,0,1WXR.cif.gz,True,1
5TJ6,A,A,1052,0,5TJ6.cif.gz,True,1
6MG8,A,A,1086,0,6MG8.cif.gz,True,1
2PO4,A,A,1094,0,2PO4.cif.gz,False,1
5U70,A,A,1103,0,5U70.cif.gz,True,1
6JB3,A,B,1112,0,6JB3.cif.gz,True,1
3S5I,A,A,1137,0,3S5I.cif.gz,False,1
3E0C,A,A,1139,0,3E0C.cif.gz,False,1
6S7P,A,A,1210,0,6S7P.cif.gz,True,1
6BYO,A,A,1357,0,6BYO.cif.gz,True,1
5W81,A,A,1458,0,5W81.cif.gz,True,1
6KZP,A,A,1623,0,6KZP.cif.gz,True,1
